audio_id,actor_id,intensity,true_label,true_id,pred_label,pred_id,p_ang,p_hap,p_sad,p_neu
1001_DFA_ANG_XX,1001,unspecified,anger,0,anger,0,0.9657,0.0145,0.0001,0.0197
1001_DFA_DIS_XX,1001,unspecified,anger,0,satisfaction,4,0.2236,0.6068,0.0254,0.1442
1001_DFA_HAP_XX,1001,unspecified,satisfaction,4,anger,0,0.9151,0.0684,0.0004,0.0162
1001_DFA_NEU_XX,1001,unspecified,neutral,3,anger,0,0.4066,0.1635,0.0246,0.4053
1001_DFA_SAD_XX,1001,unspecified,sadness,2,satisfaction,4,0.0469,0.4943,0.2473,0.2115
1001_IEO_ANG_HI,1001,high,anger,0,anger,0,0.8366,0.1563,0.0006,0.0065
1001_IEO_ANG_LO,1001,low,anger,0,satisfaction,4,0.0232,0.4946,0.0415,0.4407
1001_IEO_ANG_MD,1001,medium,anger,0,anger,0,0.5347,0.3426,0.011,0.1117
1001_IEO_DIS_HI,1001,high,anger,0,anger,0,0.5128,0.4551,0.003,0.0291
1001_IEO_DIS_LO,1001,low,anger,0,satisfaction,4,0.009,0.5312,0.2149,0.2449
1001_IEO_DIS_MD,1001,medium,anger,0,satisfaction,4,0.1377,0.5923,0.1064,0.1636
1001_IEO_HAP_HI,1001,high,satisfaction,4,anger,0,0.8144,0.1836,0.0002,0.0017
1001_IEO_HAP_LO,1001,low,satisfaction,4,satisfaction,4,0.0869,0.4706,0.0168,0.4257
1001_IEO_HAP_MD,1001,medium,satisfaction,4,anger,0,0.6989,0.1597,0.0026,0.1388
1001_IEO_NEU_XX,1001,unspecified,neutral,3,satisfaction,4,0.0075,0.493,0.013,0.4865
1001_IEO_SAD_HI,1001,high,sadness,2,satisfaction,4,0.0065,0.6698,0.1857,0.138
1001_IEO_SAD_LO,1001,low,sadness,2,neutral,3,0.0014,0.1745,0.3271,0.497
1001_IEO_SAD_MD,1001,medium,sadness,2,sadness,2,0.0019,0.3542,0.3711,0.2729
1001_IOM_ANG_XX,1001,unspecified,anger,0,sadness,2,0.039,0.371,0.4006,0.1893
1001_IOM_DIS_XX,1001,unspecified,anger,0,satisfaction,4,0.0132,0.6398,0.1765,0.1705
1001_IOM_HAP_XX,1001,unspecified,satisfaction,4,anger,0,0.5037,0.3116,0.0264,0.1583
1001_IOM_NEU_XX,1001,unspecified,neutral,3,satisfaction,4,0.0917,0.3734,0.1759,0.3591
1001_IOM_SAD_XX,1001,unspecified,sadness,2,sadness,2,0.0171,0.1372,0.559,0.2866
1001_ITH_ANG_XX,1001,unspecified,anger,0,anger,0,0.7612,0.2045,0.0084,0.026
1001_ITH_DIS_XX,1001,unspecified,anger,0,sadness,2,0.1276,0.3481,0.4472,0.0771
1001_ITH_HAP_XX,1001,unspecified,satisfaction,4,anger,0,0.8062,0.1001,0.0074,0.0863
1001_ITH_NEU_XX,1001,unspecified,neutral,3,neutral,3,0.0831,0.3649,0.1033,0.4486
1001_ITH_SAD_XX,1001,unspecified,sadness,2,satisfaction,4,0.0026,0.4631,0.3307,0.2036
1001_ITS_ANG_XX,1001,unspecified,anger,0,anger,0,0.9146,0.0702,0.002,0.0133
1001_ITS_DIS_XX,1001,unspecified,anger,0,satisfaction,4,0.3583,0.4064,0.1003,0.1349
1001_ITS_HAP_XX,1001,unspecified,satisfaction,4,anger,0,0.9341,0.0589,0.0014,0.0057
1001_ITS_NEU_XX,1001,unspecified,neutral,3,satisfaction,4,0.1417,0.4114,0.0699,0.3771
1001_ITS_SAD_XX,1001,unspecified,sadness,2,neutral,3,0.004,0.3206,0.3057,0.3697
1001_IWL_ANG_XX,1001,unspecified,anger,0,anger,0,0.5255,0.3536,0.0107,0.1102
1001_IWL_DIS_XX,1001,unspecified,anger,0,satisfaction,4,0.2016,0.6158,0.0446,0.1381
1001_IWL_HAP_XX,1001,unspecified,satisfaction,4,anger,0,0.8507,0.1121,0.0046,0.0326
1001_IWL_NEU_XX,1001,unspecified,neutral,3,neutral,3,0.1599,0.3429,0.0398,0.4574
1001_IWL_SAD_XX,1001,unspecified,sadness,2,neutral,3,0.0188,0.2275,0.3741,0.3796
1001_IWW_ANG_XX,1001,unspecified,anger,0,satisfaction,4,0.3299,0.4081,0.1194,0.1426
1001_IWW_DIS_XX,1001,unspecified,anger,0,satisfaction,4,0.0143,0.4906,0.0438,0.4513
1001_IWW_HAP_XX,1001,unspecified,satisfaction,4,neutral,3,0.2013,0.2952,0.0582,0.4453
1001_IWW_NEU_XX,1001,unspecified,neutral,3,neutral,3,0.1216,0.1552,0.095,0.6282
1001_IWW_SAD_XX,1001,unspecified,sadness,2,sadness,2,0.0048,0.1602,0.5402,0.2948
1001_MTI_ANG_XX,1001,unspecified,anger,0,anger,0,0.4999,0.1805,0.2039,0.1156
1001_MTI_DIS_XX,1001,unspecified,anger,0,sadness,2,0.1027,0.3386,0.3763,0.1823
1001_MTI_HAP_XX,1001,unspecified,satisfaction,4,satisfaction,4,0.4101,0.4774,0.0745,0.038
1001_MTI_NEU_XX,1001,unspecified,neutral,3,neutral,3,0.1127,0.1529,0.0892,0.6452
1001_MTI_SAD_XX,1001,unspecified,sadness,2,sadness,2,0.0088,0.0902,0.7194,0.1816
1001_TAI_ANG_XX,1001,unspecified,anger,0,anger,0,0.8398,0.135,0.0095,0.0157
1001_TAI_DIS_XX,1001,unspecified,anger,0,satisfaction,4,0.2088,0.5281,0.1794,0.0838
1001_TAI_HAP_XX,1001,unspecified,satisfaction,4,satisfaction,4,0.4018,0.4438,0.0917,0.0627
1001_TAI_NEU_XX,1001,unspecified,neutral,3,satisfaction,4,0.1622,0.3989,0.1475,0.2914
1001_TAI_SAD_XX,1001,unspecified,sadness,2,sadness,2,0.0058,0.2669,0.6616,0.0657
1001_TIE_ANG_XX,1001,unspecified,anger,0,anger,0,0.9165,0.0513,0.0133,0.0189
1001_TIE_DIS_XX,1001,unspecified,anger,0,anger,0,0.7312,0.1339,0.0337,0.1012
1001_TIE_HAP_XX,1001,unspecified,satisfaction,4,anger,0,0.9439,0.0537,0.0006,0.0019
1001_TIE_NEU_XX,1001,unspecified,neutral,3,neutral,3,0.108,0.1788,0.0695,0.6436
1001_TIE_SAD_XX,1001,unspecified,sadness,2,satisfaction,4,0.0028,0.5895,0.2774,0.1303
1001_TSI_ANG_XX,1001,unspecified,anger,0,anger,0,0.9609,0.0236,0.0002,0.0153
1001_TSI_DIS_XX,1001,unspecified,anger,0,satisfaction,4,0.092,0.6921,0.1382,0.0777
1001_TSI_HAP_XX,1001,unspecified,satisfaction,4,satisfaction,4,0.4405,0.4843,0.012,0.0632
1001_TSI_NEU_XX,1001,unspecified,neutral,3,neutral,3,0.0723,0.3379,0.0198,0.57
1001_TSI_SAD_XX,1001,unspecified,sadness,2,satisfaction,4,0.0071,0.382,0.2291,0.3818
1001_WSI_ANG_XX,1001,unspecified,anger,0,anger,0,0.9709,0.0229,0.0028,0.0034
1001_WSI_DIS_XX,1001,unspecified,anger,0,anger,0,0.3315,0.2298,0.1581,0.2805
1001_WSI_HAP_XX,1001,unspecified,satisfaction,4,satisfaction,4,0.4065,0.5562,0.0125,0.0248
1001_WSI_NEU_XX,1001,unspecified,neutral,3,sadness,2,0.0675,0.2634,0.3523,0.3169
1001_WSI_SAD_XX,1001,unspecified,sadness,2,sadness,2,0.0127,0.1771,0.7503,0.0599
1002_DFA_ANG_XX,1002,unspecified,anger,0,anger,0,0.9685,0.0311,0.0,0.0004
1002_DFA_DIS_XX,1002,unspecified,anger,0,satisfaction,4,0.2683,0.4911,0.0233,0.2174
1002_DFA_HAP_XX,1002,unspecified,satisfaction,4,anger,0,0.7102,0.2437,0.0097,0.0364
1002_DFA_NEU_XX,1002,unspecified,neutral,3,anger,0,0.3943,0.1686,0.166,0.2711
1002_DFA_SAD_XX,1002,unspecified,sadness,2,neutral,3,0.0416,0.2313,0.115,0.6121
1002_IEO_ANG_HI,1002,high,anger,0,anger,0,0.8383,0.1465,0.0021,0.0132
1002_IEO_ANG_LO,1002,low,anger,0,anger,0,0.9704,0.0215,0.0012,0.0068
1002_IEO_ANG_MD,1002,medium,anger,0,anger,0,0.9635,0.0353,0.0003,0.0009
1002_IEO_DIS_HI,1002,high,anger,0,neutral,3,0.0055,0.4449,0.03,0.5196
1002_IEO_DIS_LO,1002,low,anger,0,satisfaction,4,0.215,0.6197,0.0305,0.1348
1002_IEO_DIS_MD,1002,medium,anger,0,satisfaction,4,0.251,0.7339,0.0052,0.0099
1002_IEO_HAP_HI,1002,high,satisfaction,4,satisfaction,4,0.0899,0.7914,0.054,0.0647
1002_IEO_HAP_LO,1002,low,satisfaction,4,satisfaction,4,0.0895,0.6139,0.1062,0.1904
1002_IEO_HAP_MD,1002,medium,satisfaction,4,satisfaction,4,0.0592,0.8136,0.035,0.0923
1002_IEO_NEU_XX,1002,unspecified,neutral,3,neutral,3,0.1165,0.3776,0.1196,0.3863
1002_IEO_SAD_HI,1002,high,sadness,2,neutral,3,0.0186,0.2858,0.0466,0.649
1002_IEO_SAD_LO,1002,low,sadness,2,neutral,3,0.0088,0.3913,0.1888,0.411
1002_IEO_SAD_MD,1002,medium,sadness,2,satisfaction,4,0.0209,0.6023,0.0542,0.3226
1002_IOM_ANG_XX,1002,unspecified,anger,0,anger,0,0.9677,0.0242,0.0073,0.0008
1002_IOM_DIS_XX,1002,unspecified,anger,0,satisfaction,4,0.0498,0.5986,0.0361,0.3155
1002_IOM_HAP_XX,1002,unspecified,satisfaction,4,anger,0,0.5804,0.3165,0.0176,0.0856
1002_IOM_NEU_XX,1002,unspecified,neutral,3,neutral,3,0.2725,0.1167,0.0965,0.5143
1002_IOM_SAD_XX,1002,unspecified,sadness,2,neutral,3,0.1541,0.3799,0.0426,0.4234
1002_ITH_ANG_XX,1002,unspecified,anger,0,anger,0,0.9437,0.0426,0.0043,0.0095
1002_ITH_DIS_XX,1002,unspecified,anger,0,satisfaction,4,0.1719,0.5949,0.068,0.1652
1002_ITH_HAP_XX,1002,unspecified,satisfaction,4,anger,0,0.8136,0.1272,0.0082,0.051
1002_ITH_NEU_XX,1002,unspecified,neutral,3,neutral,3,0.1296,0.1929,0.1355,0.5419
1002_ITH_SAD_XX,1002,unspecified,sadness,2,sadness,2,0.0157,0.1908,0.5281,0.2655
1002_ITS_ANG_XX,1002,unspecified,anger,0,satisfaction,4,0.0863,0.5109,0.2372,0.1656
1002_ITS_DIS_XX,1002,unspecified,anger,0,satisfaction,4,0.0249,0.552,0.0759,0.3472
1002_ITS_HAP_XX,1002,unspecified,satisfaction,4,anger,0,0.7196,0.2038,0.0246,0.0519
1002_ITS_NEU_XX,1002,unspecified,neutral,3,satisfaction,4,0.1236,0.4083,0.1513,0.3168
1002_ITS_SAD_XX,1002,unspecified,sadness,2,sadness,2,0.0075,0.1461,0.4858,0.3606
1002_IWL_ANG_XX,1002,unspecified,anger,0,anger,0,0.7249,0.1302,0.0045,0.1404
1002_IWL_DIS_XX,1002,unspecified,anger,0,satisfaction,4,0.0796,0.4606,0.4216,0.0382
1002_IWL_HAP_XX,1002,unspecified,satisfaction,4,anger,0,0.4585,0.4053,0.0165,0.1198
1002_IWL_NEU_XX,1002,unspecified,neutral,3,neutral,3,0.0599,0.1224,0.0822,0.7354
1002_IWL_SAD_XX,1002,unspecified,sadness,2,satisfaction,4,0.0062,0.4489,0.4135,0.1314
1002_IWW_ANG_XX,1002,unspecified,anger,0,anger,0,0.9649,0.0192,0.0018,0.0141
1002_IWW_DIS_XX,1002,unspecified,anger,0,satisfaction,4,0.3347,0.5325,0.0277,0.1051
1002_IWW_HAP_XX,1002,unspecified,satisfaction,4,anger,0,0.6468,0.303,0.0192,0.031
1002_IWW_NEU_XX,1002,unspecified,neutral,3,neutral,3,0.1913,0.1271,0.2619,0.4197
1002_IWW_SAD_XX,1002,unspecified,sadness,2,sadness,2,0.0105,0.1564,0.5825,0.2507
1002_MTI_ANG_XX,1002,unspecified,anger,0,anger,0,0.69,0.0765,0.0913,0.1422
1002_MTI_DIS_XX,1002,unspecified,anger,0,anger,0,0.3956,0.2858,0.2921,0.0265
1002_MTI_HAP_XX,1002,unspecified,satisfaction,4,anger,0,0.6047,0.1107,0.2569,0.0277
1002_MTI_NEU_XX,1002,unspecified,neutral,3,sadness,2,0.1447,0.0818,0.5663,0.2072
1002_MTI_SAD_XX,1002,unspecified,sadness,2,sadness,2,0.0166,0.1254,0.6604,0.1976
1002_TAI_ANG_XX,1002,unspecified,anger,0,anger,0,0.9178,0.0752,0.0033,0.0037
1002_TAI_DIS_XX,1002,unspecified,anger,0,anger,0,0.6895,0.2255,0.0353,0.0498
1002_TAI_HAP_XX,1002,unspecified,satisfaction,4,anger,0,0.8362,0.1473,0.0118,0.0048
1002_TAI_NEU_XX,1002,unspecified,neutral,3,neutral,3,0.0802,0.2745,0.2212,0.4241
1002_TAI_SAD_XX,1002,unspecified,sadness,2,sadness,2,0.0074,0.1986,0.7542,0.0397
1002_TIE_ANG_XX,1002,unspecified,anger,0,anger,0,0.9999,0.0001,0.0,0.0
1002_TIE_DIS_XX,1002,unspecified,anger,0,satisfaction,4,0.2325,0.5616,0.0882,0.1177
1002_TIE_HAP_XX,1002,unspecified,satisfaction,4,anger,0,0.9894,0.0103,0.0003,0.0001
1002_TIE_SAD_XX,1002,unspecified,sadness,2,anger,0,0.7983,0.1339,0.0351,0.0327
1002_TSI_ANG_XX,1002,unspecified,anger,0,satisfaction,4,0.29,0.6167,0.0161,0.0772
1002_TSI_DIS_XX,1002,unspecified,anger,0,anger,0,0.5692,0.416,0.0005,0.0142
1002_TSI_HAP_XX,1002,unspecified,satisfaction,4,anger,0,0.7871,0.1708,0.0016,0.0406
1002_TSI_NEU_XX,1002,unspecified,neutral,3,satisfaction,4,0.0247,0.5443,0.1971,0.2339
1002_TSI_SAD_XX,1002,unspecified,sadness,2,sadness,2,0.0015,0.298,0.5185,0.182
1002_WSI_ANG_XX,1002,unspecified,anger,0,anger,0,0.9915,0.0078,0.0003,0.0003
1002_WSI_DIS_XX,1002,unspecified,anger,0,anger,0,0.9112,0.0808,0.0034,0.0046
1002_WSI_HAP_XX,1002,unspecified,satisfaction,4,anger,0,0.851,0.1039,0.0061,0.039
1002_WSI_NEU_XX,1002,unspecified,neutral,3,neutral,3,0.1456,0.1974,0.2968,0.3602
1002_WSI_SAD_XX,1002,unspecified,sadness,2,sadness,2,0.0345,0.0991,0.4701,0.3962
1003_DFA_ANG_XX,1003,unspecified,anger,0,anger,0,0.9939,0.006,0.0001,0.0001
1003_DFA_DIS_XX,1003,unspecified,anger,0,neutral,3,0.0548,0.1722,0.1741,0.5989
1003_DFA_HAP_XX,1003,unspecified,satisfaction,4,satisfaction,4,0.2029,0.4672,0.099,0.2309
1003_DFA_NEU_XX,1003,unspecified,neutral,3,anger,0,0.3807,0.2173,0.0828,0.3191
1003_DFA_SAD_XX,1003,unspecified,sadness,2,neutral,3,0.0102,0.1709,0.2513,0.5676
1003_IEO_ANG_HI,1003,high,anger,0,anger,0,0.9955,0.0043,0.0,0.0001
1003_IEO_ANG_LO,1003,low,anger,0,anger,0,0.7042,0.2535,0.0113,0.031
1003_IEO_ANG_MD,1003,medium,anger,0,anger,0,0.9974,0.0025,0.0,0.0001
1003_IEO_DIS_HI,1003,high,anger,0,satisfaction,4,0.2295,0.6549,0.0261,0.0895
1003_IEO_DIS_LO,1003,low,anger,0,satisfaction,4,0.0015,0.4354,0.281,0.2821
1003_IEO_DIS_MD,1003,medium,anger,0,sadness,2,0.0034,0.4155,0.4908,0.0903
1003_IEO_HAP_HI,1003,high,satisfaction,4,satisfaction,4,0.0188,0.9476,0.0176,0.016
1003_IEO_HAP_LO,1003,low,satisfaction,4,satisfaction,4,0.0433,0.7541,0.0178,0.1848
1003_IEO_HAP_MD,1003,medium,satisfaction,4,satisfaction,4,0.0098,0.8928,0.0497,0.0476
1003_IEO_NEU_XX,1003,unspecified,neutral,3,satisfaction,4,0.0307,0.6074,0.0596,0.3024
1003_IEO_SAD_HI,1003,high,sadness,2,satisfaction,4,0.0096,0.4729,0.0966,0.4209
1003_IEO_SAD_LO,1003,low,sadness,2,sadness,2,0.0014,0.2156,0.5112,0.2717
1003_IEO_SAD_MD,1003,medium,sadness,2,satisfaction,4,0.0188,0.5802,0.1646,0.2364
1003_IOM_ANG_XX,1003,unspecified,anger,0,anger,0,0.9768,0.0222,0.0007,0.0003
1003_IOM_DIS_XX,1003,unspecified,anger,0,satisfaction,4,0.1032,0.5625,0.1472,0.1871
1003_IOM_HAP_XX,1003,unspecified,satisfaction,4,neutral,3,0.1897,0.3342,0.0281,0.448
1003_IOM_NEU_XX,1003,unspecified,neutral,3,satisfaction,4,0.204,0.4667,0.1569,0.1723
1003_IOM_SAD_XX,1003,unspecified,sadness,2,neutral,3,0.0061,0.1513,0.3178,0.5248
1003_ITH_ANG_XX,1003,unspecified,anger,0,anger,0,0.9567,0.0377,0.0044,0.0011
1003_ITH_DIS_XX,1003,unspecified,anger,0,sadness,2,0.0029,0.2235,0.5291,0.2444
1003_ITH_HAP_XX,1003,unspecified,satisfaction,4,anger,0,0.4262,0.276,0.1212,0.1766
1003_ITH_NEU_XX,1003,unspecified,neutral,3,neutral,3,0.0803,0.1473,0.2917,0.4807
1003_ITH_SAD_XX,1003,unspecified,sadness,2,sadness,2,0.0059,0.084,0.7669,0.1431
1003_ITS_ANG_XX,1003,unspecified,anger,0,anger,0,0.9956,0.0036,0.0007,0.0001
1003_ITS_DIS_XX,1003,unspecified,anger,0,satisfaction,4,0.0206,0.4662,0.2482,0.265
1003_ITS_HAP_XX,1003,unspecified,satisfaction,4,sadness,2,0.0747,0.4053,0.4532,0.0668
1003_ITS_NEU_XX,1003,unspecified,neutral,3,satisfaction,4,0.1743,0.4044,0.1602,0.2611
1003_ITS_SAD_XX,1003,unspecified,sadness,2,sadness,2,0.0023,0.2608,0.681,0.0559
1003_IWL_ANG_XX,1003,unspecified,anger,0,anger,0,0.9823,0.0174,0.0001,0.0002
1003_IWL_DIS_XX,1003,unspecified,anger,0,satisfaction,4,0.0069,0.6045,0.1351,0.2534
1003_IWL_HAP_XX,1003,unspecified,satisfaction,4,satisfaction,4,0.0191,0.8496,0.1013,0.03
1003_IWL_NEU_XX,1003,unspecified,neutral,3,satisfaction,4,0.2148,0.3907,0.0844,0.3101
1003_IWL_SAD_XX,1003,unspecified,sadness,2,sadness,2,0.0041,0.3186,0.5304,0.1469
1003_IWW_ANG_XX,1003,unspecified,anger,0,anger,0,0.9791,0.0179,0.0004,0.0026
1003_IWW_DIS_XX,1003,unspecified,anger,0,sadness,2,0.0014,0.352,0.4999,0.1467
1003_IWW_HAP_XX,1003,unspecified,satisfaction,4,satisfaction,4,0.281,0.6366,0.0248,0.0575
1003_IWW_NEU_XX,1003,unspecified,neutral,3,neutral,3,0.1392,0.2265,0.0794,0.555
1003_IWW_SAD_XX,1003,unspecified,sadness,2,sadness,2,0.0026,0.064,0.6151,0.3183
1003_MTI_ANG_XX,1003,unspecified,anger,0,anger,0,0.9014,0.0465,0.0499,0.0023
1003_MTI_DIS_XX,1003,unspecified,anger,0,sadness,2,0.0174,0.1428,0.7201,0.1198
1003_MTI_HAP_XX,1003,unspecified,satisfaction,4,sadness,2,0.3201,0.1009,0.4595,0.1196
1003_MTI_NEU_XX,1003,unspecified,neutral,3,sadness,2,0.1905,0.1264,0.3492,0.334
1003_MTI_SAD_XX,1003,unspecified,sadness,2,sadness,2,0.026,0.0818,0.7543,0.138
1003_TAI_ANG_XX,1003,unspecified,anger,0,anger,0,0.9571,0.0423,0.0005,0.0001
1003_TAI_DIS_XX,1003,unspecified,anger,0,satisfaction,4,0.0192,0.6705,0.1874,0.1228
1003_TAI_HAP_XX,1003,unspecified,satisfaction,4,satisfaction,4,0.0117,0.8637,0.1219,0.0028
1003_TAI_NEU_XX,1003,unspecified,neutral,3,satisfaction,4,0.1955,0.5084,0.0904,0.2057
1003_TAI_SAD_XX,1003,unspecified,sadness,2,sadness,2,0.0146,0.3502,0.5135,0.1217
1003_TIE_ANG_XX,1003,unspecified,anger,0,anger,0,0.999,0.0009,0.0001,0.0
1003_TIE_DIS_XX,1003,unspecified,anger,0,satisfaction,4,0.2842,0.2976,0.2326,0.1856
1003_TIE_HAP_XX,1003,unspecified,satisfaction,4,anger,0,0.3902,0.3502,0.0202,0.2394
1003_TIE_NEU_XX,1003,unspecified,neutral,3,neutral,3,0.2956,0.2334,0.0809,0.3901
1003_TIE_SAD_XX,1003,unspecified,sadness,2,sadness,2,0.0354,0.2147,0.584,0.1658
1003_TSI_ANG_XX,1003,unspecified,anger,0,anger,0,0.8782,0.1153,0.0022,0.0043
1003_TSI_DIS_XX,1003,unspecified,anger,0,satisfaction,4,0.0446,0.614,0.1286,0.2128
1003_TSI_HAP_XX,1003,unspecified,satisfaction,4,satisfaction,4,0.0191,0.5672,0.3397,0.074
1003_TSI_NEU_XX,1003,unspecified,neutral,3,neutral,3,0.0823,0.3344,0.1116,0.4717
1003_TSI_SAD_XX,1003,unspecified,sadness,2,sadness,2,0.0022,0.1576,0.7348,0.1054
1003_WSI_ANG_XX,1003,unspecified,anger,0,anger,0,0.996,0.0039,0.0,0.0
1003_WSI_DIS_XX,1003,unspecified,anger,0,satisfaction,4,0.0762,0.3981,0.3415,0.1842
1003_WSI_HAP_XX,1003,unspecified,satisfaction,4,satisfaction,4,0.1512,0.5919,0.2278,0.029
1003_WSI_NEU_XX,1003,unspecified,neutral,3,anger,0,0.702,0.1109,0.0506,0.1364
1003_WSI_SAD_XX,1003,unspecified,sadness,2,sadness,2,0.0128,0.201,0.6444,0.1418
1004_DFA_ANG_XX,1004,unspecified,anger,0,anger,0,0.9991,0.0008,0.0,0.0001
1004_DFA_DIS_XX,1004,unspecified,anger,0,anger,0,0.4037,0.3072,0.048,0.2412
1004_DFA_HAP_XX,1004,unspecified,satisfaction,4,anger,0,0.7516,0.0863,0.0099,0.1522
1004_DFA_NEU_XX,1004,unspecified,neutral,3,anger,0,0.9756,0.0054,0.0007,0.0182
1004_DFA_SAD_XX,1004,unspecified,sadness,2,neutral,3,0.1792,0.2439,0.1417,0.4352
1004_IEO_ANG_HI,1004,high,anger,0,anger,0,0.8694,0.13,0.0001,0.0005
1004_IEO_ANG_LO,1004,low,anger,0,anger,0,0.9949,0.0047,0.0001,0.0003
1004_IEO_ANG_MD,1004,medium,anger,0,anger,0,0.9967,0.0032,0.0,0.0001
1004_IEO_DIS_HI,1004,high,anger,0,satisfaction,4,0.0216,0.6289,0.1092,0.2403
1004_IEO_DIS_LO,1004,low,anger,0,satisfaction,4,0.0392,0.3902,0.2056,0.365
1004_IEO_DIS_MD,1004,medium,anger,0,satisfaction,4,0.2077,0.4775,0.0638,0.251
1004_IEO_HAP_HI,1004,high,satisfaction,4,anger,0,0.7646,0.2348,0.0001,0.0004
1004_IEO_HAP_LO,1004,low,satisfaction,4,satisfaction,4,0.0166,0.589,0.0614,0.333
1004_IEO_HAP_MD,1004,medium,satisfaction,4,anger,0,0.6643,0.2194,0.001,0.1154
1004_IEO_NEU_XX,1004,unspecified,neutral,3,satisfaction,4,0.2295,0.3816,0.0438,0.3451
1004_IEO_SAD_HI,1004,high,sadness,2,satisfaction,4,0.0279,0.5279,0.203,0.2411
1004_IEO_SAD_LO,1004,low,sadness,2,satisfaction,4,0.0017,0.7346,0.1818,0.0818
1004_IEO_SAD_MD,1004,medium,sadness,2,satisfaction,4,0.0099,0.4909,0.1746,0.3246
1004_IOM_ANG_XX,1004,unspecified,anger,0,anger,0,0.9986,0.0008,0.0001,0.0005
1004_IOM_DIS_XX,1004,unspecified,anger,0,satisfaction,4,0.0551,0.4627,0.1652,0.317
1004_IOM_HAP_XX,1004,unspecified,satisfaction,4,satisfaction,4,0.2658,0.5924,0.0366,0.1052
1004_IOM_NEU_XX,1004,unspecified,neutral,3,neutral,3,0.2202,0.1649,0.0634,0.5515
1004_IOM_SAD_XX,1004,unspecified,sadness,2,neutral,3,0.0739,0.1016,0.1345,0.69
1004_ITH_ANG_XX,1004,unspecified,anger,0,anger,0,0.9982,0.0013,0.0001,0.0005
1004_ITH_DIS_XX,1004,unspecified,anger,0,satisfaction,4,0.026,0.5364,0.2327,0.2049
1004_ITH_HAP_XX,1004,unspecified,satisfaction,4,anger,0,0.4995,0.3912,0.058,0.0513
1004_ITH_NEU_XX,1004,unspecified,neutral,3,neutral,3,0.1402,0.1753,0.12,0.5645
1004_ITH_SAD_XX,1004,unspecified,sadness,2,neutral,3,0.0201,0.2864,0.2072,0.4862
1004_ITS_ANG_XX,1004,unspecified,anger,0,anger,0,0.9697,0.0268,0.0007,0.0029
1004_ITS_DIS_XX,1004,unspecified,anger,0,satisfaction,4,0.0301,0.6957,0.0354,0.2387
1004_ITS_HAP_XX,1004,unspecified,satisfaction,4,anger,0,0.783,0.1527,0.0109,0.0534
1004_ITS_NEU_XX,1004,unspecified,neutral,3,anger,0,0.6256,0.1144,0.0391,0.221
1004_ITS_SAD_XX,1004,unspecified,sadness,2,sadness,2,0.0045,0.1095,0.8376,0.0485
1004_IWL_ANG_XX,1004,unspecified,anger,0,anger,0,0.9967,0.0029,0.0,0.0003
1004_IWL_DIS_XX,1004,unspecified,anger,0,satisfaction,4,0.0337,0.8141,0.0113,0.1409
1004_IWL_HAP_XX,1004,unspecified,satisfaction,4,satisfaction,4,0.2994,0.4117,0.0126,0.2763
1004_IWL_NEU_XX,1004,unspecified,neutral,3,anger,0,0.4255,0.2226,0.0253,0.3266
1004_IWL_SAD_XX,1004,unspecified,sadness,2,satisfaction,4,0.1244,0.5851,0.1291,0.1614
1004_IWW_ANG_XX,1004,unspecified,anger,0,anger,0,0.9915,0.0049,0.0006,0.003
1004_IWW_DIS_XX,1004,unspecified,anger,0,sadness,2,0.0758,0.2118,0.4444,0.2681
1004_IWW_HAP_XX,1004,unspecified,satisfaction,4,satisfaction,4,0.022,0.8109,0.0818,0.0853
1004_IWW_NEU_XX,1004,unspecified,neutral,3,neutral,3,0.3765,0.1184,0.0579,0.4471
1004_IWW_SAD_XX,1004,unspecified,sadness,2,sadness,2,0.0249,0.08,0.7506,0.1445
1004_MTI_ANG_XX,1004,unspecified,anger,0,anger,0,0.9955,0.0018,0.0008,0.002
1004_MTI_DIS_XX,1004,unspecified,anger,0,sadness,2,0.1264,0.1477,0.4563,0.2696
1004_MTI_HAP_XX,1004,unspecified,satisfaction,4,neutral,3,0.2554,0.1275,0.2297,0.3875
1004_MTI_NEU_XX,1004,unspecified,neutral,3,anger,0,0.5518,0.0922,0.1638,0.1922
1004_MTI_SAD_XX,1004,unspecified,sadness,2,satisfaction,4,0.0642,0.4197,0.1508,0.3654
1004_TAI_ANG_XX,1004,unspecified,anger,0,anger,0,0.9841,0.0109,0.0003,0.0046
1004_TAI_DIS_XX,1004,unspecified,anger,0,satisfaction,4,0.2202,0.383,0.0408,0.356
1004_TAI_HAP_XX,1004,unspecified,satisfaction,4,satisfaction,4,0.3117,0.6253,0.0428,0.0202
1004_TAI_NEU_XX,1004,unspecified,neutral,3,satisfaction,4,0.1054,0.4139,0.197,0.2837
1004_TAI_SAD_XX,1004,unspecified,sadness,2,sadness,2,0.009,0.4411,0.5094,0.0405
1004_TIE_ANG_XX,1004,unspecified,anger,0,anger,0,1.0,0.0,0.0,0.0
1004_TIE_DIS_XX,1004,unspecified,anger,0,anger,0,0.3175,0.285,0.2003,0.1972
1004_TIE_HAP_XX,1004,unspecified,satisfaction,4,anger,0,0.9958,0.003,0.0001,0.0011
1004_TIE_NEU_XX,1004,unspecified,neutral,3,neutral,3,0.1437,0.3275,0.0383,0.4905
1004_TIE_SAD_XX,1004,unspecified,sadness,2,sadness,2,0.0106,0.2426,0.5047,0.2422
1004_TSI_ANG_XX,1004,unspecified,anger,0,anger,0,0.9815,0.0177,0.0001,0.0007
1004_TSI_DIS_XX,1004,unspecified,anger,0,satisfaction,4,0.0288,0.8957,0.0262,0.0493
1004_TSI_HAP_XX,1004,unspecified,satisfaction,4,satisfaction,4,0.1972,0.7463,0.0071,0.0495
1004_TSI_NEU_XX,1004,unspecified,neutral,3,neutral,3,0.2949,0.3061,0.0013,0.3978
1004_TSI_SAD_XX,1004,unspecified,sadness,2,sadness,2,0.0028,0.1932,0.6794,0.1247
1004_WSI_ANG_XX,1004,unspecified,anger,0,anger,0,0.9984,0.0012,0.0,0.0003
1004_WSI_DIS_XX,1004,unspecified,anger,0,satisfaction,4,0.1753,0.4707,0.0911,0.263
1004_WSI_HAP_XX,1004,unspecified,satisfaction,4,anger,0,0.7793,0.173,0.0243,0.0234
1004_WSI_NEU_XX,1004,unspecified,neutral,3,anger,0,0.8521,0.0308,0.0146,0.1025
1004_WSI_SAD_XX,1004,unspecified,sadness,2,satisfaction,4,0.0497,0.5596,0.3181,0.0726
1005_DFA_ANG_XX,1005,unspecified,anger,0,anger,0,0.9351,0.0613,0.0004,0.0032
1005_DFA_DIS_XX,1005,unspecified,anger,0,satisfaction,4,0.1482,0.6572,0.1023,0.0922
1005_DFA_HAP_XX,1005,unspecified,satisfaction,4,anger,0,0.5615,0.423,0.0016,0.014
1005_DFA_NEU_XX,1005,unspecified,neutral,3,neutral,3,0.1382,0.1641,0.1733,0.5244
1005_DFA_SAD_XX,1005,unspecified,sadness,2,neutral,3,0.1097,0.2137,0.1113,0.5653
1005_IEO_ANG_HI,1005,high,anger,0,anger,0,0.9767,0.0229,0.0001,0.0003
1005_IEO_ANG_LO,1005,low,anger,0,satisfaction,4,0.0981,0.5708,0.2372,0.0938
1005_IEO_ANG_MD,1005,medium,anger,0,anger,0,0.5355,0.2454,0.132,0.0871
1005_IEO_DIS_HI,1005,high,anger,0,satisfaction,4,0.1026,0.8403,0.0352,0.0219
1005_IEO_DIS_LO,1005,low,anger,0,sadness,2,0.0007,0.3537,0.4983,0.1473
1005_IEO_DIS_MD,1005,medium,anger,0,satisfaction,4,0.0979,0.7283,0.1236,0.0502
1005_IEO_HAP_HI,1005,high,satisfaction,4,satisfaction,4,0.0687,0.8933,0.0189,0.0192
1005_IEO_HAP_LO,1005,low,satisfaction,4,satisfaction,4,0.008,0.5117,0.2866,0.1936
1005_IEO_HAP_MD,1005,medium,satisfaction,4,satisfaction,4,0.0089,0.7896,0.1589,0.0426
1005_IEO_NEU_XX,1005,unspecified,neutral,3,neutral,3,0.089,0.303,0.1219,0.4862
1005_IEO_SAD_HI,1005,high,sadness,2,satisfaction,4,0.0023,0.7102,0.1851,0.1023
1005_IEO_SAD_LO,1005,low,sadness,2,sadness,2,0.0003,0.083,0.5056,0.411
1005_IEO_SAD_MD,1005,medium,sadness,2,sadness,2,0.0026,0.2229,0.6218,0.1527
1005_IOM_ANG_XX,1005,unspecified,anger,0,anger,0,0.9813,0.0172,0.0005,0.0011
1005_IOM_DIS_XX,1005,unspecified,anger,0,satisfaction,4,0.0097,0.5517,0.1738,0.2648
1005_IOM_HAP_XX,1005,unspecified,satisfaction,4,satisfaction,4,0.2401,0.6049,0.0739,0.0811
1005_IOM_NEU_XX,1005,unspecified,neutral,3,sadness,2,0.0204,0.2521,0.3806,0.3469
1005_IOM_SAD_XX,1005,unspecified,sadness,2,sadness,2,0.0025,0.1484,0.5532,0.2959
1005_ITH_ANG_XX,1005,unspecified,anger,0,anger,0,0.7378,0.1917,0.0126,0.0579
1005_ITH_DIS_XX,1005,unspecified,anger,0,satisfaction,4,0.2033,0.5387,0.1683,0.0897
1005_ITH_HAP_XX,1005,unspecified,satisfaction,4,satisfaction,4,0.1456,0.8127,0.0259,0.0158
1005_ITH_NEU_XX,1005,unspecified,neutral,3,neutral,3,0.0093,0.2578,0.1776,0.5554
1005_ITH_SAD_XX,1005,unspecified,sadness,2,satisfaction,4,0.0022,0.4459,0.3976,0.1543
1005_ITS_ANG_XX,1005,unspecified,anger,0,anger,0,0.7236,0.2591,0.0062,0.0112
1005_ITS_DIS_XX,1005,unspecified,anger,0,satisfaction,4,0.0978,0.5863,0.1198,0.1961
1005_ITS_HAP_XX,1005,unspecified,satisfaction,4,satisfaction,4,0.4374,0.5426,0.0109,0.0091
1005_ITS_NEU_XX,1005,unspecified,neutral,3,neutral,3,0.0461,0.3578,0.1805,0.4155
1005_ITS_SAD_XX,1005,unspecified,sadness,2,satisfaction,4,0.0698,0.5604,0.0446,0.3253
1005_IWL_ANG_XX,1005,unspecified,anger,0,anger,0,0.9237,0.0573,0.0021,0.0168
1005_IWL_DIS_XX,1005,unspecified,anger,0,satisfaction,4,0.0133,0.5777,0.0226,0.3864
1005_IWL_HAP_XX,1005,unspecified,satisfaction,4,satisfaction,4,0.1338,0.6262,0.05,0.19
1005_IWL_NEU_XX,1005,unspecified,neutral,3,satisfaction,4,0.0144,0.6178,0.1256,0.2422
1005_IWL_SAD_XX,1005,unspecified,sadness,2,satisfaction,4,0.0008,0.625,0.1738,0.2004
1005_IWW_ANG_XX,1005,unspecified,anger,0,satisfaction,4,0.0463,0.4641,0.3493,0.1402
1005_IWW_DIS_XX,1005,unspecified,anger,0,sadness,2,0.0018,0.1564,0.5898,0.252
1005_IWW_HAP_XX,1005,unspecified,satisfaction,4,satisfaction,4,0.3054,0.3604,0.1621,0.1721
1005_IWW_NEU_XX,1005,unspecified,neutral,3,sadness,2,0.0155,0.2931,0.3575,0.3338
1005_IWW_SAD_XX,1005,unspecified,sadness,2,satisfaction,4,0.0194,0.6615,0.242,0.0771
1005_MTI_ANG_XX,1005,unspecified,anger,0,anger,0,0.8926,0.066,0.0304,0.011
1005_MTI_DIS_XX,1005,unspecified,anger,0,sadness,2,0.0209,0.2766,0.6374,0.0651
1005_MTI_HAP_XX,1005,unspecified,satisfaction,4,anger,0,0.8387,0.0494,0.0439,0.068
1005_MTI_NEU_XX,1005,unspecified,neutral,3,sadness,2,0.008,0.0876,0.6997,0.2047
1005_MTI_SAD_XX,1005,unspecified,sadness,2,sadness,2,0.0185,0.1035,0.8005,0.0775
1005_TAI_ANG_XX,1005,unspecified,anger,0,anger,0,0.7205,0.2364,0.0306,0.0124
1005_TAI_DIS_XX,1005,unspecified,anger,0,satisfaction,4,0.109,0.6749,0.193,0.023
1005_TAI_HAP_XX,1005,unspecified,satisfaction,4,satisfaction,4,0.0033,0.7419,0.1686,0.0862
1005_TAI_NEU_XX,1005,unspecified,neutral,3,sadness,2,0.006,0.3128,0.4191,0.2621
1005_TAI_SAD_XX,1005,unspecified,sadness,2,sadness,2,0.0017,0.2606,0.6844,0.0533
1005_TIE_ANG_XX,1005,unspecified,anger,0,anger,0,0.9071,0.0826,0.004,0.0063
1005_TIE_DIS_XX,1005,unspecified,anger,0,satisfaction,4,0.157,0.7292,0.098,0.0158
1005_TIE_HAP_XX,1005,unspecified,satisfaction,4,satisfaction,4,0.3596,0.5862,0.0457,0.0085
1005_TIE_NEU_XX,1005,unspecified,neutral,3,sadness,2,0.0017,0.1841,0.6745,0.1397
1005_TIE_SAD_XX,1005,unspecified,sadness,2,neutral,3,0.0027,0.2175,0.2813,0.4985
1005_TSI_ANG_XX,1005,unspecified,anger,0,anger,0,0.8632,0.1291,0.0004,0.0073
1005_TSI_DIS_XX,1005,unspecified,anger,0,satisfaction,4,0.0018,0.848,0.091,0.0592
1005_TSI_HAP_XX,1005,unspecified,satisfaction,4,satisfaction,4,0.2725,0.716,0.0027,0.0088
1005_TSI_NEU_XX,1005,unspecified,neutral,3,satisfaction,4,0.0134,0.5965,0.1401,0.25
1005_TSI_SAD_XX,1005,unspecified,sadness,2,satisfaction,4,0.0211,0.8416,0.0335,0.1038
1005_WSI_ANG_XX,1005,unspecified,anger,0,anger,0,0.9966,0.0024,0.0003,0.0007
1005_WSI_DIS_XX,1005,unspecified,anger,0,sadness,2,0.0483,0.2248,0.4298,0.297
1005_WSI_HAP_XX,1005,unspecified,satisfaction,4,anger,0,0.6114,0.3273,0.0338,0.0275
1005_WSI_NEU_XX,1005,unspecified,neutral,3,sadness,2,0.1009,0.1877,0.4684,0.243
1005_WSI_SAD_XX,1005,unspecified,sadness,2,neutral,3,0.0445,0.2974,0.3175,0.3407
1006_DFA_ANG_XX,1006,unspecified,anger,0,anger,0,0.9787,0.0213,0.0,0.0001
1006_DFA_DIS_XX,1006,unspecified,anger,0,satisfaction,4,0.0087,0.7388,0.1599,0.0925
1006_DFA_HAP_XX,1006,unspecified,satisfaction,4,anger,0,0.4808,0.2132,0.001,0.3049
1006_DFA_NEU_XX,1006,unspecified,neutral,3,neutral,3,0.1925,0.3195,0.0811,0.407
1006_DFA_SAD_XX,1006,unspecified,sadness,2,sadness,2,0.028,0.3048,0.4249,0.2423
1006_IEO_ANG_HI,1006,high,anger,0,anger,0,0.9966,0.0034,0.0,0.0001
1006_IEO_ANG_LO,1006,low,anger,0,neutral,3,0.1748,0.3063,0.0944,0.4245
1006_IEO_ANG_MD,1006,medium,anger,0,anger,0,0.6031,0.2701,0.0011,0.1256
1006_IEO_DIS_HI,1006,high,anger,0,anger,0,0.9293,0.0365,0.0015,0.0327
1006_IEO_DIS_LO,1006,low,anger,0,neutral,3,0.0027,0.3074,0.0398,0.6501
1006_IEO_DIS_MD,1006,medium,anger,0,satisfaction,4,0.229,0.7004,0.0283,0.0423
1006_IEO_HAP_HI,1006,high,satisfaction,4,satisfaction,4,0.473,0.496,0.0012,0.0297
1006_IEO_HAP_LO,1006,low,satisfaction,4,satisfaction,4,0.0412,0.6161,0.0283,0.3144
1006_IEO_HAP_MD,1006,medium,satisfaction,4,satisfaction,4,0.2075,0.5955,0.006,0.191
1006_IEO_NEU_XX,1006,unspecified,neutral,3,neutral,3,0.0717,0.1491,0.0083,0.7709
1006_IEO_SAD_HI,1006,high,sadness,2,satisfaction,4,0.0077,0.3506,0.312,0.3298
1006_IEO_SAD_LO,1006,low,sadness,2,neutral,3,0.0189,0.0631,0.0985,0.8195
1006_IEO_SAD_MD,1006,medium,sadness,2,neutral,3,0.001,0.0728,0.3158,0.6104
1006_IOM_ANG_XX,1006,unspecified,anger,0,anger,0,0.9924,0.0065,0.0005,0.0006
1006_IOM_DIS_XX,1006,unspecified,anger,0,sadness,2,0.0113,0.2278,0.3881,0.3728
1006_IOM_HAP_XX,1006,unspecified,satisfaction,4,anger,0,0.405,0.3466,0.0204,0.228
1006_IOM_NEU_XX,1006,unspecified,neutral,3,neutral,3,0.0224,0.1535,0.1375,0.6865
1006_IOM_SAD_XX,1006,unspecified,sadness,2,neutral,3,0.0153,0.2403,0.2747,0.4697
1006_ITH_ANG_XX,1006,unspecified,anger,0,anger,0,0.8428,0.0708,0.005,0.0815
1006_ITH_DIS_XX,1006,unspecified,anger,0,satisfaction,4,0.0059,0.5217,0.1655,0.3069
1006_ITH_HAP_XX,1006,unspecified,satisfaction,4,satisfaction,4,0.158,0.5701,0.0426,0.2294
1006_ITH_NEU_XX,1006,unspecified,neutral,3,neutral,3,0.0317,0.3621,0.2004,0.4058
1006_ITH_SAD_XX,1006,unspecified,sadness,2,sadness,2,0.0006,0.1125,0.8369,0.05
1006_ITS_ANG_XX,1006,unspecified,anger,0,anger,0,0.8794,0.0719,0.0029,0.0458
1006_ITS_DIS_XX,1006,unspecified,anger,0,sadness,2,0.0007,0.1623,0.4612,0.3758
1006_ITS_HAP_XX,1006,unspecified,satisfaction,4,satisfaction,4,0.2003,0.6303,0.0346,0.1348
1006_ITS_NEU_XX,1006,unspecified,neutral,3,neutral,3,0.1032,0.2249,0.1113,0.5606
1006_ITS_SAD_XX,1006,unspecified,sadness,2,sadness,2,0.0009,0.087,0.7608,0.1513
1006_IWL_ANG_XX,1006,unspecified,anger,0,anger,0,0.9626,0.0354,0.0015,0.0005
1006_IWL_DIS_XX,1006,unspecified,anger,0,satisfaction,4,0.0738,0.6649,0.0843,0.177
1006_IWL_HAP_XX,1006,unspecified,satisfaction,4,satisfaction,4,0.2978,0.5405,0.0048,0.157
1006_IWL_NEU_XX,1006,unspecified,neutral,3,satisfaction,4,0.0261,0.46,0.1374,0.3766
1006_IWL_SAD_XX,1006,unspecified,sadness,2,neutral,3,0.0139,0.3197,0.2703,0.3962
1006_IWW_ANG_XX,1006,unspecified,anger,0,anger,0,0.4762,0.2503,0.0201,0.2533
1006_IWW_DIS_XX,1006,unspecified,anger,0,neutral,3,0.0061,0.325,0.1921,0.4768
1006_IWW_HAP_XX,1006,unspecified,satisfaction,4,satisfaction,4,0.1293,0.6011,0.1015,0.1682
1006_IWW_NEU_XX,1006,unspecified,neutral,3,neutral,3,0.0947,0.086,0.1952,0.624
1006_IWW_SAD_XX,1006,unspecified,sadness,2,sadness,2,0.0009,0.0998,0.8763,0.023
1006_MTI_ANG_XX,1006,unspecified,anger,0,anger,0,0.9948,0.0049,0.0001,0.0002
1006_MTI_DIS_XX,1006,unspecified,anger,0,sadness,2,0.0931,0.1963,0.5052,0.2055
1006_MTI_HAP_XX,1006,unspecified,satisfaction,4,anger,0,0.6609,0.1105,0.0385,0.1901
1006_MTI_NEU_XX,1006,unspecified,neutral,3,neutral,3,0.0584,0.1232,0.2937,0.5247
1006_MTI_SAD_XX,1006,unspecified,sadness,2,sadness,2,0.0009,0.0254,0.958,0.0156
1006_TAI_ANG_XX,1006,unspecified,anger,0,anger,0,0.9396,0.0563,0.0014,0.0028
1006_TAI_DIS_XX,1006,unspecified,anger,0,satisfaction,4,0.0199,0.6686,0.1707,0.1408
1006_TAI_HAP_XX,1006,unspecified,satisfaction,4,satisfaction,4,0.0832,0.7572,0.117,0.0426
1006_TAI_NEU_XX,1006,unspecified,neutral,3,satisfaction,4,0.0241,0.5124,0.251,0.2124
1006_TAI_SAD_XX,1006,unspecified,sadness,2,satisfaction,4,0.0163,0.5132,0.3693,0.1012
1006_TIE_ANG_XX,1006,unspecified,anger,0,anger,0,0.7619,0.1452,0.0114,0.0816
1006_TIE_DIS_XX,1006,unspecified,anger,0,anger,0,0.5901,0.3434,0.0307,0.0359
1006_TIE_HAP_XX,1006,unspecified,satisfaction,4,satisfaction,4,0.0147,0.435,0.2436,0.3068
1006_TIE_NEU_XX,1006,unspecified,neutral,3,satisfaction,4,0.0147,0.435,0.2436,0.3068
1006_TIE_SAD_XX,1006,unspecified,sadness,2,sadness,2,0.0033,0.0542,0.9089,0.0337
1006_TSI_ANG_XX,1006,unspecified,anger,0,anger,0,0.8835,0.1058,0.0022,0.0085
1006_TSI_DIS_XX,1006,unspecified,anger,0,satisfaction,4,0.0533,0.7635,0.0097,0.1736
1006_TSI_HAP_XX,1006,unspecified,satisfaction,4,anger,0,0.9312,0.0674,0.0001,0.0013
1006_TSI_NEU_XX,1006,unspecified,neutral,3,satisfaction,4,0.0641,0.6443,0.0304,0.2613
1006_TSI_SAD_XX,1006,unspecified,sadness,2,sadness,2,0.0005,0.0982,0.8755,0.0257
1006_WSI_ANG_XX,1006,unspecified,anger,0,anger,0,0.9772,0.0183,0.0009,0.0037
1006_WSI_DIS_XX,1006,unspecified,anger,0,neutral,3,0.025,0.2416,0.3254,0.4079
1006_WSI_HAP_XX,1006,unspecified,satisfaction,4,anger,0,0.4286,0.2458,0.0315,0.2941
1006_WSI_NEU_XX,1006,unspecified,neutral,3,neutral,3,0.0658,0.3354,0.1279,0.4709
1006_WSI_SAD_XX,1006,unspecified,sadness,2,sadness,2,0.007,0.1173,0.5066,0.369
1007_DFA_ANG_XX,1007,unspecified,anger,0,anger,0,0.9852,0.0146,0.0,0.0002
1007_DFA_DIS_XX,1007,unspecified,anger,0,sadness,2,0.0063,0.1162,0.5291,0.3484
1007_DFA_HAP_XX,1007,unspecified,satisfaction,4,satisfaction,4,0.0057,0.5999,0.2188,0.1756
1007_DFA_NEU_XX,1007,unspecified,neutral,3,neutral,3,0.3323,0.081,0.138,0.4487
1007_DFA_SAD_XX,1007,unspecified,sadness,2,sadness,2,0.0025,0.0546,0.5833,0.3595
1007_IEO_ANG_HI,1007,high,anger,0,anger,0,0.8794,0.1203,0.0001,0.0002
1007_IEO_ANG_LO,1007,low,anger,0,anger,0,0.532,0.4484,0.0046,0.0149
1007_IEO_ANG_MD,1007,medium,anger,0,satisfaction,4,0.0217,0.7623,0.0855,0.1305
1007_IEO_DIS_HI,1007,high,anger,0,anger,0,0.5106,0.4417,0.0125,0.0352
1007_IEO_DIS_LO,1007,low,anger,0,satisfaction,4,0.103,0.7612,0.0936,0.0422
1007_IEO_DIS_MD,1007,medium,anger,0,anger,0,0.8873,0.1078,0.0006,0.0043
1007_IEO_HAP_HI,1007,high,satisfaction,4,anger,0,0.8199,0.179,0.0,0.0011
1007_IEO_HAP_LO,1007,low,satisfaction,4,satisfaction,4,0.0092,0.8822,0.0061,0.1024
1007_IEO_HAP_MD,1007,medium,satisfaction,4,satisfaction,4,0.0122,0.8801,0.0429,0.0647
1007_IEO_NEU_XX,1007,unspecified,neutral,3,satisfaction,4,0.0026,0.829,0.0435,0.125
1007_IEO_SAD_HI,1007,high,sadness,2,sadness,2,0.0008,0.1443,0.6795,0.1754
1007_IEO_SAD_LO,1007,low,sadness,2,neutral,3,0.0065,0.2991,0.2569,0.4375
1007_IEO_SAD_MD,1007,medium,sadness,2,neutral,3,0.0045,0.3514,0.232,0.4121
1007_IOM_ANG_XX,1007,unspecified,anger,0,anger,0,0.8887,0.0275,0.0562,0.0276
1007_IOM_DIS_XX,1007,unspecified,anger,0,neutral,3,0.0414,0.1289,0.3848,0.4449
1007_IOM_HAP_XX,1007,unspecified,satisfaction,4,neutral,3,0.0035,0.1896,0.2547,0.5521
1007_IOM_NEU_XX,1007,unspecified,neutral,3,satisfaction,4,0.0201,0.4247,0.2344,0.3207
1007_IOM_SAD_XX,1007,unspecified,sadness,2,sadness,2,0.0217,0.1845,0.5987,0.1951
1007_ITH_ANG_XX,1007,unspecified,anger,0,sadness,2,0.2452,0.3065,0.3768,0.0715
1007_ITH_DIS_XX,1007,unspecified,anger,0,sadness,2,0.0005,0.3366,0.5612,0.1016
1007_ITH_HAP_XX,1007,unspecified,satisfaction,4,satisfaction,4,0.0099,0.5543,0.259,0.1769
1007_ITH_NEU_XX,1007,unspecified,neutral,3,sadness,2,0.0134,0.1532,0.5191,0.3143
1007_ITH_SAD_XX,1007,unspecified,sadness,2,sadness,2,0.0077,0.1734,0.4975,0.3215
1007_ITS_ANG_XX,1007,unspecified,anger,0,anger,0,0.8318,0.1297,0.02,0.0185
1007_ITS_DIS_XX,1007,unspecified,anger,0,sadness,2,0.0054,0.3944,0.437,0.1631
1007_ITS_HAP_XX,1007,unspecified,satisfaction,4,satisfaction,4,0.0203,0.9328,0.0285,0.0185
1007_ITS_NEU_XX,1007,unspecified,neutral,3,neutral,3,0.2045,0.1726,0.083,0.5399
1007_ITS_SAD_XX,1007,unspecified,sadness,2,sadness,2,0.007,0.1757,0.7336,0.0837
1007_IWL_ANG_XX,1007,unspecified,anger,0,anger,0,0.7577,0.1907,0.018,0.0336
1007_IWL_DIS_XX,1007,unspecified,anger,0,satisfaction,4,0.0056,0.5931,0.321,0.0803
1007_IWL_HAP_XX,1007,unspecified,satisfaction,4,satisfaction,4,0.0559,0.7068,0.1161,0.1212
1007_IWL_NEU_XX,1007,unspecified,neutral,3,satisfaction,4,0.0416,0.4033,0.1627,0.3925
1007_IWL_SAD_XX,1007,unspecified,sadness,2,neutral,3,0.0074,0.3192,0.2021,0.4712
1007_IWW_ANG_XX,1007,unspecified,anger,0,anger,0,0.9602,0.0273,0.0004,0.012
1007_IWW_DIS_XX,1007,unspecified,anger,0,sadness,2,0.0027,0.188,0.5595,0.2498
1007_IWW_HAP_XX,1007,unspecified,satisfaction,4,neutral,3,0.1234,0.162,0.1957,0.5189
1007_IWW_NEU_XX,1007,unspecified,neutral,3,satisfaction,4,0.0773,0.416,0.2504,0.2564
1007_IWW_SAD_XX,1007,unspecified,sadness,2,sadness,2,0.0492,0.3709,0.4272,0.1527
1007_MTI_ANG_XX,1007,unspecified,anger,0,sadness,2,0.1967,0.1083,0.5667,0.1282
1007_MTI_DIS_XX,1007,unspecified,anger,0,sadness,2,0.0272,0.1201,0.5616,0.2911
1007_MTI_HAP_XX,1007,unspecified,satisfaction,4,sadness,2,0.0168,0.1798,0.6757,0.1276
1007_MTI_NEU_XX,1007,unspecified,neutral,3,sadness,2,0.0729,0.0945,0.4415,0.3911
1007_MTI_SAD_XX,1007,unspecified,sadness,2,sadness,2,0.0015,0.0587,0.7685,0.1713
1007_TAI_ANG_XX,1007,unspecified,anger,0,anger,0,0.9867,0.0108,0.0002,0.0022
1007_TAI_DIS_XX,1007,unspecified,anger,0,sadness,2,0.0116,0.3236,0.4984,0.1663
1007_TAI_HAP_XX,1007,unspecified,satisfaction,4,satisfaction,4,0.0041,0.7805,0.1044,0.1109
1007_TAI_NEU_XX,1007,unspecified,neutral,3,satisfaction,4,0.0414,0.7399,0.1209,0.0978
1007_TAI_SAD_XX,1007,unspecified,sadness,2,sadness,2,0.0109,0.3414,0.5847,0.0629
1007_TIE_ANG_XX,1007,unspecified,anger,0,anger,0,0.6697,0.1115,0.152,0.0667
1007_TIE_DIS_XX,1007,unspecified,anger,0,satisfaction,4,0.0171,0.4841,0.4445,0.0544
1007_TIE_HAP_XX,1007,unspecified,satisfaction,4,satisfaction,4,0.1104,0.6302,0.2195,0.0398
1007_TIE_NEU_XX,1007,unspecified,neutral,3,satisfaction,4,0.1485,0.347,0.2883,0.2162
1007_TIE_SAD_XX,1007,unspecified,sadness,2,sadness,2,0.0135,0.2182,0.4103,0.3579
1007_TSI_ANG_XX,1007,unspecified,anger,0,satisfaction,4,0.2378,0.7543,0.0043,0.0035
1007_TSI_DIS_XX,1007,unspecified,anger,0,satisfaction,4,0.0674,0.88,0.0379,0.0148
1007_TSI_HAP_XX,1007,unspecified,satisfaction,4,satisfaction,4,0.0047,0.7255,0.1942,0.0755
1007_TSI_NEU_XX,1007,unspecified,neutral,3,satisfaction,4,0.1004,0.5466,0.1955,0.1576
1007_TSI_SAD_XX,1007,unspecified,sadness,2,sadness,2,0.0023,0.1199,0.6708,0.207
1007_WSI_ANG_XX,1007,unspecified,anger,0,anger,0,0.96,0.0393,0.0005,0.0002
1007_WSI_DIS_XX,1007,unspecified,anger,0,sadness,2,0.0005,0.0893,0.8412,0.069
1007_WSI_HAP_XX,1007,unspecified,satisfaction,4,sadness,2,0.0201,0.2777,0.6152,0.087
1007_WSI_NEU_XX,1007,unspecified,neutral,3,sadness,2,0.1877,0.1827,0.3157,0.3139
1007_WSI_SAD_XX,1007,unspecified,sadness,2,sadness,2,0.0078,0.1101,0.7524,0.1297
1008_DFA_ANG_XX,1008,unspecified,anger,0,anger,0,0.9899,0.0087,0.0004,0.001
1008_DFA_DIS_XX,1008,unspecified,anger,0,anger,0,0.9329,0.0459,0.0093,0.012
1008_DFA_HAP_XX,1008,unspecified,satisfaction,4,anger,0,0.5372,0.4242,0.0031,0.0355
1008_DFA_NEU_XX,1008,unspecified,neutral,3,anger,0,0.7867,0.0869,0.0047,0.1218
1008_DFA_SAD_XX,1008,unspecified,sadness,2,anger,0,0.8247,0.0952,0.0173,0.0629
1008_IEO_ANG_HI,1008,high,anger,0,anger,0,0.9116,0.0882,0.0001,0.0002
1008_IEO_ANG_LO,1008,low,anger,0,anger,0,0.9668,0.0228,0.001,0.0094
1008_IEO_ANG_MD,1008,medium,anger,0,anger,0,0.9722,0.0273,0.0002,0.0003
1008_IEO_DIS_HI,1008,high,anger,0,satisfaction,4,0.41,0.5644,0.0217,0.004
1008_IEO_DIS_LO,1008,low,anger,0,anger,0,0.4635,0.4191,0.0197,0.0976
1008_IEO_DIS_MD,1008,medium,anger,0,anger,0,0.8909,0.1016,0.0034,0.0041
1008_IEO_HAP_HI,1008,high,satisfaction,4,satisfaction,4,0.1117,0.8811,0.0031,0.004
1008_IEO_HAP_LO,1008,low,satisfaction,4,satisfaction,4,0.1002,0.7524,0.0379,0.1096
1008_IEO_HAP_MD,1008,medium,satisfaction,4,satisfaction,4,0.008,0.9524,0.0352,0.0045
1008_IEO_NEU_XX,1008,unspecified,neutral,3,satisfaction,4,0.2826,0.3874,0.0317,0.2983
1008_IEO_SAD_HI,1008,high,sadness,2,satisfaction,4,0.0773,0.8073,0.0513,0.064
1008_IEO_SAD_LO,1008,low,sadness,2,satisfaction,4,0.0619,0.5619,0.0711,0.305
1008_IEO_SAD_MD,1008,medium,sadness,2,anger,0,0.4901,0.3863,0.0509,0.0727
1008_IOM_ANG_XX,1008,unspecified,anger,0,anger,0,0.8754,0.102,0.0185,0.0041
1008_IOM_DIS_XX,1008,unspecified,anger,0,satisfaction,4,0.0651,0.6919,0.1709,0.0721
1008_IOM_HAP_XX,1008,unspecified,satisfaction,4,satisfaction,4,0.0845,0.8598,0.0365,0.0191
1008_IOM_NEU_XX,1008,unspecified,neutral,3,anger,0,0.488,0.2396,0.1404,0.132
1008_IOM_SAD_XX,1008,unspecified,sadness,2,anger,0,0.4503,0.3723,0.1341,0.0432
1008_ITH_ANG_XX,1008,unspecified,anger,0,anger,0,0.7959,0.1561,0.0365,0.0115
1008_ITH_DIS_XX,1008,unspecified,anger,0,satisfaction,4,0.1363,0.5714,0.2513,0.041
1008_ITH_HAP_XX,1008,unspecified,satisfaction,4,satisfaction,4,0.1728,0.701,0.0251,0.1011
1008_ITH_NEU_XX,1008,unspecified,neutral,3,neutral,3,0.3287,0.2155,0.0433,0.4125
1008_ITH_SAD_XX,1008,unspecified,sadness,2,sadness,2,0.1793,0.2025,0.5218,0.0965
1008_ITS_ANG_XX,1008,unspecified,anger,0,anger,0,0.9692,0.0265,0.0023,0.0019
1008_ITS_DIS_XX,1008,unspecified,anger,0,satisfaction,4,0.1019,0.7712,0.0926,0.0343
1008_ITS_HAP_XX,1008,unspecified,satisfaction,4,satisfaction,4,0.2556,0.708,0.0198,0.0166
1008_ITS_NEU_XX,1008,unspecified,neutral,3,sadness,2,0.2694,0.2554,0.2768,0.1984
1008_ITS_SAD_XX,1008,unspecified,sadness,2,satisfaction,4,0.0261,0.7075,0.2225,0.0439
1008_IWL_ANG_XX,1008,unspecified,anger,0,anger,0,0.7118,0.2754,0.0048,0.0079
1008_IWL_DIS_XX,1008,unspecified,anger,0,satisfaction,4,0.2846,0.669,0.0368,0.0096
1008_IWL_HAP_XX,1008,unspecified,satisfaction,4,satisfaction,4,0.2143,0.7161,0.0192,0.0505
1008_IWL_NEU_XX,1008,unspecified,neutral,3,satisfaction,4,0.1218,0.5365,0.0642,0.2775
1008_IWL_SAD_XX,1008,unspecified,sadness,2,satisfaction,4,0.1512,0.6516,0.135,0.0623
1008_IWW_ANG_XX,1008,unspecified,anger,0,anger,0,0.919,0.0757,0.0031,0.0023
1008_IWW_DIS_XX,1008,unspecified,anger,0,anger,0,0.4548,0.361,0.1504,0.0339
1008_IWW_HAP_XX,1008,unspecified,satisfaction,4,satisfaction,4,0.1721,0.8066,0.0043,0.017
1008_IWW_NEU_XX,1008,unspecified,neutral,3,neutral,3,0.3504,0.2652,0.0324,0.352
1008_IWW_SAD_XX,1008,unspecified,sadness,2,anger,0,0.3555,0.2763,0.3362,0.0321
1008_MTI_ANG_XX,1008,unspecified,anger,0,anger,0,0.9668,0.0265,0.0055,0.0012
1008_MTI_DIS_XX,1008,unspecified,anger,0,anger,0,0.938,0.0403,0.0163,0.0054
1008_MTI_HAP_XX,1008,unspecified,satisfaction,4,anger,0,0.5139,0.347,0.0972,0.042
1008_MTI_NEU_XX,1008,unspecified,neutral,3,anger,0,0.5412,0.061,0.1955,0.2023
1008_MTI_SAD_XX,1008,unspecified,sadness,2,sadness,2,0.3751,0.0944,0.5096,0.0209
1008_TAI_ANG_XX,1008,unspecified,anger,0,anger,0,0.9858,0.0133,0.0005,0.0004
1008_TAI_DIS_XX,1008,unspecified,anger,0,anger,0,0.9415,0.048,0.0095,0.001
1008_TAI_HAP_XX,1008,unspecified,satisfaction,4,anger,0,0.5105,0.4644,0.0209,0.0042
1008_TAI_NEU_XX,1008,unspecified,neutral,3,satisfaction,4,0.0601,0.7261,0.1396,0.0742
1008_TAI_SAD_XX,1008,unspecified,sadness,2,anger,0,0.5078,0.3862,0.1036,0.0024
1008_TIE_ANG_XX,1008,unspecified,anger,0,anger,0,0.9918,0.0078,0.0002,0.0001
1008_TIE_DIS_XX,1008,unspecified,anger,0,anger,0,0.9211,0.0595,0.014,0.0054
1008_TIE_HAP_XX,1008,unspecified,satisfaction,4,anger,0,0.978,0.0105,0.0019,0.0095
1008_TIE_NEU_XX,1008,unspecified,neutral,3,neutral,3,0.1773,0.182,0.1663,0.4743
1008_TIE_SAD_XX,1008,unspecified,sadness,2,anger,0,0.3816,0.24,0.2183,0.1602
1008_TSI_ANG_XX,1008,unspecified,anger,0,anger,0,0.9112,0.087,0.0004,0.0014
1008_TSI_DIS_XX,1008,unspecified,anger,0,satisfaction,4,0.142,0.8111,0.0289,0.018
1008_TSI_HAP_XX,1008,unspecified,satisfaction,4,satisfaction,4,0.1878,0.8039,0.0022,0.0061
1008_TSI_NEU_XX,1008,unspecified,neutral,3,satisfaction,4,0.1739,0.6641,0.0535,0.1085
1008_TSI_SAD_XX,1008,unspecified,sadness,2,satisfaction,4,0.0133,0.898,0.0639,0.0247
1009_DFA_ANG_XX,1009,unspecified,anger,0,anger,0,0.9986,0.0014,0.0,0.0
1009_DFA_DIS_XX,1009,unspecified,anger,0,anger,0,0.9779,0.0141,0.0018,0.0062
1009_DFA_HAP_XX,1009,unspecified,satisfaction,4,anger,0,0.8379,0.1064,0.0004,0.0553
1009_DFA_NEU_XX,1009,unspecified,neutral,3,anger,0,0.9173,0.022,0.004,0.0566
1009_DFA_SAD_XX,1009,unspecified,sadness,2,neutral,3,0.0756,0.1384,0.0298,0.7562
1009_IEO_ANG_HI,1009,high,anger,0,anger,0,0.9713,0.0276,0.0,0.0011
1009_IEO_ANG_LO,1009,low,anger,0,anger,0,0.8422,0.1385,0.0019,0.0174
1009_IEO_ANG_MD,1009,medium,anger,0,anger,0,0.993,0.0067,0.0001,0.0002
1009_IEO_DIS_HI,1009,high,anger,0,anger,0,0.9698,0.0285,0.0014,0.0003
1009_IEO_DIS_LO,1009,low,anger,0,satisfaction,4,0.2508,0.6598,0.0102,0.0793
1009_IEO_DIS_MD,1009,medium,anger,0,anger,0,0.8533,0.1427,0.0026,0.0015
1009_IEO_HAP_HI,1009,high,satisfaction,4,satisfaction,4,0.325,0.6665,0.0083,0.0002
1009_IEO_HAP_LO,1009,low,satisfaction,4,anger,0,0.5659,0.337,0.005,0.092
1009_IEO_HAP_MD,1009,medium,satisfaction,4,anger,0,0.7701,0.2205,0.0089,0.0005
1009_IEO_NEU_XX,1009,unspecified,neutral,3,satisfaction,4,0.15,0.524,0.031,0.2949
1009_IEO_SAD_HI,1009,high,sadness,2,neutral,3,0.0541,0.364,0.2153,0.3666
1009_IEO_SAD_LO,1009,low,sadness,2,neutral,3,0.0198,0.3253,0.2061,0.4489
1009_IEO_SAD_MD,1009,medium,sadness,2,neutral,3,0.0328,0.4342,0.0668,0.4663
1009_IOM_ANG_XX,1009,unspecified,anger,0,anger,0,0.9945,0.0051,0.0004,0.0
1009_IOM_DIS_XX,1009,unspecified,anger,0,sadness,2,0.369,0.0876,0.4902,0.0533
1009_IOM_HAP_XX,1009,unspecified,satisfaction,4,anger,0,0.8288,0.1144,0.0028,0.0541
1009_IOM_NEU_XX,1009,unspecified,neutral,3,anger,0,0.4192,0.1769,0.0467,0.3572
1009_IOM_SAD_XX,1009,unspecified,sadness,2,sadness,2,0.0246,0.1395,0.724,0.1119
1009_ITH_ANG_XX,1009,unspecified,anger,0,anger,0,0.9805,0.0191,0.0003,0.0001
1009_ITH_DIS_XX,1009,unspecified,anger,0,sadness,2,0.0071,0.3564,0.5436,0.0929
1009_ITH_HAP_XX,1009,unspecified,satisfaction,4,anger,0,0.4881,0.3938,0.0183,0.0997
1009_ITH_NEU_XX,1009,unspecified,neutral,3,neutral,3,0.0347,0.1499,0.316,0.4993
1009_ITH_SAD_XX,1009,unspecified,sadness,2,sadness,2,0.0474,0.2506,0.4766,0.2254
1009_ITS_ANG_XX,1009,unspecified,anger,0,anger,0,0.9961,0.0036,0.0003,0.0001
1009_ITS_DIS_XX,1009,unspecified,anger,0,satisfaction,4,0.0587,0.7344,0.0469,0.16
1009_ITS_HAP_XX,1009,unspecified,satisfaction,4,anger,0,0.5336,0.4451,0.0143,0.007
1009_ITS_NEU_XX,1009,unspecified,neutral,3,satisfaction,4,0.0654,0.42,0.2129,0.3018
1009_ITS_SAD_XX,1009,unspecified,sadness,2,sadness,2,0.0055,0.3034,0.4394,0.2517
1009_IWL_ANG_XX,1009,unspecified,anger,0,anger,0,0.9414,0.0563,0.0014,0.001
1009_IWL_DIS_XX,1009,unspecified,anger,0,satisfaction,4,0.0771,0.6056,0.248,0.0693
1009_IWL_HAP_XX,1009,unspecified,satisfaction,4,satisfaction,4,0.467,0.4679,0.0146,0.0506
1009_IWL_NEU_XX,1009,unspecified,neutral,3,satisfaction,4,0.0982,0.5296,0.0328,0.3395
1009_IWL_SAD_XX,1009,unspecified,sadness,2,satisfaction,4,0.0105,0.4831,0.1983,0.3082
1009_IWW_ANG_XX,1009,unspecified,anger,0,anger,0,0.9949,0.0049,0.0,0.0002
1009_IWW_DIS_XX,1009,unspecified,anger,0,satisfaction,4,0.354,0.3751,0.1746,0.0963
1009_IWW_HAP_XX,1009,unspecified,satisfaction,4,satisfaction,4,0.3102,0.5693,0.0335,0.087
1009_IWW_NEU_XX,1009,unspecified,neutral,3,neutral,3,0.147,0.2054,0.2507,0.3968
1009_IWW_SAD_XX,1009,unspecified,sadness,2,sadness,2,0.003,0.1182,0.7965,0.0823
1009_TAI_ANG_XX,1009,unspecified,anger,0,anger,0,0.6648,0.3235,0.0097,0.002
1009_TAI_DIS_XX,1009,unspecified,anger,0,sadness,2,0.4095,0.1251,0.4354,0.03
1009_TAI_HAP_XX,1009,unspecified,satisfaction,4,satisfaction,4,0.2499,0.7166,0.032,0.0014
1009_TAI_NEU_XX,1009,unspecified,neutral,3,satisfaction,4,0.0688,0.5791,0.2099,0.1423
1009_TAI_SAD_XX,1009,unspecified,sadness,2,sadness,2,0.1487,0.1722,0.6315,0.0476
1009_TIE_ANG_XX,1009,unspecified,anger,0,anger,0,0.9939,0.0059,0.0001,0.0
1009_TIE_DIS_XX,1009,unspecified,anger,0,anger,0,0.7494,0.1994,0.0297,0.0215
1009_TIE_HAP_XX,1009,unspecified,satisfaction,4,anger,0,0.8206,0.1585,0.0082,0.0128
1009_TIE_NEU_XX,1009,unspecified,neutral,3,anger,0,0.3775,0.2604,0.028,0.3341
1009_TIE_SAD_XX,1009,unspecified,sadness,2,neutral,3,0.1509,0.2116,0.1997,0.4378
1009_TSI_ANG_XX,1009,unspecified,anger,0,anger,0,0.9974,0.0026,0.0,0.0
1009_TSI_DIS_XX,1009,unspecified,anger,0,satisfaction,4,0.2001,0.5138,0.1801,0.1061
1009_TSI_HAP_XX,1009,unspecified,satisfaction,4,satisfaction,4,0.4659,0.4974,0.0033,0.0334
1009_TSI_NEU_XX,1009,unspecified,neutral,3,satisfaction,4,0.0777,0.5164,0.1279,0.2781
1009_TSI_SAD_XX,1009,unspecified,sadness,2,sadness,2,0.0058,0.2288,0.4226,0.3427
1009_WSI_ANG_XX,1009,unspecified,anger,0,anger,0,0.9959,0.004,0.0,0.0
1009_WSI_DIS_XX,1009,unspecified,anger,0,neutral,3,0.2845,0.1726,0.1027,0.4403
1009_WSI_HAP_XX,1009,unspecified,satisfaction,4,satisfaction,4,0.1135,0.7135,0.1389,0.0341
1009_WSI_NEU_XX,1009,unspecified,neutral,3,anger,0,0.3262,0.2053,0.1758,0.2928
1009_WSI_SAD_XX,1009,unspecified,sadness,2,neutral,3,0.1351,0.1452,0.2068,0.5128
1010_DFA_ANG_XX,1010,unspecified,anger,0,anger,0,0.9937,0.0059,0.0,0.0004
1010_DFA_DIS_XX,1010,unspecified,anger,0,neutral,3,0.1124,0.2524,0.178,0.4572
1010_DFA_HAP_XX,1010,unspecified,satisfaction,4,satisfaction,4,0.2735,0.5018,0.0051,0.2196
1010_DFA_NEU_XX,1010,unspecified,neutral,3,anger,0,0.4853,0.1074,0.0839,0.3235
1010_DFA_SAD_XX,1010,unspecified,sadness,2,neutral,3,0.1953,0.2335,0.0857,0.4855
1010_IEO_ANG_HI,1010,high,anger,0,anger,0,0.9914,0.0086,0.0,0.0
1010_IEO_ANG_LO,1010,low,anger,0,anger,0,0.7951,0.0877,0.0062,0.111
1010_IEO_ANG_MD,1010,medium,anger,0,anger,0,0.9881,0.0107,0.0002,0.001
1010_IEO_DIS_HI,1010,high,anger,0,anger,0,0.9758,0.0187,0.0023,0.0032
1010_IEO_DIS_LO,1010,low,anger,0,neutral,3,0.0794,0.3661,0.1043,0.4502
1010_IEO_DIS_MD,1010,medium,anger,0,anger,0,0.62,0.3143,0.0106,0.0551
1010_IEO_HAP_HI,1010,high,satisfaction,4,anger,0,0.7334,0.2594,0.0055,0.0017
1010_IEO_HAP_LO,1010,low,satisfaction,4,satisfaction,4,0.043,0.6603,0.0606,0.236
1010_IEO_HAP_MD,1010,medium,satisfaction,4,satisfaction,4,0.1159,0.5271,0.1091,0.248
1010_IEO_NEU_XX,1010,unspecified,neutral,3,neutral,3,0.082,0.1133,0.0539,0.7509
1010_IEO_SAD_HI,1010,high,sadness,2,satisfaction,4,0.1354,0.5888,0.2254,0.0504
1010_IEO_SAD_LO,1010,low,sadness,2,neutral,3,0.0191,0.0975,0.2985,0.5849
1010_IEO_SAD_MD,1010,medium,sadness,2,neutral,3,0.3628,0.1474,0.0619,0.4279
1010_IOM_ANG_XX,1010,unspecified,anger,0,anger,0,0.9701,0.0173,0.0017,0.0109
1010_IOM_DIS_XX,1010,unspecified,anger,0,neutral,3,0.0489,0.3963,0.108,0.4468
1010_IOM_HAP_XX,1010,unspecified,satisfaction,4,satisfaction,4,0.3097,0.4978,0.0122,0.1803
1010_IOM_NEU_XX,1010,unspecified,neutral,3,neutral,3,0.0813,0.1355,0.218,0.5652
1010_IOM_SAD_XX,1010,unspecified,sadness,2,sadness,2,0.0431,0.0998,0.5146,0.3425
1010_ITH_ANG_XX,1010,unspecified,anger,0,anger,0,0.9787,0.0169,0.0009,0.0035
1010_ITH_DIS_XX,1010,unspecified,anger,0,satisfaction,4,0.1171,0.564,0.229,0.09
1010_ITH_HAP_XX,1010,unspecified,satisfaction,4,satisfaction,4,0.2962,0.5827,0.0571,0.064
1010_ITH_NEU_XX,1010,unspecified,neutral,3,neutral,3,0.0575,0.1417,0.2515,0.5493
1010_ITH_SAD_XX,1010,unspecified,sadness,2,sadness,2,0.0007,0.1924,0.7684,0.0385
1010_ITS_ANG_XX,1010,unspecified,anger,0,anger,0,0.9956,0.004,0.0,0.0004
1010_ITS_DIS_XX,1010,unspecified,anger,0,anger,0,0.7354,0.2153,0.0177,0.0316
1010_ITS_HAP_XX,1010,unspecified,satisfaction,4,satisfaction,4,0.1631,0.8198,0.0022,0.0148
1010_ITS_NEU_XX,1010,unspecified,neutral,3,satisfaction,4,0.045,0.4768,0.1769,0.3012
1010_ITS_SAD_XX,1010,unspecified,sadness,2,neutral,3,0.1777,0.2135,0.1875,0.4213
1010_IWL_ANG_XX,1010,unspecified,anger,0,anger,0,0.9909,0.0089,0.0001,0.0001
1010_IWL_DIS_XX,1010,unspecified,anger,0,neutral,3,0.0476,0.3495,0.2164,0.3865
1010_IWL_HAP_XX,1010,unspecified,satisfaction,4,satisfaction,4,0.2935,0.5926,0.0151,0.0989
1010_IWL_NEU_XX,1010,unspecified,neutral,3,satisfaction,4,0.1062,0.4333,0.0606,0.3999
1010_IWL_SAD_XX,1010,unspecified,sadness,2,satisfaction,4,0.0035,0.3389,0.3358,0.3218
1010_IWW_ANG_XX,1010,unspecified,anger,0,anger,0,0.9991,0.0008,0.0,0.0001
1010_IWW_DIS_XX,1010,unspecified,anger,0,satisfaction,4,0.0354,0.3826,0.3373,0.2446
1010_IWW_HAP_XX,1010,unspecified,satisfaction,4,satisfaction,4,0.2789,0.6405,0.0101,0.0705
1010_IWW_NEU_XX,1010,unspecified,neutral,3,neutral,3,0.1497,0.2402,0.186,0.4241
1010_IWW_SAD_XX,1010,unspecified,sadness,2,neutral,3,0.018,0.1566,0.3737,0.4517
1010_MTI_ANG_XX,1010,unspecified,anger,0,anger,0,0.9876,0.0109,0.0006,0.0009
1010_MTI_DIS_XX,1010,unspecified,anger,0,sadness,2,0.0775,0.3155,0.4608,0.1462
1010_MTI_HAP_XX,1010,unspecified,satisfaction,4,anger,0,0.8108,0.1493,0.0171,0.0228
1010_MTI_NEU_XX,1010,unspecified,neutral,3,satisfaction,4,0.1417,0.333,0.2106,0.3147
1010_MTI_SAD_XX,1010,unspecified,sadness,2,sadness,2,0.0284,0.0495,0.4668,0.4553
1010_TAI_ANG_XX,1010,unspecified,anger,0,anger,0,0.9852,0.0144,0.0001,0.0004
1010_TAI_DIS_XX,1010,unspecified,anger,0,satisfaction,4,0.0165,0.5781,0.2129,0.1925
1010_TAI_HAP_XX,1010,unspecified,satisfaction,4,satisfaction,4,0.2519,0.7075,0.0259,0.0148
1010_TAI_NEU_XX,1010,unspecified,neutral,3,satisfaction,4,0.0308,0.42,0.3449,0.2043
1010_TAI_SAD_XX,1010,unspecified,sadness,2,satisfaction,4,0.0129,0.6528,0.2617,0.0726
1010_TIE_ANG_XX,1010,unspecified,anger,0,anger,0,0.9958,0.002,0.0002,0.0019
1010_TIE_DIS_XX,1010,unspecified,anger,0,anger,0,0.6877,0.0969,0.0315,0.1839
1010_TIE_HAP_XX,1010,unspecified,satisfaction,4,anger,0,0.7302,0.1594,0.0059,0.1044
1010_TIE_NEU_XX,1010,unspecified,neutral,3,neutral,3,0.1648,0.0802,0.0442,0.7109
1010_TIE_SAD_XX,1010,unspecified,sadness,2,sadness,2,0.0098,0.094,0.7437,0.1525
1010_TSI_ANG_XX,1010,unspecified,anger,0,anger,0,0.9992,0.0008,0.0,0.0001
1010_TSI_DIS_XX,1010,unspecified,anger,0,satisfaction,4,0.0948,0.6093,0.0554,0.2405
1010_TSI_HAP_XX,1010,unspecified,satisfaction,4,anger,0,0.5734,0.4103,0.004,0.0123
1010_TSI_NEU_XX,1010,unspecified,neutral,3,satisfaction,4,0.1207,0.6205,0.044,0.2149
1010_TSI_SAD_XX,1010,unspecified,sadness,2,satisfaction,4,0.0836,0.4992,0.0908,0.3264
1010_WSI_ANG_XX,1010,unspecified,anger,0,anger,0,0.9961,0.0033,0.0001,0.0006
1010_WSI_DIS_XX,1010,unspecified,anger,0,neutral,3,0.1198,0.1361,0.3139,0.4303
1010_WSI_HAP_XX,1010,unspecified,satisfaction,4,anger,0,0.9508,0.0392,0.0007,0.0093
1010_WSI_NEU_XX,1010,unspecified,neutral,3,sadness,2,0.2393,0.1444,0.3208,0.2956
1010_WSI_SAD_XX,1010,unspecified,sadness,2,neutral,3,0.0541,0.1342,0.3998,0.4119
1011_DFA_ANG_XX,1011,unspecified,anger,0,anger,0,0.9457,0.0518,0.0001,0.0023
1011_DFA_DIS_XX,1011,unspecified,anger,0,satisfaction,4,0.0185,0.4535,0.3183,0.2098
1011_DFA_HAP_XX,1011,unspecified,satisfaction,4,satisfaction,4,0.0161,0.5808,0.028,0.375
1011_DFA_NEU_XX,1011,unspecified,neutral,3,neutral,3,0.0837,0.2799,0.1552,0.4811
1011_DFA_SAD_XX,1011,unspecified,sadness,2,sadness,2,0.0011,0.0712,0.4973,0.4304
1011_IEO_ANG_HI,1011,high,anger,0,anger,0,0.9976,0.0023,0.0,0.0001
1011_IEO_ANG_LO,1011,low,anger,0,anger,0,0.9895,0.008,0.0003,0.0023
1011_IEO_ANG_MD,1011,medium,anger,0,anger,0,0.9893,0.0106,0.0,0.0001
1011_IEO_DIS_HI,1011,high,anger,0,anger,0,0.7967,0.1942,0.0049,0.0042
1011_IEO_DIS_LO,1011,low,anger,0,sadness,2,0.0029,0.1849,0.7367,0.0755
1011_IEO_DIS_MD,1011,medium,anger,0,satisfaction,4,0.1136,0.65,0.1705,0.0659
1011_IEO_HAP_HI,1011,high,satisfaction,4,satisfaction,4,0.2559,0.6831,0.0083,0.0527
1011_IEO_HAP_LO,1011,low,satisfaction,4,sadness,2,0.0117,0.3368,0.5042,0.1474
1011_IEO_HAP_MD,1011,medium,satisfaction,4,satisfaction,4,0.0012,0.7947,0.1305,0.0735
1011_IEO_NEU_XX,1011,unspecified,neutral,3,neutral,3,0.0131,0.3207,0.0978,0.5685
1011_IEO_SAD_HI,1011,high,sadness,2,anger,0,0.5489,0.1902,0.1244,0.1365
1011_IEO_SAD_LO,1011,low,sadness,2,sadness,2,0.1375,0.1827,0.5253,0.1544
1011_IEO_SAD_MD,1011,medium,sadness,2,sadness,2,0.0059,0.0298,0.7651,0.1993
1011_IOM_ANG_XX,1011,unspecified,anger,0,anger,0,0.8914,0.0983,0.0037,0.0065
1011_IOM_DIS_XX,1011,unspecified,anger,0,satisfaction,4,0.0482,0.6088,0.3141,0.029
1011_IOM_HAP_XX,1011,unspecified,satisfaction,4,satisfaction,4,0.0434,0.4887,0.1375,0.3304
1011_IOM_NEU_XX,1011,unspecified,neutral,3,satisfaction,4,0.0075,0.3733,0.3184,0.3008
1011_IOM_SAD_XX,1011,unspecified,sadness,2,sadness,2,0.0007,0.1143,0.8402,0.0448
1011_ITH_ANG_XX,1011,unspecified,anger,0,anger,0,0.9318,0.0277,0.0004,0.0401
1011_ITH_DIS_XX,1011,unspecified,anger,0,satisfaction,4,0.001,0.5998,0.2879,0.1114
1011_ITH_HAP_XX,1011,unspecified,satisfaction,4,neutral,3,0.0199,0.4461,0.0328,0.5012
1011_ITH_NEU_XX,1011,unspecified,neutral,3,neutral,3,0.0297,0.2307,0.0501,0.6895
1011_ITH_SAD_XX,1011,unspecified,sadness,2,sadness,2,0.0004,0.4004,0.4528,0.1464
1011_ITS_ANG_XX,1011,unspecified,anger,0,anger,0,0.9113,0.0611,0.0014,0.0262
1011_ITS_DIS_XX,1011,unspecified,anger,0,satisfaction,4,0.0085,0.6874,0.1829,0.1212
1011_ITS_HAP_XX,1011,unspecified,satisfaction,4,satisfaction,4,0.0059,0.6883,0.0986,0.2072
1011_ITS_NEU_XX,1011,unspecified,neutral,3,neutral,3,0.0228,0.3667,0.1215,0.4889
1011_ITS_SAD_XX,1011,unspecified,sadness,2,sadness,2,0.0008,0.1457,0.5965,0.2569
1011_IWL_ANG_XX,1011,unspecified,anger,0,anger,0,0.7216,0.2654,0.0006,0.0123
1011_IWL_DIS_XX,1011,unspecified,anger,0,satisfaction,4,0.0054,0.5226,0.1687,0.3033
1011_IWL_HAP_XX,1011,unspecified,satisfaction,4,neutral,3,0.1119,0.3814,0.0423,0.4643
1011_IWL_NEU_XX,1011,unspecified,neutral,3,satisfaction,4,0.0234,0.545,0.1148,0.3168
1011_IWL_SAD_XX,1011,unspecified,sadness,2,sadness,2,0.001,0.2304,0.3877,0.3809
1011_IWW_ANG_XX,1011,unspecified,anger,0,anger,0,0.9171,0.0694,0.0024,0.0111
1011_IWW_DIS_XX,1011,unspecified,anger,0,satisfaction,4,0.2559,0.3955,0.1229,0.2257
1011_IWW_HAP_XX,1011,unspecified,satisfaction,4,satisfaction,4,0.0126,0.5972,0.127,0.2632
1011_IWW_NEU_XX,1011,unspecified,neutral,3,satisfaction,4,0.0647,0.4402,0.2097,0.2854
1011_IWW_SAD_XX,1011,unspecified,sadness,2,sadness,2,0.0023,0.0838,0.5572,0.3568
1011_MTI_ANG_XX,1011,unspecified,anger,0,anger,0,0.9976,0.0019,0.0,0.0004
1011_MTI_DIS_XX,1011,unspecified,anger,0,sadness,2,0.0252,0.2401,0.4114,0.3233
1011_MTI_HAP_XX,1011,unspecified,satisfaction,4,neutral,3,0.1479,0.1931,0.2124,0.4466
1011_MTI_NEU_XX,1011,unspecified,neutral,3,neutral,3,0.0155,0.1006,0.3076,0.5763
1011_MTI_SAD_XX,1011,unspecified,sadness,2,sadness,2,0.0115,0.0847,0.4862,0.4175
1011_TAI_ANG_XX,1011,unspecified,anger,0,anger,0,0.9759,0.0229,0.0002,0.0011
1011_TAI_DIS_XX,1011,unspecified,anger,0,satisfaction,4,0.0787,0.4362,0.4027,0.0823
1011_TAI_HAP_XX,1011,unspecified,satisfaction,4,satisfaction,4,0.0937,0.6616,0.1843,0.0605
1011_TAI_NEU_XX,1011,unspecified,neutral,3,neutral,3,0.0223,0.3982,0.1449,0.4346
1011_TAI_SAD_XX,1011,unspecified,sadness,2,sadness,2,0.014,0.3277,0.5576,0.1007
1011_TIE_ANG_XX,1011,unspecified,anger,0,anger,0,0.9635,0.0293,0.0011,0.0062
1011_TIE_DIS_XX,1011,unspecified,anger,0,anger,0,0.6862,0.2369,0.0143,0.0626
1011_TIE_HAP_XX,1011,unspecified,satisfaction,4,satisfaction,4,0.242,0.3805,0.0194,0.3581
1011_TIE_NEU_XX,1011,unspecified,neutral,3,neutral,3,0.1316,0.2567,0.2156,0.3961
1011_TIE_SAD_XX,1011,unspecified,sadness,2,sadness,2,0.0084,0.2465,0.4891,0.256
1011_TSI_ANG_XX,1011,unspecified,anger,0,anger,0,0.9598,0.0356,0.0002,0.0044
1011_TSI_DIS_XX,1011,unspecified,anger,0,satisfaction,4,0.0039,0.6984,0.2041,0.0936
1011_TSI_HAP_XX,1011,unspecified,satisfaction,4,satisfaction,4,0.0254,0.8099,0.0332,0.1315
1011_TSI_NEU_XX,1011,unspecified,neutral,3,neutral,3,0.0169,0.4272,0.0488,0.5071
1011_TSI_SAD_XX,1011,unspecified,sadness,2,sadness,2,0.0007,0.1944,0.5274,0.2775
1011_WSI_ANG_XX,1011,unspecified,anger,0,anger,0,0.9814,0.0165,0.0002,0.0019
1011_WSI_DIS_XX,1011,unspecified,anger,0,sadness,2,0.0055,0.0968,0.7796,0.118
1011_WSI_HAP_XX,1011,unspecified,satisfaction,4,satisfaction,4,0.153,0.6706,0.027,0.1494
1011_WSI_NEU_XX,1011,unspecified,neutral,3,sadness,2,0.0221,0.0537,0.4655,0.4587
1011_WSI_SAD_XX,1011,unspecified,sadness,2,neutral,3,0.002,0.1057,0.3699,0.5224
1012_DFA_ANG_XX,1012,unspecified,anger,0,anger,0,0.9811,0.016,0.0019,0.001
1012_DFA_DIS_XX,1012,unspecified,anger,0,anger,0,0.7271,0.1078,0.0321,0.1331
1012_DFA_HAP_XX,1012,unspecified,satisfaction,4,anger,0,0.8285,0.1606,0.0016,0.0093
1012_DFA_NEU_XX,1012,unspecified,neutral,3,anger,0,0.7367,0.1268,0.0437,0.0928
1012_DFA_SAD_XX,1012,unspecified,sadness,2,sadness,2,0.035,0.1158,0.5721,0.277
1012_IEO_ANG_HI,1012,high,anger,0,anger,0,0.983,0.0165,0.0005,0.0
1012_IEO_ANG_LO,1012,low,anger,0,satisfaction,4,0.1225,0.3604,0.2713,0.2458
1012_IEO_ANG_MD,1012,medium,anger,0,anger,0,0.9717,0.022,0.0029,0.0034
1012_IEO_DIS_HI,1012,high,anger,0,anger,0,0.4485,0.3146,0.2065,0.0304
1012_IEO_DIS_LO,1012,low,anger,0,satisfaction,4,0.0107,0.5243,0.1273,0.3377
1012_IEO_DIS_MD,1012,medium,anger,0,satisfaction,4,0.2362,0.5314,0.2039,0.0285
1012_IEO_HAP_HI,1012,high,satisfaction,4,anger,0,0.5557,0.3786,0.049,0.0167
1012_IEO_HAP_LO,1012,low,satisfaction,4,neutral,3,0.0519,0.3218,0.2105,0.4158
1012_IEO_HAP_MD,1012,medium,satisfaction,4,sadness,2,0.0051,0.3798,0.4291,0.1859
1012_IEO_NEU_XX,1012,unspecified,neutral,3,satisfaction,4,0.0954,0.4524,0.1866,0.2656
1012_IEO_SAD_HI,1012,high,sadness,2,satisfaction,4,0.0535,0.5356,0.26,0.1509
1012_IEO_SAD_LO,1012,low,sadness,2,sadness,2,0.0218,0.0889,0.6328,0.2565
1012_IEO_SAD_MD,1012,medium,sadness,2,sadness,2,0.0045,0.3244,0.3804,0.2907
1012_IOM_ANG_XX,1012,unspecified,anger,0,anger,0,0.7343,0.1609,0.0981,0.0068
1012_IOM_DIS_XX,1012,unspecified,anger,0,sadness,2,0.0259,0.0926,0.6362,0.2453
1012_IOM_HAP_XX,1012,unspecified,satisfaction,4,sadness,2,0.0558,0.4124,0.4159,0.116
1012_IOM_NEU_XX,1012,unspecified,neutral,3,satisfaction,4,0.2283,0.3578,0.0767,0.3372
1012_IOM_SAD_XX,1012,unspecified,sadness,2,satisfaction,4,0.0372,0.3649,0.2989,0.2991
1012_ITH_ANG_XX,1012,unspecified,anger,0,anger,0,0.8824,0.0694,0.0305,0.0177
1012_ITH_DIS_XX,1012,unspecified,anger,0,sadness,2,0.0751,0.0694,0.7529,0.1026
1012_ITH_HAP_XX,1012,unspecified,satisfaction,4,satisfaction,4,0.0415,0.5979,0.2856,0.075
1012_ITH_NEU_XX,1012,unspecified,neutral,3,neutral,3,0.0878,0.1765,0.102,0.6337
1012_ITH_SAD_XX,1012,unspecified,sadness,2,sadness,2,0.0021,0.0281,0.914,0.0558
1012_ITS_ANG_XX,1012,unspecified,anger,0,anger,0,0.7583,0.1619,0.0474,0.0324
1012_ITS_DIS_XX,1012,unspecified,anger,0,satisfaction,4,0.0818,0.6064,0.2065,0.1053
1012_ITS_HAP_XX,1012,unspecified,satisfaction,4,satisfaction,4,0.0278,0.6196,0.3361,0.0165
1012_ITS_NEU_XX,1012,unspecified,neutral,3,satisfaction,4,0.1949,0.418,0.0797,0.3074
1012_ITS_SAD_XX,1012,unspecified,sadness,2,sadness,2,0.0474,0.1436,0.4638,0.3452
1012_IWL_ANG_XX,1012,unspecified,anger,0,anger,0,0.8432,0.1076,0.0354,0.0138
1012_IWL_DIS_XX,1012,unspecified,anger,0,satisfaction,4,0.0319,0.5221,0.1053,0.3408
1012_IWL_HAP_XX,1012,unspecified,satisfaction,4,satisfaction,4,0.0511,0.8501,0.0395,0.0593
1012_IWL_NEU_XX,1012,unspecified,neutral,3,satisfaction,4,0.1365,0.5818,0.1272,0.1545
1012_IWL_SAD_XX,1012,unspecified,sadness,2,sadness,2,0.002,0.0472,0.9049,0.0459
1012_IWW_ANG_XX,1012,unspecified,anger,0,anger,0,0.5368,0.1031,0.0869,0.2732
1012_IWW_DIS_XX,1012,unspecified,anger,0,sadness,2,0.0258,0.1798,0.701,0.0934
1012_IWW_HAP_XX,1012,unspecified,satisfaction,4,satisfaction,4,0.0454,0.6179,0.2436,0.093
1012_IWW_NEU_XX,1012,unspecified,neutral,3,neutral,3,0.1408,0.111,0.1418,0.6064
1012_IWW_SAD_XX,1012,unspecified,sadness,2,sadness,2,0.0135,0.2934,0.5232,0.1699
1012_MTI_ANG_XX,1012,unspecified,anger,0,anger,0,0.953,0.0174,0.0192,0.0104
1012_MTI_DIS_XX,1012,unspecified,anger,0,sadness,2,0.0094,0.0473,0.8517,0.0916
1012_MTI_HAP_XX,1012,unspecified,satisfaction,4,sadness,2,0.0128,0.1621,0.782,0.0431
1012_MTI_NEU_XX,1012,unspecified,neutral,3,sadness,2,0.2614,0.0957,0.5599,0.083
1012_MTI_SAD_XX,1012,unspecified,sadness,2,sadness,2,0.0123,0.0325,0.9263,0.029
1012_TAI_ANG_XX,1012,unspecified,anger,0,anger,0,0.6303,0.2216,0.1435,0.0046
1012_TAI_DIS_XX,1012,unspecified,anger,0,sadness,2,0.0088,0.3386,0.6196,0.033
1012_TAI_HAP_XX,1012,unspecified,satisfaction,4,sadness,2,0.1184,0.3383,0.5122,0.0312
1012_TAI_NEU_XX,1012,unspecified,neutral,3,satisfaction,4,0.0267,0.6983,0.2526,0.0225
1012_TAI_SAD_XX,1012,unspecified,sadness,2,sadness,2,0.0011,0.046,0.9369,0.0161
1012_TIE_ANG_XX,1012,unspecified,anger,0,anger,0,0.9887,0.0088,0.0009,0.0016
1012_TIE_DIS_XX,1012,unspecified,anger,0,sadness,2,0.0943,0.1615,0.521,0.2232
1012_TIE_HAP_XX,1012,unspecified,satisfaction,4,anger,0,0.3455,0.2186,0.3259,0.11
1012_TIE_NEU_XX,1012,unspecified,neutral,3,neutral,3,0.1747,0.2143,0.2126,0.3984
1012_TIE_SAD_XX,1012,unspecified,sadness,2,sadness,2,0.0223,0.1047,0.4545,0.4186
1012_TSI_ANG_XX,1012,unspecified,anger,0,satisfaction,4,0.3422,0.6232,0.0165,0.0181
1012_TSI_DIS_XX,1012,unspecified,anger,0,satisfaction,4,0.0184,0.6266,0.2244,0.1305
1012_TSI_HAP_XX,1012,unspecified,satisfaction,4,satisfaction,4,0.0358,0.8307,0.0507,0.0827
1012_TSI_NEU_XX,1012,unspecified,neutral,3,satisfaction,4,0.1407,0.6873,0.0425,0.1294
1012_TSI_SAD_XX,1012,unspecified,sadness,2,sadness,2,0.0046,0.2029,0.5982,0.1943
1012_WSI_ANG_XX,1012,unspecified,anger,0,anger,0,0.9551,0.0426,0.0017,0.0007
1012_WSI_DIS_XX,1012,unspecified,anger,0,sadness,2,0.1327,0.1436,0.4697,0.2541
1012_WSI_HAP_XX,1012,unspecified,satisfaction,4,anger,0,0.684,0.2488,0.0359,0.0313
1012_WSI_NEU_XX,1012,unspecified,neutral,3,anger,0,0.6053,0.111,0.2383,0.0454
1012_WSI_SAD_XX,1012,unspecified,sadness,2,sadness,2,0.03,0.1465,0.7187,0.1048
1013_DFA_ANG_XX,1013,unspecified,anger,0,anger,0,0.9997,0.0002,0.0,0.0
1013_DFA_DIS_XX,1013,unspecified,anger,0,satisfaction,4,0.1879,0.4043,0.0253,0.3825
1013_DFA_HAP_XX,1013,unspecified,satisfaction,4,anger,0,0.9383,0.0459,0.0007,0.0152
1013_DFA_NEU_XX,1013,unspecified,neutral,3,neutral,3,0.4241,0.1314,0.0111,0.4334
1013_DFA_SAD_XX,1013,unspecified,sadness,2,neutral,3,0.1252,0.0646,0.3166,0.4935
1013_IEO_ANG_HI,1013,high,anger,0,anger,0,0.9986,0.0014,0.0,0.0
1013_IEO_ANG_LO,1013,low,anger,0,anger,0,0.9844,0.0146,0.0001,0.0009
1013_IEO_ANG_MD,1013,medium,anger,0,anger,0,0.9598,0.0391,0.0005,0.0006
1013_IEO_DIS_HI,1013,high,anger,0,satisfaction,4,0.0113,0.418,0.3266,0.2441
1013_IEO_DIS_LO,1013,low,anger,0,satisfaction,4,0.027,0.4095,0.3249,0.2385
1013_IEO_DIS_MD,1013,medium,anger,0,satisfaction,4,0.2151,0.6759,0.0771,0.0319
1013_IEO_HAP_HI,1013,high,satisfaction,4,satisfaction,4,0.053,0.9464,0.0001,0.0004
1013_IEO_HAP_LO,1013,low,satisfaction,4,satisfaction,4,0.1496,0.4319,0.1137,0.3048
1013_IEO_HAP_MD,1013,medium,satisfaction,4,satisfaction,4,0.3954,0.4213,0.0396,0.1437
1013_IEO_NEU_XX,1013,unspecified,neutral,3,satisfaction,4,0.0103,0.5421,0.1027,0.3449
1013_IEO_SAD_HI,1013,high,sadness,2,satisfaction,4,0.0101,0.6079,0.2036,0.1784
1013_IEO_SAD_LO,1013,low,sadness,2,sadness,2,0.0005,0.2901,0.4558,0.2535
1013_IEO_SAD_MD,1013,medium,sadness,2,satisfaction,4,0.006,0.4668,0.2679,0.2593
1013_IOM_ANG_XX,1013,unspecified,anger,0,anger,0,0.9447,0.0535,0.0009,0.0008
1013_IOM_DIS_XX,1013,unspecified,anger,0,sadness,2,0.0071,0.2838,0.6128,0.0963
1013_IOM_HAP_XX,1013,unspecified,satisfaction,4,sadness,2,0.134,0.2696,0.4425,0.1539
1013_IOM_NEU_XX,1013,unspecified,neutral,3,neutral,3,0.0948,0.2782,0.0484,0.5787
1013_IOM_SAD_XX,1013,unspecified,sadness,2,sadness,2,0.0014,0.0211,0.9446,0.0329
1013_ITH_ANG_XX,1013,unspecified,anger,0,anger,0,0.9956,0.0043,0.0001,0.0
1013_ITH_DIS_XX,1013,unspecified,anger,0,sadness,2,0.0054,0.2886,0.6006,0.1054
1013_ITH_HAP_XX,1013,unspecified,satisfaction,4,anger,0,0.7161,0.28,0.0029,0.001
1013_ITH_NEU_XX,1013,unspecified,neutral,3,neutral,3,0.0133,0.0541,0.0485,0.8841
1013_ITH_SAD_XX,1013,unspecified,sadness,2,sadness,2,0.0006,0.0683,0.86,0.0711
1013_ITS_ANG_XX,1013,unspecified,anger,0,anger,0,0.9964,0.0035,0.0,0.0001
1013_ITS_DIS_XX,1013,unspecified,anger,0,satisfaction,4,0.0023,0.8533,0.0206,0.1238
1013_ITS_HAP_XX,1013,unspecified,satisfaction,4,satisfaction,4,0.3315,0.6548,0.0049,0.0089
1013_ITS_NEU_XX,1013,unspecified,neutral,3,satisfaction,4,0.0106,0.6548,0.1192,0.2155
1013_ITS_SAD_XX,1013,unspecified,sadness,2,sadness,2,0.0016,0.0785,0.8657,0.0542
1013_IWL_ANG_XX,1013,unspecified,anger,0,anger,0,0.9719,0.0281,0.0,0.0
1013_IWL_DIS_XX,1013,unspecified,anger,0,satisfaction,4,0.0491,0.9167,0.0083,0.0259
1013_IWL_HAP_XX,1013,unspecified,satisfaction,4,satisfaction,4,0.3921,0.5833,0.0219,0.0028
1013_IWL_NEU_XX,1013,unspecified,neutral,3,satisfaction,4,0.1005,0.4529,0.0233,0.4233
1013_IWL_SAD_XX,1013,unspecified,sadness,2,satisfaction,4,0.0108,0.556,0.2381,0.1952
1013_IWW_ANG_XX,1013,unspecified,anger,0,anger,0,0.9915,0.0084,0.0,0.0
1013_IWW_DIS_XX,1013,unspecified,anger,0,neutral,3,0.0477,0.1422,0.0279,0.7821
1013_IWW_HAP_XX,1013,unspecified,satisfaction,4,satisfaction,4,0.0527,0.8611,0.0191,0.0671
1013_IWW_NEU_XX,1013,unspecified,neutral,3,neutral,3,0.0315,0.1144,0.155,0.6991
1013_IWW_SAD_XX,1013,unspecified,sadness,2,sadness,2,0.0018,0.1747,0.783,0.0404
1013_MTI_ANG_XX,1013,unspecified,anger,0,anger,0,0.9953,0.0045,0.0002,0.0
1013_MTI_DIS_XX,1013,unspecified,anger,0,satisfaction,4,0.0314,0.5036,0.3354,0.1296
1013_MTI_HAP_XX,1013,unspecified,satisfaction,4,satisfaction,4,0.06,0.7543,0.1848,0.0009
1013_MTI_NEU_XX,1013,unspecified,neutral,3,neutral,3,0.2066,0.1473,0.1837,0.4624
1013_MTI_SAD_XX,1013,unspecified,sadness,2,sadness,2,0.0025,0.0296,0.8675,0.1005
1013_TAI_ANG_XX,1013,unspecified,anger,0,anger,0,0.8944,0.1051,0.0004,0.0001
1013_TAI_DIS_XX,1013,unspecified,anger,0,neutral,3,0.0833,0.2604,0.2803,0.376
1013_TAI_HAP_XX,1013,unspecified,satisfaction,4,anger,0,0.5601,0.4244,0.0152,0.0002
1013_TAI_NEU_XX,1013,unspecified,neutral,3,satisfaction,4,0.0056,0.7081,0.1402,0.1461
1013_TAI_SAD_XX,1013,unspecified,sadness,2,sadness,2,0.0001,0.0223,0.9754,0.0021
1013_TIE_ANG_XX,1013,unspecified,anger,0,anger,0,0.9988,0.0012,0.0,0.0
1013_TIE_DIS_XX,1013,unspecified,anger,0,satisfaction,4,0.3845,0.3985,0.1339,0.083
1013_TIE_HAP_XX,1013,unspecified,satisfaction,4,anger,0,0.797,0.1747,0.0084,0.0199
1013_TIE_NEU_XX,1013,unspecified,neutral,3,neutral,3,0.2796,0.1955,0.0659,0.459
1013_TIE_SAD_XX,1013,unspecified,sadness,2,sadness,2,0.0118,0.0342,0.9127,0.0413
1013_TSI_ANG_XX,1013,unspecified,anger,0,anger,0,0.978,0.0218,0.0,0.0002
1013_TSI_DIS_XX,1013,unspecified,anger,0,satisfaction,4,0.0099,0.8542,0.0487,0.0872
1013_TSI_HAP_XX,1013,unspecified,satisfaction,4,anger,0,0.6543,0.3432,0.0006,0.0019
1013_TSI_NEU_XX,1013,unspecified,neutral,3,neutral,3,0.0467,0.2886,0.1869,0.4779
1013_TSI_SAD_XX,1013,unspecified,sadness,2,satisfaction,4,0.0086,0.4698,0.4629,0.0587
1013_WSI_ANG_XX,1013,unspecified,anger,0,anger,0,0.9984,0.0015,0.0001,0.0
1013_WSI_DIS_XX,1013,unspecified,anger,0,neutral,3,0.0997,0.2583,0.1084,0.5336
1013_WSI_HAP_XX,1013,unspecified,satisfaction,4,anger,0,0.7954,0.1899,0.0146,0.0002
1013_WSI_NEU_XX,1013,unspecified,neutral,3,neutral,3,0.2801,0.1784,0.2399,0.3016
1013_WSI_SAD_XX,1013,unspecified,sadness,2,neutral,3,0.0997,0.2583,0.1084,0.5336
1014_DFA_ANG_XX,1014,unspecified,anger,0,anger,0,0.9843,0.015,0.0,0.0006
1014_DFA_DIS_XX,1014,unspecified,anger,0,neutral,3,0.0259,0.1816,0.3375,0.455
1014_DFA_HAP_XX,1014,unspecified,satisfaction,4,satisfaction,4,0.0654,0.8218,0.0029,0.11
1014_DFA_NEU_XX,1014,unspecified,neutral,3,satisfaction,4,0.3085,0.3471,0.0435,0.3009
1014_DFA_SAD_XX,1014,unspecified,sadness,2,neutral,3,0.0238,0.1231,0.1461,0.7069
1014_IEO_ANG_HI,1014,high,anger,0,anger,0,0.9874,0.0126,0.0,0.0
1014_IEO_ANG_LO,1014,low,anger,0,anger,0,0.8974,0.0675,0.0022,0.0329
1014_IEO_ANG_MD,1014,medium,anger,0,anger,0,0.939,0.0508,0.0009,0.0093
1014_IEO_DIS_HI,1014,high,anger,0,satisfaction,4,0.0215,0.8648,0.0985,0.0153
1014_IEO_DIS_LO,1014,low,anger,0,neutral,3,0.0068,0.1938,0.3621,0.4373
1014_IEO_DIS_MD,1014,medium,anger,0,satisfaction,4,0.1019,0.7897,0.0616,0.0468
1014_IEO_HAP_HI,1014,high,satisfaction,4,satisfaction,4,0.2356,0.7529,0.0079,0.0036
1014_IEO_HAP_LO,1014,low,satisfaction,4,satisfaction,4,0.0265,0.6172,0.0406,0.3157
1014_IEO_HAP_MD,1014,medium,satisfaction,4,satisfaction,4,0.0917,0.7329,0.043,0.1324
1014_IEO_NEU_XX,1014,unspecified,neutral,3,satisfaction,4,0.0613,0.4714,0.2424,0.2249
1014_IEO_SAD_HI,1014,high,sadness,2,neutral,3,0.0004,0.3109,0.1154,0.5733
1014_IEO_SAD_LO,1014,low,sadness,2,neutral,3,0.0044,0.1213,0.3068,0.5675
1014_IEO_SAD_MD,1014,medium,sadness,2,sadness,2,0.0008,0.1379,0.4795,0.3818
1014_IOM_ANG_XX,1014,unspecified,anger,0,anger,0,0.8025,0.1804,0.0141,0.0029
1014_IOM_DIS_XX,1014,unspecified,anger,0,sadness,2,0.0198,0.1813,0.7178,0.0811
1014_IOM_HAP_XX,1014,unspecified,satisfaction,4,anger,0,0.5522,0.2968,0.0626,0.0884
1014_IOM_NEU_XX,1014,unspecified,neutral,3,satisfaction,4,0.1313,0.4511,0.1163,0.3013
1014_IOM_SAD_XX,1014,unspecified,sadness,2,sadness,2,0.0015,0.1069,0.8576,0.0341
1014_ITH_ANG_XX,1014,unspecified,anger,0,satisfaction,4,0.1391,0.4986,0.3264,0.0359
1014_ITH_DIS_XX,1014,unspecified,anger,0,satisfaction,4,0.007,0.5721,0.277,0.1439
1014_ITH_HAP_XX,1014,unspecified,satisfaction,4,satisfaction,4,0.0346,0.7246,0.0211,0.2197
1014_ITH_NEU_XX,1014,unspecified,neutral,3,neutral,3,0.0676,0.4083,0.1016,0.4225
1014_ITH_SAD_XX,1014,unspecified,sadness,2,sadness,2,0.0004,0.0988,0.4977,0.4031
1014_ITS_ANG_XX,1014,unspecified,anger,0,anger,0,0.8963,0.0964,0.0039,0.0034
1014_ITS_DIS_XX,1014,unspecified,anger,0,sadness,2,0.0088,0.3649,0.4607,0.1655
1014_ITS_HAP_XX,1014,unspecified,satisfaction,4,satisfaction,4,0.278,0.6399,0.0087,0.0733
1014_ITS_NEU_XX,1014,unspecified,neutral,3,neutral,3,0.2666,0.1999,0.0843,0.4492
1014_ITS_SAD_XX,1014,unspecified,sadness,2,sadness,2,0.0003,0.1059,0.8203,0.0735
1014_IWL_ANG_XX,1014,unspecified,anger,0,anger,0,0.9546,0.0421,0.0009,0.0025
1014_IWL_DIS_XX,1014,unspecified,anger,0,neutral,3,0.0698,0.3561,0.2045,0.3696
1014_IWL_HAP_XX,1014,unspecified,satisfaction,4,anger,0,0.4923,0.4773,0.006,0.0245
1014_IWL_NEU_XX,1014,unspecified,neutral,3,satisfaction,4,0.1243,0.5773,0.1258,0.1726
1014_IWL_SAD_XX,1014,unspecified,sadness,2,neutral,3,0.0016,0.0775,0.3757,0.5452
1014_IWW_ANG_XX,1014,unspecified,anger,0,anger,0,0.9945,0.0049,0.0001,0.0004
1014_IWW_DIS_XX,1014,unspecified,anger,0,sadness,2,0.0359,0.19,0.4413,0.3328
1014_IWW_HAP_XX,1014,unspecified,satisfaction,4,satisfaction,4,0.1056,0.7617,0.0378,0.0948
1014_IWW_NEU_XX,1014,unspecified,neutral,3,neutral,3,0.1829,0.155,0.2157,0.4464
1014_IWW_SAD_XX,1014,unspecified,sadness,2,sadness,2,0.0004,0.0513,0.7978,0.1506
1014_MTI_ANG_XX,1014,unspecified,anger,0,anger,0,0.9783,0.013,0.0068,0.0018
1014_MTI_DIS_XX,1014,unspecified,anger,0,sadness,2,0.0363,0.0925,0.6253,0.2459
1014_MTI_HAP_XX,1014,unspecified,satisfaction,4,anger,0,0.6422,0.2978,0.0109,0.0491
1014_MTI_NEU_XX,1014,unspecified,neutral,3,anger,0,0.5025,0.2274,0.2005,0.0696
1014_MTI_SAD_XX,1014,unspecified,sadness,2,sadness,2,0.0069,0.0132,0.9094,0.0705
1014_TAI_ANG_XX,1014,unspecified,anger,0,anger,0,0.8423,0.1522,0.0039,0.0017
1014_TAI_DIS_XX,1014,unspecified,anger,0,sadness,2,0.0358,0.2522,0.6459,0.0661
1014_TAI_HAP_XX,1014,unspecified,satisfaction,4,anger,0,0.6141,0.3649,0.0146,0.0064
1014_TAI_NEU_XX,1014,unspecified,neutral,3,satisfaction,4,0.0824,0.4243,0.4117,0.0816
1014_TAI_SAD_XX,1014,unspecified,sadness,2,sadness,2,0.0036,0.1144,0.4906,0.3915
1014_TIE_ANG_XX,1014,unspecified,anger,0,anger,0,0.9971,0.0028,0.0,0.0001
1014_TIE_DIS_XX,1014,unspecified,anger,0,anger,0,0.5399,0.3614,0.0579,0.0408
1014_TIE_HAP_XX,1014,unspecified,satisfaction,4,anger,0,0.983,0.0163,0.0001,0.0006
1014_TIE_NEU_XX,1014,unspecified,neutral,3,anger,0,0.8166,0.0837,0.0137,0.086
1014_TIE_SAD_XX,1014,unspecified,sadness,2,neutral,3,0.0058,0.2664,0.306,0.4217
1014_TSI_ANG_XX,1014,unspecified,anger,0,anger,0,0.8966,0.0935,0.003,0.0068
1014_TSI_DIS_XX,1014,unspecified,anger,0,sadness,2,0.0041,0.1042,0.6658,0.2259
1014_TSI_HAP_XX,1014,unspecified,satisfaction,4,satisfaction,4,0.3876,0.5687,0.0159,0.0278
1014_TSI_NEU_XX,1014,unspecified,neutral,3,anger,0,0.4027,0.3514,0.0605,0.1854
1014_TSI_SAD_XX,1014,unspecified,sadness,2,sadness,2,0.0004,0.0642,0.7231,0.2123
1014_WSI_ANG_XX,1014,unspecified,anger,0,anger,0,0.995,0.0047,0.0001,0.0002
1014_WSI_DIS_XX,1014,unspecified,anger,0,neutral,3,0.0156,0.1016,0.3137,0.5691
1014_WSI_HAP_XX,1014,unspecified,satisfaction,4,anger,0,0.9351,0.0559,0.0008,0.0082
1014_WSI_NEU_XX,1014,unspecified,neutral,3,anger,0,0.8538,0.0715,0.0145,0.0602
1014_WSI_SAD_XX,1014,unspecified,sadness,2,sadness,2,0.0011,0.0103,0.6659,0.3226
1015_DFA_ANG_XX,1015,unspecified,anger,0,anger,0,0.8601,0.1281,0.0035,0.0083
1015_DFA_DIS_XX,1015,unspecified,anger,0,satisfaction,4,0.0204,0.7862,0.0393,0.1541
1015_DFA_HAP_XX,1015,unspecified,satisfaction,4,anger,0,0.7398,0.2003,0.0023,0.0576
1015_DFA_NEU_XX,1015,unspecified,neutral,3,satisfaction,4,0.0527,0.4592,0.0298,0.4583
1015_DFA_SAD_XX,1015,unspecified,sadness,2,sadness,2,0.0006,0.1571,0.4632,0.3791
1015_IEO_ANG_HI,1015,high,anger,0,anger,0,0.9983,0.0016,0.0,0.0
1015_IEO_ANG_LO,1015,low,anger,0,anger,0,0.9733,0.0236,0.0005,0.0025
1015_IEO_ANG_MD,1015,medium,anger,0,anger,0,0.3902,0.3238,0.2331,0.0528
1015_IEO_DIS_HI,1015,high,anger,0,sadness,2,0.0066,0.287,0.4871,0.2194
1015_IEO_DIS_LO,1015,low,anger,0,satisfaction,4,0.0141,0.4639,0.2698,0.2523
1015_IEO_DIS_MD,1015,medium,anger,0,sadness,2,0.0234,0.1939,0.6007,0.182
1015_IEO_HAP_HI,1015,high,satisfaction,4,satisfaction,4,0.0267,0.6244,0.1528,0.1961
1015_IEO_HAP_LO,1015,low,satisfaction,4,neutral,3,0.0202,0.3419,0.2661,0.3718
1015_IEO_HAP_MD,1015,medium,satisfaction,4,satisfaction,4,0.2651,0.3356,0.0682,0.3311
1015_IEO_NEU_XX,1015,unspecified,neutral,3,neutral,3,0.0628,0.1716,0.2956,0.47
1015_IEO_SAD_HI,1015,high,sadness,2,sadness,2,0.0013,0.0134,0.5307,0.4545
1015_IEO_SAD_LO,1015,low,sadness,2,sadness,2,0.0,0.0423,0.9229,0.0348
1015_IEO_SAD_MD,1015,medium,sadness,2,sadness,2,0.0003,0.1642,0.7202,0.1153
1015_IOM_ANG_XX,1015,unspecified,anger,0,sadness,2,0.0195,0.2114,0.6863,0.0828
1015_IOM_DIS_XX,1015,unspecified,anger,0,sadness,2,0.0002,0.0603,0.9182,0.0213
1015_IOM_HAP_XX,1015,unspecified,satisfaction,4,satisfaction,4,0.0069,0.928,0.0481,0.0169
1015_IOM_NEU_XX,1015,unspecified,neutral,3,sadness,2,0.023,0.1181,0.4889,0.37
1015_IOM_SAD_XX,1015,unspecified,sadness,2,sadness,2,0.0003,0.0556,0.931,0.0132
1015_ITH_ANG_XX,1015,unspecified,anger,0,satisfaction,4,0.2159,0.7185,0.041,0.0246
1015_ITH_DIS_XX,1015,unspecified,anger,0,sadness,2,0.0001,0.045,0.8433,0.1117
1015_ITH_HAP_XX,1015,unspecified,satisfaction,4,satisfaction,4,0.2289,0.4595,0.0315,0.28
1015_ITH_NEU_XX,1015,unspecified,neutral,3,sadness,2,0.0003,0.0381,0.6061,0.3556
1015_ITH_SAD_XX,1015,unspecified,sadness,2,sadness,2,0.0,0.05,0.8213,0.1287
1015_ITS_ANG_XX,1015,unspecified,anger,0,anger,0,0.584,0.3559,0.0357,0.0244
1015_ITS_DIS_XX,1015,unspecified,anger,0,sadness,2,0.0103,0.1194,0.7766,0.0937
1015_ITS_HAP_XX,1015,unspecified,satisfaction,4,anger,0,0.5879,0.3526,0.006,0.0536
1015_ITS_NEU_XX,1015,unspecified,neutral,3,sadness,2,0.0066,0.1781,0.5065,0.3088
1015_ITS_SAD_XX,1015,unspecified,sadness,2,sadness,2,0.0021,0.1794,0.6372,0.1813
1015_IWL_ANG_XX,1015,unspecified,anger,0,anger,0,0.5577,0.3001,0.1236,0.0187
1015_IWL_DIS_XX,1015,unspecified,anger,0,sadness,2,0.0009,0.174,0.6711,0.154
1015_IWL_HAP_XX,1015,unspecified,satisfaction,4,satisfaction,4,0.2142,0.6765,0.0275,0.0818
1015_IWL_NEU_XX,1015,unspecified,neutral,3,satisfaction,4,0.0084,0.4367,0.4269,0.128
1015_IWL_SAD_XX,1015,unspecified,sadness,2,sadness,2,0.0008,0.1324,0.688,0.1787
1015_IWW_ANG_XX,1015,unspecified,anger,0,sadness,2,0.0009,0.0964,0.5832,0.3195
1015_IWW_DIS_XX,1015,unspecified,anger,0,sadness,2,0.0008,0.112,0.5842,0.303
1015_IWW_HAP_XX,1015,unspecified,satisfaction,4,satisfaction,4,0.0169,0.9343,0.0383,0.0105
1015_IWW_NEU_XX,1015,unspecified,neutral,3,sadness,2,0.0097,0.2496,0.3751,0.3655
1015_IWW_SAD_XX,1015,unspecified,sadness,2,sadness,2,0.0001,0.0744,0.8497,0.0758
1015_MTI_ANG_XX,1015,unspecified,anger,0,anger,0,0.4436,0.1572,0.2376,0.1616
1015_MTI_DIS_XX,1015,unspecified,anger,0,sadness,2,0.0012,0.1805,0.7252,0.0932
1015_MTI_HAP_XX,1015,unspecified,satisfaction,4,anger,0,0.5,0.1696,0.1347,0.1957
1015_MTI_NEU_XX,1015,unspecified,neutral,3,sadness,2,0.0025,0.1257,0.5848,0.287
1015_MTI_SAD_XX,1015,unspecified,sadness,2,neutral,3,0.0012,0.0751,0.3172,0.6064
1015_TAI_ANG_XX,1015,unspecified,anger,0,anger,0,0.8544,0.1359,0.0042,0.0054
1015_TAI_DIS_XX,1015,unspecified,anger,0,sadness,2,0.0,0.2816,0.6995,0.0188
1015_TAI_HAP_XX,1015,unspecified,satisfaction,4,satisfaction,4,0.0014,0.8452,0.1431,0.0103
1015_TAI_NEU_XX,1015,unspecified,neutral,3,satisfaction,4,0.016,0.7412,0.0736,0.1692
1015_TAI_SAD_XX,1015,unspecified,sadness,2,sadness,2,0.0004,0.2669,0.384,0.3488
1015_TIE_ANG_XX,1015,unspecified,anger,0,anger,0,0.5651,0.2077,0.1011,0.1261
1015_TIE_DIS_XX,1015,unspecified,anger,0,neutral,3,0.005,0.3356,0.1782,0.4812
1015_TIE_HAP_XX,1015,unspecified,satisfaction,4,satisfaction,4,0.0331,0.768,0.1132,0.0856
1015_TIE_NEU_XX,1015,unspecified,neutral,3,sadness,2,0.0009,0.2659,0.5798,0.1535
1015_TIE_SAD_XX,1015,unspecified,sadness,2,sadness,2,0.0053,0.1456,0.6756,0.1734
1015_TSI_ANG_XX,1015,unspecified,anger,0,satisfaction,4,0.2871,0.6662,0.0203,0.0264
1015_TSI_DIS_XX,1015,unspecified,anger,0,satisfaction,4,0.003,0.5834,0.2943,0.1192
1015_TSI_HAP_XX,1015,unspecified,satisfaction,4,satisfaction,4,0.2824,0.6594,0.006,0.0521
1015_TSI_NEU_XX,1015,unspecified,neutral,3,neutral,3,0.014,0.3732,0.0395,0.5732
1015_TSI_SAD_XX,1015,unspecified,sadness,2,sadness,2,0.0001,0.0555,0.7837,0.1607
1015_WSI_ANG_XX,1015,unspecified,anger,0,sadness,2,0.1078,0.3167,0.3861,0.1894
1015_WSI_DIS_XX,1015,unspecified,anger,0,neutral,3,0.0003,0.1373,0.0639,0.7985
1015_WSI_HAP_XX,1015,unspecified,satisfaction,4,neutral,3,0.1421,0.1728,0.0423,0.6429
1015_WSI_NEU_XX,1015,unspecified,neutral,3,neutral,3,0.0142,0.0403,0.3634,0.582
1015_WSI_SAD_XX,1015,unspecified,sadness,2,sadness,2,0.0004,0.1063,0.7736,0.1197
1016_DFA_ANG_XX,1016,unspecified,anger,0,anger,0,0.9957,0.004,0.0,0.0003
1016_DFA_DIS_XX,1016,unspecified,anger,0,satisfaction,4,0.0984,0.8933,0.0042,0.0041
1016_DFA_HAP_XX,1016,unspecified,satisfaction,4,anger,0,0.5027,0.4128,0.0047,0.0798
1016_DFA_NEU_XX,1016,unspecified,neutral,3,neutral,3,0.1666,0.2415,0.0982,0.4937
1016_DFA_SAD_XX,1016,unspecified,sadness,2,satisfaction,4,0.0595,0.4736,0.1138,0.3531
1016_IEO_ANG_HI,1016,high,anger,0,anger,0,0.9826,0.0171,0.0,0.0002
1016_IEO_ANG_LO,1016,low,anger,0,neutral,3,0.0763,0.2015,0.2799,0.4423
1016_IEO_ANG_MD,1016,medium,anger,0,anger,0,0.4995,0.4229,0.0102,0.0674
1016_IEO_DIS_HI,1016,high,anger,0,satisfaction,4,0.0118,0.6295,0.153,0.2056
1016_IEO_DIS_LO,1016,low,anger,0,sadness,2,0.0278,0.2601,0.5035,0.2086
1016_IEO_DIS_MD,1016,medium,anger,0,anger,0,0.4833,0.4223,0.027,0.0673
1016_IEO_HAP_HI,1016,high,satisfaction,4,neutral,3,0.0422,0.4296,0.0152,0.513
1016_IEO_HAP_LO,1016,low,satisfaction,4,neutral,3,0.0065,0.1022,0.023,0.8684
1016_IEO_HAP_MD,1016,medium,satisfaction,4,satisfaction,4,0.0732,0.5233,0.0422,0.3612
1016_IEO_NEU_XX,1016,unspecified,neutral,3,neutral,3,0.0189,0.151,0.0438,0.7864
1016_IEO_SAD_HI,1016,high,sadness,2,sadness,2,0.002,0.1459,0.5598,0.2923
1016_IEO_SAD_LO,1016,low,sadness,2,sadness,2,0.0001,0.0388,0.8214,0.1397
1016_IEO_SAD_MD,1016,medium,sadness,2,neutral,3,0.0005,0.0454,0.348,0.6061
1016_IOM_ANG_XX,1016,unspecified,anger,0,satisfaction,4,0.1241,0.3978,0.3297,0.1484
1016_IOM_DIS_XX,1016,unspecified,anger,0,sadness,2,0.0002,0.0575,0.9161,0.0262
1016_IOM_HAP_XX,1016,unspecified,satisfaction,4,satisfaction,4,0.0366,0.8346,0.0241,0.1048
1016_IOM_NEU_XX,1016,unspecified,neutral,3,sadness,2,0.0042,0.184,0.5671,0.2447
1016_IOM_SAD_XX,1016,unspecified,sadness,2,sadness,2,0.0,0.0519,0.9036,0.0444
1016_ITH_ANG_XX,1016,unspecified,anger,0,anger,0,0.9211,0.0736,0.0012,0.0041
1016_ITH_DIS_XX,1016,unspecified,anger,0,satisfaction,4,0.1155,0.563,0.2264,0.0952
1016_ITH_HAP_XX,1016,unspecified,satisfaction,4,satisfaction,4,0.229,0.6836,0.0154,0.072
1016_ITH_NEU_XX,1016,unspecified,neutral,3,sadness,2,0.0119,0.14,0.6508,0.1973
1016_ITH_SAD_XX,1016,unspecified,sadness,2,sadness,2,0.0007,0.2385,0.6944,0.0664
1016_ITS_ANG_XX,1016,unspecified,anger,0,anger,0,0.4882,0.4805,0.0025,0.0288
1016_ITS_DIS_XX,1016,unspecified,anger,0,satisfaction,4,0.1369,0.549,0.0703,0.2439
1016_ITS_HAP_XX,1016,unspecified,satisfaction,4,satisfaction,4,0.3048,0.5087,0.0158,0.1708
1016_ITS_NEU_XX,1016,unspecified,neutral,3,satisfaction,4,0.0152,0.5291,0.0423,0.4135
1016_ITS_SAD_XX,1016,unspecified,sadness,2,sadness,2,0.001,0.1483,0.7349,0.1158
1016_IWL_ANG_XX,1016,unspecified,anger,0,anger,0,0.9446,0.0537,0.0001,0.0017
1016_IWL_DIS_XX,1016,unspecified,anger,0,satisfaction,4,0.0597,0.667,0.1338,0.1395
1016_IWL_HAP_XX,1016,unspecified,satisfaction,4,neutral,3,0.0417,0.2731,0.308,0.3772
1016_IWL_NEU_XX,1016,unspecified,neutral,3,satisfaction,4,0.012,0.4187,0.2291,0.3402
1016_IWL_SAD_XX,1016,unspecified,sadness,2,sadness,2,0.0018,0.1858,0.77,0.0424
1016_IWW_ANG_XX,1016,unspecified,anger,0,satisfaction,4,0.4008,0.5481,0.0121,0.039
1016_IWW_DIS_XX,1016,unspecified,anger,0,sadness,2,0.0629,0.2957,0.574,0.0674
1016_IWW_HAP_XX,1016,unspecified,satisfaction,4,satisfaction,4,0.1387,0.6891,0.0389,0.1333
1016_IWW_NEU_XX,1016,unspecified,neutral,3,neutral,3,0.018,0.1628,0.2529,0.5663
1016_IWW_SAD_XX,1016,unspecified,sadness,2,sadness,2,0.0074,0.2111,0.5211,0.2604
1016_MTI_ANG_XX,1016,unspecified,anger,0,anger,0,0.6011,0.3326,0.0397,0.0266
1016_MTI_DIS_XX,1016,unspecified,anger,0,sadness,2,0.2584,0.2856,0.3672,0.0888
1016_MTI_HAP_XX,1016,unspecified,satisfaction,4,anger,0,0.3214,0.2174,0.1851,0.2761
1016_MTI_NEU_XX,1016,unspecified,neutral,3,neutral,3,0.0038,0.2377,0.2406,0.5178
1016_MTI_SAD_XX,1016,unspecified,sadness,2,sadness,2,0.0043,0.1463,0.7512,0.0982
1016_TAI_ANG_XX,1016,unspecified,anger,0,anger,0,0.7162,0.2445,0.0108,0.0285
1016_TAI_DIS_XX,1016,unspecified,anger,0,anger,0,0.7282,0.1837,0.0662,0.0219
1016_TAI_HAP_XX,1016,unspecified,satisfaction,4,satisfaction,4,0.1604,0.6628,0.0199,0.157
1016_TAI_NEU_XX,1016,unspecified,neutral,3,neutral,3,0.0093,0.1707,0.1634,0.6567
1016_TAI_SAD_XX,1016,unspecified,sadness,2,sadness,2,0.0025,0.2944,0.6042,0.099
1016_TIE_ANG_XX,1016,unspecified,anger,0,anger,0,0.9043,0.0871,0.004,0.0046
1016_TIE_DIS_XX,1016,unspecified,anger,0,satisfaction,4,0.2585,0.6871,0.0262,0.0282
1016_TIE_HAP_XX,1016,unspecified,satisfaction,4,satisfaction,4,0.3455,0.5868,0.0521,0.0156
1016_TIE_NEU_XX,1016,unspecified,neutral,3,neutral,3,0.0151,0.1678,0.3181,0.499
1016_TIE_SAD_XX,1016,unspecified,sadness,2,sadness,2,0.0005,0.0684,0.5661,0.3651
1016_TSI_ANG_XX,1016,unspecified,anger,0,anger,0,0.8094,0.1621,0.0006,0.0279
1016_TSI_DIS_XX,1016,unspecified,anger,0,anger,0,0.672,0.2537,0.0008,0.0734
1016_TSI_HAP_XX,1016,unspecified,satisfaction,4,satisfaction,4,0.2147,0.6152,0.0495,0.1206
1016_TSI_NEU_XX,1016,unspecified,neutral,3,neutral,3,0.1394,0.2421,0.0853,0.5333
1016_TSI_SAD_XX,1016,unspecified,sadness,2,satisfaction,4,0.3047,0.5002,0.097,0.098
1016_WSI_ANG_XX,1016,unspecified,anger,0,anger,0,0.9583,0.0364,0.0008,0.0044
1016_WSI_DIS_XX,1016,unspecified,anger,0,anger,0,0.6744,0.2648,0.0083,0.0525
1016_WSI_HAP_XX,1016,unspecified,satisfaction,4,anger,0,0.4364,0.1782,0.1416,0.2437
1016_WSI_NEU_XX,1016,unspecified,neutral,3,neutral,3,0.0424,0.1549,0.3355,0.4672
1016_WSI_SAD_XX,1016,unspecified,sadness,2,neutral,3,0.0225,0.1821,0.2674,0.5281
1017_DFA_ANG_XX,1017,unspecified,anger,0,neutral,3,0.0986,0.2497,0.0438,0.6079
1017_DFA_DIS_XX,1017,unspecified,anger,0,sadness,2,0.0002,0.43,0.5237,0.0461
1017_DFA_HAP_XX,1017,unspecified,satisfaction,4,satisfaction,4,0.1707,0.6581,0.0237,0.1474
1017_DFA_NEU_XX,1017,unspecified,neutral,3,sadness,2,0.0132,0.1657,0.5118,0.3093
1017_DFA_SAD_XX,1017,unspecified,sadness,2,sadness,2,0.0031,0.2713,0.4543,0.2714
1017_IEO_ANG_HI,1017,high,anger,0,anger,0,0.9427,0.0541,0.0005,0.0026
1017_IEO_ANG_LO,1017,low,anger,0,anger,0,0.8176,0.1325,0.0058,0.0441
1017_IEO_ANG_MD,1017,medium,anger,0,anger,0,0.7755,0.1727,0.0086,0.0431
1017_IEO_DIS_HI,1017,high,anger,0,sadness,2,0.0009,0.0965,0.8655,0.0371
1017_IEO_DIS_LO,1017,low,anger,0,sadness,2,0.0005,0.1489,0.7247,0.1259
1017_IEO_DIS_MD,1017,medium,anger,0,sadness,2,0.0012,0.0658,0.7962,0.1368
1017_IEO_HAP_HI,1017,high,satisfaction,4,satisfaction,4,0.3314,0.364,0.0262,0.2783
1017_IEO_HAP_LO,1017,low,satisfaction,4,satisfaction,4,0.0469,0.5015,0.1742,0.2774
1017_IEO_HAP_MD,1017,medium,satisfaction,4,sadness,2,0.0033,0.2119,0.6175,0.1673
1017_IEO_NEU_XX,1017,unspecified,neutral,3,satisfaction,4,0.0105,0.5471,0.1782,0.2642
1017_IEO_SAD_HI,1017,high,sadness,2,sadness,2,0.0,0.0072,0.8521,0.1406
1017_IEO_SAD_LO,1017,low,sadness,2,sadness,2,0.0,0.0556,0.6993,0.2451
1017_IEO_SAD_MD,1017,medium,sadness,2,sadness,2,0.0002,0.0958,0.5953,0.3088
1017_IOM_ANG_XX,1017,unspecified,anger,0,sadness,2,0.0724,0.0896,0.6064,0.2316
1017_IOM_DIS_XX,1017,unspecified,anger,0,sadness,2,0.0009,0.0105,0.9818,0.0069
1017_IOM_HAP_XX,1017,unspecified,satisfaction,4,sadness,2,0.0157,0.3262,0.3497,0.3083
1017_IOM_NEU_XX,1017,unspecified,neutral,3,sadness,2,0.0202,0.2087,0.4035,0.3676
1017_IOM_SAD_XX,1017,unspecified,sadness,2,sadness,2,0.0004,0.0322,0.8651,0.1024
1017_ITH_ANG_XX,1017,unspecified,anger,0,sadness,2,0.0095,0.1012,0.6322,0.2571
1017_ITH_DIS_XX,1017,unspecified,anger,0,sadness,2,0.0052,0.1739,0.6918,0.129
1017_ITH_HAP_XX,1017,unspecified,satisfaction,4,satisfaction,4,0.0171,0.5594,0.0831,0.3404
1017_ITH_NEU_XX,1017,unspecified,neutral,3,neutral,3,0.0018,0.0952,0.359,0.5439
1017_ITH_SAD_XX,1017,unspecified,sadness,2,sadness,2,0.0009,0.0911,0.6323,0.2757
1017_ITS_ANG_XX,1017,unspecified,anger,0,sadness,2,0.0017,0.1134,0.8362,0.0487
1017_ITS_DIS_XX,1017,unspecified,anger,0,sadness,2,0.0007,0.1903,0.6513,0.1577
1017_ITS_HAP_XX,1017,unspecified,satisfaction,4,satisfaction,4,0.0368,0.3772,0.2351,0.3509
1017_ITS_NEU_XX,1017,unspecified,neutral,3,sadness,2,0.0022,0.29,0.4602,0.2475
1017_ITS_SAD_XX,1017,unspecified,sadness,2,sadness,2,0.0003,0.0462,0.7981,0.1554
1017_IWL_ANG_XX,1017,unspecified,anger,0,satisfaction,4,0.172,0.4809,0.1597,0.1874
1017_IWL_DIS_XX,1017,unspecified,anger,0,sadness,2,0.0012,0.1166,0.7694,0.1128
1017_IWL_HAP_XX,1017,unspecified,satisfaction,4,satisfaction,4,0.2698,0.6235,0.028,0.0786
1017_IWL_NEU_XX,1017,unspecified,neutral,3,satisfaction,4,0.0158,0.4674,0.2969,0.2199
1017_IWL_SAD_XX,1017,unspecified,sadness,2,sadness,2,0.001,0.2195,0.5682,0.2112
1017_IWW_ANG_XX,1017,unspecified,anger,0,sadness,2,0.0009,0.0593,0.5193,0.4205
1017_IWW_DIS_XX,1017,unspecified,anger,0,sadness,2,0.0053,0.0524,0.5402,0.4022
1017_IWW_HAP_XX,1017,unspecified,satisfaction,4,neutral,3,0.1136,0.3372,0.2045,0.3446
1017_IWW_NEU_XX,1017,unspecified,neutral,3,neutral,3,0.0042,0.0706,0.4002,0.5251
1017_IWW_SAD_XX,1017,unspecified,sadness,2,neutral,3,0.0002,0.0969,0.303,0.5999
1017_MTI_ANG_XX,1017,unspecified,anger,0,anger,0,0.3499,0.1719,0.2928,0.1854
1017_MTI_DIS_XX,1017,unspecified,anger,0,sadness,2,0.001,0.0267,0.8914,0.0809
1017_MTI_HAP_XX,1017,unspecified,satisfaction,4,anger,0,0.606,0.1123,0.0646,0.2171
1017_MTI_NEU_XX,1017,unspecified,neutral,3,neutral,3,0.0672,0.1625,0.3517,0.4186
1017_MTI_SAD_XX,1017,unspecified,sadness,2,sadness,2,0.0243,0.062,0.5771,0.3365
1017_TAI_ANG_XX,1017,unspecified,anger,0,sadness,2,0.0105,0.3998,0.4584,0.1313
1017_TAI_DIS_XX,1017,unspecified,anger,0,satisfaction,4,0.2636,0.3999,0.305,0.0315
1017_TAI_HAP_XX,1017,unspecified,satisfaction,4,satisfaction,4,0.0061,0.4885,0.1048,0.4006
1017_TAI_NEU_XX,1017,unspecified,neutral,3,sadness,2,0.0002,0.1378,0.7476,0.1144
1017_TAI_SAD_XX,1017,unspecified,sadness,2,sadness,2,0.0001,0.0568,0.8963,0.0467
1017_TIE_ANG_XX,1017,unspecified,anger,0,sadness,2,0.0854,0.1729,0.6124,0.1293
1017_TIE_DIS_XX,1017,unspecified,anger,0,sadness,2,0.0054,0.1498,0.7715,0.0733
1017_TIE_HAP_XX,1017,unspecified,satisfaction,4,neutral,3,0.0391,0.105,0.0752,0.7806
1017_TIE_NEU_XX,1017,unspecified,neutral,3,sadness,2,0.0137,0.1073,0.5358,0.3432
1017_TIE_SAD_XX,1017,unspecified,sadness,2,sadness,2,0.0004,0.0411,0.7324,0.2261
1017_TSI_ANG_XX,1017,unspecified,anger,0,satisfaction,4,0.0413,0.5926,0.183,0.1831
1017_TSI_DIS_XX,1017,unspecified,anger,0,satisfaction,4,0.0059,0.6291,0.3301,0.035
1017_TSI_HAP_XX,1017,unspecified,satisfaction,4,satisfaction,4,0.2997,0.5491,0.0175,0.1336
1017_TSI_NEU_XX,1017,unspecified,neutral,3,neutral,3,0.0133,0.4606,0.0513,0.4748
1017_TSI_SAD_XX,1017,unspecified,sadness,2,neutral,3,0.0003,0.1503,0.3456,0.5038
1017_WSI_ANG_XX,1017,unspecified,anger,0,anger,0,0.7418,0.1238,0.0973,0.0372
1017_WSI_DIS_XX,1017,unspecified,anger,0,sadness,2,0.1129,0.1677,0.5223,0.1971
1017_WSI_HAP_XX,1017,unspecified,satisfaction,4,anger,0,0.6224,0.2519,0.0093,0.1163
1017_WSI_NEU_XX,1017,unspecified,neutral,3,neutral,3,0.1006,0.1955,0.3007,0.4031
1017_WSI_SAD_XX,1017,unspecified,sadness,2,sadness,2,0.0014,0.0213,0.8507,0.1266
1018_DFA_ANG_XX,1018,unspecified,anger,0,anger,0,0.9847,0.0069,0.0003,0.0082
1018_DFA_DIS_XX,1018,unspecified,anger,0,neutral,3,0.2476,0.276,0.0384,0.438
1018_DFA_HAP_XX,1018,unspecified,satisfaction,4,neutral,3,0.296,0.2123,0.0043,0.4875
1018_DFA_NEU_XX,1018,unspecified,neutral,3,neutral,3,0.3005,0.0838,0.0131,0.6025
1018_DFA_SAD_XX,1018,unspecified,sadness,2,neutral,3,0.0069,0.2379,0.0992,0.656
1018_IEO_ANG_HI,1018,high,anger,0,anger,0,0.9701,0.0296,0.0002,0.0001
1018_IEO_ANG_LO,1018,low,anger,0,anger,0,0.8098,0.1085,0.0412,0.0406
1018_IEO_ANG_MD,1018,medium,anger,0,anger,0,0.9708,0.021,0.0046,0.0037
1018_IEO_DIS_HI,1018,high,anger,0,satisfaction,4,0.1015,0.6341,0.1302,0.1342
1018_IEO_DIS_LO,1018,low,anger,0,sadness,2,0.0018,0.4451,0.4782,0.0749
1018_IEO_DIS_MD,1018,medium,anger,0,sadness,2,0.0066,0.4491,0.4956,0.0487
1018_IEO_HAP_HI,1018,high,satisfaction,4,anger,0,0.5406,0.4164,0.007,0.036
1018_IEO_HAP_LO,1018,low,satisfaction,4,neutral,3,0.0114,0.1499,0.2269,0.6118
1018_IEO_HAP_MD,1018,medium,satisfaction,4,satisfaction,4,0.0074,0.7753,0.0566,0.1607
1018_IEO_NEU_XX,1018,unspecified,neutral,3,neutral,3,0.0384,0.1624,0.1504,0.6488
1018_IEO_SAD_HI,1018,high,sadness,2,satisfaction,4,0.0418,0.442,0.3572,0.159
1018_IEO_SAD_LO,1018,low,sadness,2,sadness,2,0.0033,0.226,0.522,0.2488
1018_IEO_SAD_MD,1018,medium,sadness,2,satisfaction,4,0.0109,0.4028,0.1952,0.3911
1018_IOM_ANG_XX,1018,unspecified,anger,0,anger,0,0.9566,0.0338,0.0057,0.0039
1018_IOM_DIS_XX,1018,unspecified,anger,0,satisfaction,4,0.0348,0.4261,0.14,0.3991
1018_IOM_HAP_XX,1018,unspecified,satisfaction,4,satisfaction,4,0.0129,0.7868,0.1042,0.0962
1018_IOM_NEU_XX,1018,unspecified,neutral,3,neutral,3,0.1102,0.0857,0.0254,0.7787
1018_IOM_SAD_XX,1018,unspecified,sadness,2,sadness,2,0.0086,0.0784,0.6582,0.2548
1018_ITH_ANG_XX,1018,unspecified,anger,0,anger,0,0.985,0.006,0.001,0.008
1018_ITH_DIS_XX,1018,unspecified,anger,0,satisfaction,4,0.0014,0.468,0.2991,0.2315
1018_ITH_HAP_XX,1018,unspecified,satisfaction,4,satisfaction,4,0.0134,0.9566,0.0092,0.0208
1018_ITH_NEU_XX,1018,unspecified,neutral,3,neutral,3,0.014,0.0749,0.017,0.8941
1018_ITH_SAD_XX,1018,unspecified,sadness,2,sadness,2,0.0004,0.1053,0.8096,0.0847
1018_ITS_ANG_XX,1018,unspecified,anger,0,anger,0,0.9121,0.0675,0.0158,0.0047
1018_ITS_DIS_XX,1018,unspecified,anger,0,satisfaction,4,0.0093,0.4569,0.2997,0.234
1018_ITS_HAP_XX,1018,unspecified,satisfaction,4,satisfaction,4,0.045,0.9132,0.0266,0.0152
1018_ITS_NEU_XX,1018,unspecified,neutral,3,neutral,3,0.0077,0.3793,0.1032,0.5098
1018_ITS_SAD_XX,1018,unspecified,sadness,2,sadness,2,0.007,0.154,0.7052,0.1337
1018_IWL_ANG_XX,1018,unspecified,anger,0,anger,0,0.8569,0.127,0.007,0.0091
1018_IWL_DIS_XX,1018,unspecified,anger,0,satisfaction,4,0.0074,0.8074,0.0745,0.1106
1018_IWL_HAP_XX,1018,unspecified,satisfaction,4,satisfaction,4,0.1739,0.7949,0.011,0.0202
1018_IWL_NEU_XX,1018,unspecified,neutral,3,neutral,3,0.0216,0.3682,0.0848,0.5253
1018_IWL_SAD_XX,1018,unspecified,sadness,2,sadness,2,0.0018,0.097,0.6795,0.2217
1018_IWW_ANG_XX,1018,unspecified,anger,0,anger,0,0.9354,0.0211,0.0071,0.0364
1018_IWW_DIS_XX,1018,unspecified,anger,0,sadness,2,0.0008,0.2016,0.7468,0.0508
1018_IWW_HAP_XX,1018,unspecified,satisfaction,4,satisfaction,4,0.0405,0.8914,0.0089,0.0591
1018_IWW_NEU_XX,1018,unspecified,neutral,3,neutral,3,0.1311,0.1737,0.1464,0.5488
1018_IWW_SAD_XX,1018,unspecified,sadness,2,sadness,2,0.0036,0.2186,0.6384,0.1394
1018_MTI_ANG_XX,1018,unspecified,anger,0,anger,0,0.7499,0.1486,0.077,0.0244
1018_MTI_DIS_XX,1018,unspecified,anger,0,sadness,2,0.0468,0.3226,0.5521,0.0786
1018_MTI_HAP_XX,1018,unspecified,satisfaction,4,anger,0,0.4332,0.3513,0.1274,0.0881
1018_MTI_NEU_XX,1018,unspecified,neutral,3,neutral,3,0.1275,0.0584,0.1105,0.7036
1018_MTI_SAD_XX,1018,unspecified,sadness,2,sadness,2,0.0039,0.0438,0.868,0.0843
1018_TAI_ANG_XX,1018,unspecified,anger,0,satisfaction,4,0.3797,0.4633,0.1139,0.0432
1018_TAI_DIS_XX,1018,unspecified,anger,0,satisfaction,4,0.0247,0.5715,0.3891,0.0147
1018_TAI_HAP_XX,1018,unspecified,satisfaction,4,satisfaction,4,0.015,0.9064,0.0732,0.0054
1018_TAI_NEU_XX,1018,unspecified,neutral,3,neutral,3,0.0778,0.2622,0.2156,0.4443
1018_TAI_SAD_XX,1018,unspecified,sadness,2,sadness,2,0.006,0.1223,0.6733,0.1984
1018_TIE_ANG_XX,1018,unspecified,anger,0,anger,0,0.971,0.0275,0.001,0.0005
1018_TIE_DIS_XX,1018,unspecified,anger,0,satisfaction,4,0.0771,0.6597,0.0556,0.2076
1018_TIE_HAP_XX,1018,unspecified,satisfaction,4,satisfaction,4,0.1107,0.7456,0.0598,0.0839
1018_TIE_NEU_XX,1018,unspecified,neutral,3,neutral,3,0.0508,0.2783,0.0878,0.5832
1018_TIE_SAD_XX,1018,unspecified,sadness,2,sadness,2,0.0013,0.041,0.8102,0.1475
1018_TSI_ANG_XX,1018,unspecified,anger,0,anger,0,0.6462,0.3106,0.0026,0.0406
1018_TSI_DIS_XX,1018,unspecified,anger,0,satisfaction,4,0.0191,0.5557,0.1628,0.2625
1018_TSI_HAP_XX,1018,unspecified,satisfaction,4,satisfaction,4,0.0216,0.9053,0.006,0.0671
1018_TSI_NEU_XX,1018,unspecified,neutral,3,satisfaction,4,0.0027,0.5618,0.0748,0.3607
1018_TSI_SAD_XX,1018,unspecified,sadness,2,sadness,2,0.0001,0.0963,0.8474,0.0562
1018_WSI_ANG_XX,1018,unspecified,anger,0,anger,0,0.9867,0.0112,0.0006,0.0014
1018_WSI_DIS_XX,1018,unspecified,anger,0,satisfaction,4,0.024,0.5044,0.2372,0.2344
1018_WSI_HAP_XX,1018,unspecified,satisfaction,4,satisfaction,4,0.2011,0.7403,0.0275,0.0311
1018_WSI_NEU_XX,1018,unspecified,neutral,3,neutral,3,0.0639,0.2368,0.2534,0.4459
1018_WSI_SAD_XX,1018,unspecified,sadness,2,sadness,2,0.0024,0.0458,0.7378,0.214
1019_DFA_ANG_XX,1019,unspecified,anger,0,anger,0,0.988,0.0091,0.0,0.0029
1019_DFA_DIS_XX,1019,unspecified,anger,0,satisfaction,4,0.0043,0.642,0.1051,0.2487
1019_DFA_HAP_XX,1019,unspecified,satisfaction,4,satisfaction,4,0.0117,0.736,0.0897,0.1626
1019_DFA_NEU_XX,1019,unspecified,neutral,3,neutral,3,0.3199,0.0933,0.0219,0.5649
1019_DFA_SAD_XX,1019,unspecified,sadness,2,sadness,2,0.0029,0.1326,0.4716,0.393
1019_IEO_ANG_HI,1019,high,anger,0,anger,0,0.9991,0.0009,0.0,0.0
1019_IEO_ANG_LO,1019,low,anger,0,anger,0,0.8579,0.1173,0.0042,0.0206
1019_IEO_ANG_MD,1019,medium,anger,0,anger,0,0.9456,0.0517,0.0006,0.0021
1019_IEO_DIS_HI,1019,high,anger,0,anger,0,0.8743,0.0979,0.0063,0.0215
1019_IEO_DIS_LO,1019,low,anger,0,sadness,2,0.0363,0.4654,0.4769,0.0214
1019_IEO_DIS_MD,1019,medium,anger,0,satisfaction,4,0.2131,0.6513,0.0926,0.0431
1019_IEO_HAP_HI,1019,high,satisfaction,4,anger,0,0.668,0.3085,0.0069,0.0167
1019_IEO_HAP_LO,1019,low,satisfaction,4,neutral,3,0.0268,0.2482,0.1941,0.5309
1019_IEO_HAP_MD,1019,medium,satisfaction,4,satisfaction,4,0.0381,0.5837,0.0559,0.3223
1019_IEO_NEU_XX,1019,unspecified,neutral,3,neutral,3,0.2478,0.2818,0.1505,0.32
1019_IEO_SAD_HI,1019,high,sadness,2,sadness,2,0.0015,0.3016,0.5707,0.1262
1019_IEO_SAD_LO,1019,low,sadness,2,neutral,3,0.0021,0.2956,0.2049,0.4974
1019_IEO_SAD_MD,1019,medium,sadness,2,sadness,2,0.0184,0.1955,0.4684,0.3177
1019_IOM_ANG_XX,1019,unspecified,anger,0,anger,0,0.9126,0.0702,0.005,0.0122
1019_IOM_DIS_XX,1019,unspecified,anger,0,sadness,2,0.004,0.1444,0.8451,0.0066
1019_IOM_HAP_XX,1019,unspecified,satisfaction,4,neutral,3,0.0052,0.0939,0.0841,0.8169
1019_IOM_NEU_XX,1019,unspecified,neutral,3,satisfaction,4,0.133,0.4071,0.2399,0.2199
1019_IOM_SAD_XX,1019,unspecified,sadness,2,sadness,2,0.038,0.2803,0.555,0.1266
1019_ITS_ANG_XX,1019,unspecified,anger,0,anger,0,0.8156,0.1293,0.0107,0.0444
1019_ITS_DIS_XX,1019,unspecified,anger,0,satisfaction,4,0.0048,0.4823,0.3754,0.1374
1019_ITS_HAP_XX,1019,unspecified,satisfaction,4,neutral,3,0.0155,0.3067,0.2351,0.4427
1019_ITS_NEU_XX,1019,unspecified,neutral,3,neutral,3,0.0597,0.3235,0.2016,0.4152
1019_ITS_SAD_XX,1019,unspecified,sadness,2,sadness,2,0.0015,0.1126,0.6947,0.1912
1019_IWL_ANG_XX,1019,unspecified,anger,0,anger,0,0.5344,0.4199,0.039,0.0066
1019_IWL_DIS_XX,1019,unspecified,anger,0,satisfaction,4,0.0221,0.482,0.2587,0.2372
1019_IWL_HAP_XX,1019,unspecified,satisfaction,4,satisfaction,4,0.1054,0.7823,0.0212,0.0912
1019_IWL_NEU_XX,1019,unspecified,neutral,3,satisfaction,4,0.0332,0.5059,0.0203,0.4407
1019_IWL_SAD_XX,1019,unspecified,sadness,2,satisfaction,4,0.0051,0.5177,0.1323,0.3449
1019_IWW_ANG_XX,1019,unspecified,anger,0,anger,0,0.9883,0.0091,0.0006,0.002
1019_IWW_DIS_XX,1019,unspecified,anger,0,satisfaction,4,0.0783,0.4162,0.2793,0.2262
1019_IWW_HAP_XX,1019,unspecified,satisfaction,4,satisfaction,4,0.0204,0.5071,0.0644,0.4082
1019_IWW_NEU_XX,1019,unspecified,neutral,3,neutral,3,0.1815,0.0946,0.0787,0.6452
1019_IWW_SAD_XX,1019,unspecified,sadness,2,sadness,2,0.0004,0.0312,0.8304,0.138
1019_MTI_ANG_XX,1019,unspecified,anger,0,anger,0,0.9914,0.0064,0.0004,0.0018
1019_MTI_DIS_XX,1019,unspecified,anger,0,sadness,2,0.0584,0.1017,0.6538,0.1861
1019_MTI_HAP_XX,1019,unspecified,satisfaction,4,anger,0,0.5224,0.2835,0.0568,0.1374
1019_MTI_NEU_XX,1019,unspecified,neutral,3,anger,0,0.5598,0.0583,0.07,0.3119
1019_MTI_SAD_XX,1019,unspecified,sadness,2,sadness,2,0.0054,0.1886,0.5146,0.2915
1019_TAI_ANG_XX,1019,unspecified,anger,0,anger,0,0.9883,0.0102,0.0002,0.0013
1019_TAI_DIS_XX,1019,unspecified,anger,0,satisfaction,4,0.2351,0.5822,0.1057,0.0769
1019_TAI_HAP_XX,1019,unspecified,satisfaction,4,satisfaction,4,0.0362,0.7558,0.0832,0.1248
1019_TAI_NEU_XX,1019,unspecified,neutral,3,neutral,3,0.1222,0.3355,0.0703,0.472
1019_TAI_SAD_XX,1019,unspecified,sadness,2,sadness,2,0.0014,0.1889,0.687,0.1228
1019_TIE_ANG_XX,1019,unspecified,anger,0,anger,0,0.9845,0.0091,0.0005,0.0058
1019_TIE_DIS_XX,1019,unspecified,anger,0,satisfaction,4,0.3816,0.4564,0.0688,0.0932
1019_TIE_HAP_XX,1019,unspecified,satisfaction,4,anger,0,0.5348,0.1727,0.081,0.2116
1019_TIE_NEU_XX,1019,unspecified,neutral,3,neutral,3,0.1816,0.099,0.0613,0.6581
1019_TIE_SAD_XX,1019,unspecified,sadness,2,sadness,2,0.0097,0.0757,0.6672,0.2474
1019_TSI_ANG_XX,1019,unspecified,anger,0,anger,0,0.9641,0.0345,0.0,0.0013
1019_TSI_DIS_XX,1019,unspecified,anger,0,satisfaction,4,0.1165,0.6758,0.0525,0.1552
1019_TSI_HAP_XX,1019,unspecified,satisfaction,4,satisfaction,4,0.0529,0.9153,0.0137,0.018
1019_TSI_NEU_XX,1019,unspecified,neutral,3,satisfaction,4,0.1623,0.4307,0.1159,0.2911
1019_TSI_SAD_XX,1019,unspecified,sadness,2,satisfaction,4,0.0099,0.4703,0.1659,0.3539
1019_WSI_ANG_XX,1019,unspecified,anger,0,anger,0,0.9922,0.0061,0.0008,0.0009
1019_WSI_DIS_XX,1019,unspecified,anger,0,satisfaction,4,0.2584,0.3643,0.2904,0.0869
1019_WSI_HAP_XX,1019,unspecified,satisfaction,4,anger,0,0.7084,0.2167,0.0061,0.0688
1019_WSI_NEU_XX,1019,unspecified,neutral,3,neutral,3,0.2394,0.1532,0.1914,0.416
1019_WSI_SAD_XX,1019,unspecified,sadness,2,neutral,3,0.0842,0.0965,0.3692,0.4502
1020_DFA_ANG_XX,1020,unspecified,anger,0,anger,0,0.9507,0.0193,0.003,0.0271
1020_DFA_DIS_XX,1020,unspecified,anger,0,sadness,2,0.0016,0.1453,0.7512,0.1019
1020_DFA_HAP_XX,1020,unspecified,satisfaction,4,anger,0,0.7893,0.1919,0.0019,0.0169
1020_DFA_NEU_XX,1020,unspecified,neutral,3,neutral,3,0.0926,0.0908,0.038,0.7786
1020_DFA_SAD_XX,1020,unspecified,sadness,2,neutral,3,0.0156,0.071,0.1772,0.7362
1020_IEO_ANG_HI,1020,high,anger,0,satisfaction,4,0.2062,0.7832,0.0102,0.0004
1020_IEO_ANG_LO,1020,low,anger,0,anger,0,0.6552,0.1322,0.0762,0.1364
1020_IEO_ANG_MD,1020,medium,anger,0,anger,0,0.5603,0.1916,0.0787,0.1694
1020_IEO_DIS_HI,1020,high,anger,0,satisfaction,4,0.006,0.5967,0.2606,0.1366
1020_IEO_DIS_LO,1020,low,anger,0,satisfaction,4,0.0317,0.4633,0.0784,0.4266
1020_IEO_DIS_MD,1020,medium,anger,0,satisfaction,4,0.0022,0.4599,0.2694,0.2685
1020_IEO_HAP_HI,1020,high,satisfaction,4,satisfaction,4,0.0183,0.8958,0.0847,0.0012
1020_IEO_HAP_LO,1020,low,satisfaction,4,satisfaction,4,0.328,0.4836,0.0231,0.1653
1020_IEO_HAP_MD,1020,medium,satisfaction,4,satisfaction,4,0.0969,0.7951,0.06,0.0479
1020_IEO_NEU_XX,1020,unspecified,neutral,3,satisfaction,4,0.0506,0.6781,0.0458,0.2255
1020_IEO_SAD_HI,1020,high,sadness,2,sadness,2,0.0016,0.3133,0.5655,0.1196
1020_IEO_SAD_LO,1020,low,sadness,2,neutral,3,0.0185,0.3753,0.1856,0.4206
1020_IEO_SAD_MD,1020,medium,sadness,2,satisfaction,4,0.0052,0.5794,0.3252,0.0902
1020_IOM_ANG_XX,1020,unspecified,anger,0,anger,0,0.8764,0.1024,0.0039,0.0173
1020_IOM_DIS_XX,1020,unspecified,anger,0,sadness,2,0.0015,0.0468,0.8444,0.1072
1020_IOM_HAP_XX,1020,unspecified,satisfaction,4,satisfaction,4,0.0376,0.5835,0.1795,0.1994
1020_IOM_NEU_XX,1020,unspecified,neutral,3,neutral,3,0.0675,0.4038,0.0777,0.4509
1020_IOM_SAD_XX,1020,unspecified,sadness,2,sadness,2,0.0025,0.0773,0.7125,0.2076
1020_ITH_ANG_XX,1020,unspecified,anger,0,anger,0,0.805,0.1596,0.0041,0.0312
1020_ITH_DIS_XX,1020,unspecified,anger,0,sadness,2,0.0006,0.2221,0.7598,0.0175
1020_ITH_HAP_XX,1020,unspecified,satisfaction,4,satisfaction,4,0.0737,0.6538,0.0417,0.2308
1020_ITH_NEU_XX,1020,unspecified,neutral,3,neutral,3,0.0039,0.0456,0.2944,0.656
1020_ITH_SAD_XX,1020,unspecified,sadness,2,sadness,2,0.0003,0.0764,0.7634,0.1599
1020_ITS_ANG_XX,1020,unspecified,anger,0,anger,0,0.507,0.2334,0.0223,0.2374
1020_ITS_DIS_XX,1020,unspecified,anger,0,sadness,2,0.0111,0.2442,0.563,0.1818
1020_ITS_HAP_XX,1020,unspecified,satisfaction,4,satisfaction,4,0.2366,0.7146,0.0292,0.0196
1020_ITS_NEU_XX,1020,unspecified,neutral,3,satisfaction,4,0.0141,0.5561,0.1007,0.3291
1020_ITS_SAD_XX,1020,unspecified,sadness,2,sadness,2,0.001,0.0154,0.8945,0.0891
1020_IWL_ANG_XX,1020,unspecified,anger,0,anger,0,0.8108,0.1147,0.0149,0.0597
1020_IWL_DIS_XX,1020,unspecified,anger,0,satisfaction,4,0.0044,0.7687,0.1731,0.0538
1020_IWL_HAP_XX,1020,unspecified,satisfaction,4,satisfaction,4,0.0461,0.7711,0.0415,0.1413
1020_IWL_NEU_XX,1020,unspecified,neutral,3,satisfaction,4,0.005,0.5131,0.2298,0.2522
1020_IWL_SAD_XX,1020,unspecified,sadness,2,sadness,2,0.0003,0.1622,0.7074,0.1301
1020_IWW_ANG_XX,1020,unspecified,anger,0,anger,0,0.8325,0.0623,0.01,0.0952
1020_IWW_DIS_XX,1020,unspecified,anger,0,sadness,2,0.0064,0.0731,0.8652,0.0553
1020_IWW_HAP_XX,1020,unspecified,satisfaction,4,sadness,2,0.055,0.2351,0.6335,0.0764
1020_IWW_NEU_XX,1020,unspecified,neutral,3,neutral,3,0.0673,0.1796,0.1975,0.5556
1020_IWW_SAD_XX,1020,unspecified,sadness,2,sadness,2,0.0006,0.0398,0.9193,0.0403
1020_MTI_ANG_XX,1020,unspecified,anger,0,anger,0,0.8424,0.1167,0.019,0.0219
1020_MTI_DIS_XX,1020,unspecified,anger,0,sadness,2,0.0061,0.0613,0.8356,0.097
1020_MTI_HAP_XX,1020,unspecified,satisfaction,4,satisfaction,4,0.1928,0.5838,0.1844,0.039
1020_MTI_NEU_XX,1020,unspecified,neutral,3,neutral,3,0.0587,0.0644,0.1452,0.7317
1020_MTI_SAD_XX,1020,unspecified,sadness,2,sadness,2,0.0004,0.0039,0.9698,0.026
1020_TAI_ANG_XX,1020,unspecified,anger,0,anger,0,0.6012,0.2979,0.0131,0.0879
1020_TAI_DIS_XX,1020,unspecified,anger,0,sadness,2,0.0019,0.4523,0.5218,0.0239
1020_TAI_HAP_XX,1020,unspecified,satisfaction,4,satisfaction,4,0.0615,0.829,0.0677,0.0418
1020_TAI_NEU_XX,1020,unspecified,neutral,3,sadness,2,0.0027,0.2236,0.3924,0.3813
1020_TAI_SAD_XX,1020,unspecified,sadness,2,sadness,2,0.0001,0.1307,0.814,0.0552
1020_TIE_ANG_XX,1020,unspecified,anger,0,anger,0,0.9585,0.0237,0.0034,0.0145
1020_TIE_DIS_XX,1020,unspecified,anger,0,sadness,2,0.0023,0.0666,0.9024,0.0288
1020_TIE_HAP_XX,1020,unspecified,satisfaction,4,satisfaction,4,0.1178,0.6667,0.113,0.1025
1020_TIE_NEU_XX,1020,unspecified,neutral,3,sadness,2,0.014,0.2635,0.5101,0.2124
1020_TIE_SAD_XX,1020,unspecified,sadness,2,sadness,2,0.004,0.0245,0.7677,0.2038
1020_TSI_ANG_XX,1020,unspecified,anger,0,anger,0,0.9204,0.0699,0.0005,0.0092
1020_TSI_DIS_XX,1020,unspecified,anger,0,satisfaction,4,0.0121,0.4739,0.418,0.096
1020_TSI_HAP_XX,1020,unspecified,satisfaction,4,satisfaction,4,0.0792,0.8716,0.0175,0.0317
1020_TSI_NEU_XX,1020,unspecified,neutral,3,satisfaction,4,0.0101,0.7868,0.0643,0.1389
1020_TSI_SAD_XX,1020,unspecified,sadness,2,neutral,3,0.0065,0.1873,0.3368,0.4694
1020_WSI_ANG_XX,1020,unspecified,anger,0,anger,0,0.9828,0.0102,0.0003,0.0067
1020_WSI_DIS_XX,1020,unspecified,anger,0,sadness,2,0.0732,0.157,0.4121,0.3577
1020_WSI_HAP_XX,1020,unspecified,satisfaction,4,anger,0,0.5042,0.239,0.0225,0.2343
1020_WSI_NEU_XX,1020,unspecified,neutral,3,neutral,3,0.0094,0.18,0.2684,0.5423
1020_WSI_SAD_XX,1020,unspecified,sadness,2,sadness,2,0.0003,0.0151,0.9496,0.035
1021_DFA_ANG_XX,1021,unspecified,anger,0,anger,0,0.9731,0.0134,0.0019,0.0116
1021_DFA_DIS_XX,1021,unspecified,anger,0,anger,0,0.4964,0.1887,0.0507,0.2641
1021_DFA_HAP_XX,1021,unspecified,satisfaction,4,anger,0,0.4257,0.2966,0.0116,0.2661
1021_DFA_NEU_XX,1021,unspecified,neutral,3,neutral,3,0.1542,0.1195,0.009,0.7173
1021_DFA_SAD_XX,1021,unspecified,sadness,2,neutral,3,0.0205,0.0843,0.0866,0.8086
1021_IEO_ANG_HI,1021,high,anger,0,anger,0,0.9484,0.0493,0.0015,0.0008
1021_IEO_ANG_LO,1021,low,anger,0,anger,0,0.8035,0.1125,0.0102,0.0738
1021_IEO_ANG_MD,1021,medium,anger,0,anger,0,0.8117,0.1345,0.0117,0.0422
1021_IEO_DIS_HI,1021,high,anger,0,satisfaction,4,0.0684,0.3662,0.3035,0.2619
1021_IEO_DIS_LO,1021,low,anger,0,neutral,3,0.0374,0.3835,0.0979,0.4812
1021_IEO_DIS_MD,1021,medium,anger,0,satisfaction,4,0.0316,0.5612,0.137,0.2701
1021_IEO_HAP_HI,1021,high,satisfaction,4,satisfaction,4,0.0548,0.8888,0.0152,0.0411
1021_IEO_HAP_LO,1021,low,satisfaction,4,satisfaction,4,0.0075,0.8455,0.0073,0.1398
1021_IEO_HAP_MD,1021,medium,satisfaction,4,satisfaction,4,0.0088,0.757,0.0378,0.1964
1021_IEO_NEU_XX,1021,unspecified,neutral,3,satisfaction,4,0.0298,0.669,0.0219,0.2794
1021_IEO_SAD_HI,1021,high,sadness,2,neutral,3,0.0232,0.2185,0.0716,0.6867
1021_IEO_SAD_LO,1021,low,sadness,2,neutral,3,0.0074,0.3453,0.1444,0.5029
1021_IEO_SAD_MD,1021,medium,sadness,2,satisfaction,4,0.0077,0.5958,0.3426,0.0539
1021_IOM_ANG_XX,1021,unspecified,anger,0,anger,0,0.9918,0.0049,0.0025,0.0008
1021_IOM_DIS_XX,1021,unspecified,anger,0,neutral,3,0.1577,0.0804,0.2977,0.4643
1021_IOM_HAP_XX,1021,unspecified,satisfaction,4,neutral,3,0.1774,0.2757,0.0409,0.5061
1021_IOM_NEU_XX,1021,unspecified,neutral,3,neutral,3,0.2282,0.3177,0.0477,0.4065
1021_IOM_SAD_XX,1021,unspecified,sadness,2,satisfaction,4,0.0325,0.4035,0.249,0.3151
1021_ITH_ANG_XX,1021,unspecified,anger,0,anger,0,0.9193,0.0252,0.0197,0.0358
1021_ITH_DIS_XX,1021,unspecified,anger,0,sadness,2,0.0249,0.0653,0.5674,0.3425
1021_ITH_HAP_XX,1021,unspecified,satisfaction,4,satisfaction,4,0.1746,0.3828,0.2383,0.2043
1021_ITH_NEU_XX,1021,unspecified,neutral,3,neutral,3,0.0187,0.0965,0.0316,0.8533
1021_ITH_SAD_XX,1021,unspecified,sadness,2,neutral,3,0.002,0.2283,0.2524,0.5173
1021_ITS_ANG_XX,1021,unspecified,anger,0,anger,0,0.9427,0.0426,0.0031,0.0116
1021_ITS_DIS_XX,1021,unspecified,anger,0,satisfaction,4,0.0282,0.4393,0.1312,0.4013
1021_ITS_HAP_XX,1021,unspecified,satisfaction,4,neutral,3,0.2626,0.181,0.151,0.4053
1021_ITS_NEU_XX,1021,unspecified,neutral,3,satisfaction,4,0.0688,0.4035,0.3492,0.1785
1021_ITS_SAD_XX,1021,unspecified,sadness,2,satisfaction,4,0.0106,0.4789,0.135,0.3755
1021_IWL_ANG_XX,1021,unspecified,anger,0,anger,0,0.9795,0.0168,0.0007,0.003
1021_IWL_DIS_XX,1021,unspecified,anger,0,neutral,3,0.0221,0.3622,0.1468,0.4689
1021_IWL_HAP_XX,1021,unspecified,satisfaction,4,satisfaction,4,0.0232,0.9117,0.0158,0.0493
1021_IWL_NEU_XX,1021,unspecified,neutral,3,neutral,3,0.0218,0.4539,0.0478,0.4765
1021_IWL_SAD_XX,1021,unspecified,sadness,2,neutral,3,0.0024,0.1632,0.1795,0.6549
1021_IWW_ANG_XX,1021,unspecified,anger,0,anger,0,0.9868,0.0062,0.0005,0.0065
1021_IWW_DIS_XX,1021,unspecified,anger,0,satisfaction,4,0.0019,0.4954,0.3083,0.1944
1021_IWW_HAP_XX,1021,unspecified,satisfaction,4,satisfaction,4,0.1095,0.4168,0.092,0.3817
1021_IWW_NEU_XX,1021,unspecified,neutral,3,neutral,3,0.1733,0.2302,0.1089,0.4877
1021_IWW_SAD_XX,1021,unspecified,sadness,2,neutral,3,0.0066,0.1395,0.3855,0.4684
1021_MTI_ANG_XX,1021,unspecified,anger,0,anger,0,0.6754,0.0333,0.0536,0.2377
1021_MTI_DIS_XX,1021,unspecified,anger,0,neutral,3,0.3057,0.0738,0.2677,0.3529
1021_MTI_HAP_XX,1021,unspecified,satisfaction,4,neutral,3,0.0577,0.1966,0.3335,0.4122
1021_MTI_NEU_XX,1021,unspecified,neutral,3,neutral,3,0.2747,0.1007,0.0781,0.5464
1021_MTI_SAD_XX,1021,unspecified,sadness,2,sadness,2,0.0042,0.0417,0.8095,0.1446
1021_TAI_ANG_XX,1021,unspecified,anger,0,anger,0,0.4814,0.1509,0.2642,0.1035
1021_TAI_DIS_XX,1021,unspecified,anger,0,sadness,2,0.0044,0.1973,0.7173,0.0809
1021_TAI_HAP_XX,1021,unspecified,satisfaction,4,satisfaction,4,0.0043,0.5779,0.2226,0.1952
1021_TAI_NEU_XX,1021,unspecified,neutral,3,satisfaction,4,0.1525,0.3452,0.197,0.3053
1021_TAI_SAD_XX,1021,unspecified,sadness,2,sadness,2,0.0093,0.0438,0.7998,0.147
1021_TIE_ANG_XX,1021,unspecified,anger,0,anger,0,0.9861,0.0091,0.0018,0.003
1021_TIE_DIS_XX,1021,unspecified,anger,0,anger,0,0.3132,0.2206,0.1594,0.3067
1021_TIE_HAP_XX,1021,unspecified,satisfaction,4,anger,0,0.4463,0.2701,0.0097,0.2739
1021_TIE_NEU_XX,1021,unspecified,neutral,3,satisfaction,4,0.2154,0.4217,0.0354,0.3275
1021_TIE_SAD_XX,1021,unspecified,sadness,2,sadness,2,0.0547,0.0986,0.5663,0.2804
1021_TSI_ANG_XX,1021,unspecified,anger,0,anger,0,0.9212,0.075,0.0012,0.0026
1021_TSI_DIS_XX,1021,unspecified,anger,0,satisfaction,4,0.0338,0.5815,0.0149,0.3699
1021_TSI_HAP_XX,1021,unspecified,satisfaction,4,satisfaction,4,0.3933,0.4683,0.0315,0.1068
1021_TSI_NEU_XX,1021,unspecified,neutral,3,satisfaction,4,0.0094,0.4514,0.3405,0.1986
1021_TSI_SAD_XX,1021,unspecified,sadness,2,sadness,2,0.0056,0.216,0.4386,0.3398
1021_WSI_ANG_XX,1021,unspecified,anger,0,anger,0,0.9958,0.0019,0.0009,0.0014
1021_WSI_DIS_XX,1021,unspecified,anger,0,anger,0,0.6219,0.0986,0.115,0.1645
1021_WSI_HAP_XX,1021,unspecified,satisfaction,4,satisfaction,4,0.2271,0.2746,0.2341,0.2641
1021_WSI_NEU_XX,1021,unspecified,neutral,3,anger,0,0.6344,0.0764,0.0395,0.2497
1021_WSI_SAD_XX,1021,unspecified,sadness,2,neutral,3,0.0124,0.0149,0.3937,0.579
1022_DFA_ANG_XX,1022,unspecified,anger,0,anger,0,0.9824,0.016,0.0004,0.0011
1022_DFA_DIS_XX,1022,unspecified,anger,0,satisfaction,4,0.2243,0.6676,0.0311,0.077
1022_DFA_HAP_XX,1022,unspecified,satisfaction,4,neutral,3,0.181,0.1711,0.0115,0.6365
1022_DFA_NEU_XX,1022,unspecified,neutral,3,neutral,3,0.2994,0.1695,0.0314,0.4996
1022_DFA_SAD_XX,1022,unspecified,sadness,2,sadness,2,0.0021,0.304,0.43,0.2638
1022_IEO_ANG_HI,1022,high,anger,0,anger,0,0.9857,0.0142,0.0,0.0001
1022_IEO_ANG_LO,1022,low,anger,0,anger,0,0.8608,0.1376,0.0003,0.0013
1022_IEO_ANG_MD,1022,medium,anger,0,anger,0,0.9039,0.0921,0.0032,0.0008
1022_IEO_DIS_HI,1022,high,anger,0,satisfaction,4,0.0103,0.6794,0.1193,0.1909
1022_IEO_DIS_LO,1022,low,anger,0,neutral,3,0.0045,0.4069,0.1276,0.461
1022_IEO_DIS_MD,1022,medium,anger,0,satisfaction,4,0.0672,0.8597,0.0064,0.0666
1022_IEO_HAP_HI,1022,high,satisfaction,4,satisfaction,4,0.0466,0.6263,0.0463,0.2808
1022_IEO_HAP_LO,1022,low,satisfaction,4,satisfaction,4,0.0293,0.636,0.0748,0.2599
1022_IEO_HAP_MD,1022,medium,satisfaction,4,satisfaction,4,0.0036,0.5147,0.0817,0.4
1022_IEO_NEU_XX,1022,unspecified,neutral,3,satisfaction,4,0.0366,0.6309,0.0723,0.2602
1022_IEO_SAD_HI,1022,high,sadness,2,satisfaction,4,0.0004,0.4811,0.3195,0.1989
1022_IEO_SAD_LO,1022,low,sadness,2,sadness,2,0.0001,0.1748,0.5091,0.316
1022_IEO_SAD_MD,1022,medium,sadness,2,neutral,3,0.0049,0.3249,0.1032,0.567
1022_IOM_ANG_XX,1022,unspecified,anger,0,anger,0,0.9706,0.0263,0.001,0.0021
1022_IOM_DIS_XX,1022,unspecified,anger,0,satisfaction,4,0.0251,0.7331,0.1836,0.0581
1022_IOM_HAP_XX,1022,unspecified,satisfaction,4,satisfaction,4,0.0087,0.7384,0.0371,0.2159
1022_IOM_NEU_XX,1022,unspecified,neutral,3,satisfaction,4,0.1413,0.5175,0.1904,0.1508
1022_IOM_SAD_XX,1022,unspecified,sadness,2,sadness,2,0.0045,0.0294,0.8325,0.1336
1022_ITH_ANG_XX,1022,unspecified,anger,0,anger,0,0.9625,0.0333,0.0005,0.0037
1022_ITH_DIS_XX,1022,unspecified,anger,0,satisfaction,4,0.0064,0.9413,0.0338,0.0184
1022_ITH_HAP_XX,1022,unspecified,satisfaction,4,satisfaction,4,0.0276,0.67,0.0247,0.2776
1022_ITH_NEU_XX,1022,unspecified,neutral,3,neutral,3,0.1061,0.1292,0.0707,0.6941
1022_ITH_SAD_XX,1022,unspecified,sadness,2,sadness,2,0.004,0.2213,0.4872,0.2875
1022_ITS_ANG_XX,1022,unspecified,anger,0,anger,0,0.8462,0.1463,0.0004,0.0071
1022_ITS_DIS_XX,1022,unspecified,anger,0,sadness,2,0.0056,0.3823,0.5022,0.1099
1022_ITS_HAP_XX,1022,unspecified,satisfaction,4,satisfaction,4,0.1158,0.4592,0.0179,0.407
1022_ITS_NEU_XX,1022,unspecified,neutral,3,satisfaction,4,0.019,0.3834,0.3316,0.266
1022_ITS_SAD_XX,1022,unspecified,sadness,2,sadness,2,0.0012,0.1561,0.817,0.0257
1022_IWL_ANG_XX,1022,unspecified,anger,0,anger,0,0.9513,0.0482,0.0001,0.0003
1022_IWL_DIS_XX,1022,unspecified,anger,0,satisfaction,4,0.257,0.7124,0.0183,0.0124
1022_IWL_HAP_XX,1022,unspecified,satisfaction,4,satisfaction,4,0.003,0.9243,0.0218,0.0509
1022_IWL_NEU_XX,1022,unspecified,neutral,3,satisfaction,4,0.0118,0.5937,0.3396,0.0549
1022_IWL_SAD_XX,1022,unspecified,sadness,2,sadness,2,0.0052,0.4018,0.5653,0.0277
1022_IWW_ANG_XX,1022,unspecified,anger,0,anger,0,0.9702,0.0287,0.0001,0.0009
1022_IWW_DIS_XX,1022,unspecified,anger,0,satisfaction,4,0.0193,0.8498,0.0363,0.0946
1022_IWW_HAP_XX,1022,unspecified,satisfaction,4,neutral,3,0.0024,0.459,0.0086,0.53
1022_IWW_NEU_XX,1022,unspecified,neutral,3,neutral,3,0.0231,0.1113,0.3549,0.5107
1022_IWW_SAD_XX,1022,unspecified,sadness,2,sadness,2,0.0018,0.1478,0.7857,0.0648
1022_MTI_ANG_XX,1022,unspecified,anger,0,anger,0,0.9873,0.012,0.0002,0.0005
1022_MTI_DIS_XX,1022,unspecified,anger,0,sadness,2,0.0775,0.4165,0.4582,0.0478
1022_MTI_HAP_XX,1022,unspecified,satisfaction,4,neutral,3,0.0056,0.4195,0.0583,0.5166
1022_MTI_NEU_XX,1022,unspecified,neutral,3,sadness,2,0.039,0.3723,0.4766,0.112
1022_MTI_SAD_XX,1022,unspecified,sadness,2,sadness,2,0.0029,0.3751,0.592,0.03
1022_TAI_ANG_XX,1022,unspecified,anger,0,anger,0,0.9406,0.0575,0.0005,0.0014
1022_TAI_DIS_XX,1022,unspecified,anger,0,satisfaction,4,0.0796,0.7699,0.0862,0.0643
1022_TAI_HAP_XX,1022,unspecified,satisfaction,4,satisfaction,4,0.1367,0.6869,0.0456,0.1308
1022_TAI_NEU_XX,1022,unspecified,neutral,3,satisfaction,4,0.0316,0.7068,0.1207,0.1409
1022_TAI_SAD_XX,1022,unspecified,sadness,2,sadness,2,0.0004,0.0642,0.9176,0.0179
1022_TIE_ANG_XX,1022,unspecified,anger,0,anger,0,0.9606,0.0377,0.0007,0.0011
1022_TIE_DIS_XX,1022,unspecified,anger,0,satisfaction,4,0.2256,0.6815,0.052,0.0409
1022_TIE_HAP_XX,1022,unspecified,satisfaction,4,satisfaction,4,0.1023,0.6461,0.0407,0.2109
1022_TIE_NEU_XX,1022,unspecified,neutral,3,anger,0,0.4959,0.1463,0.0306,0.3272
1022_TIE_SAD_XX,1022,unspecified,sadness,2,sadness,2,0.003,0.1585,0.6233,0.2152
1022_TSI_ANG_XX,1022,unspecified,anger,0,anger,0,0.9056,0.0937,0.0,0.0007
1022_TSI_DIS_XX,1022,unspecified,anger,0,satisfaction,4,0.1427,0.7974,0.0094,0.0505
1022_TSI_HAP_XX,1022,unspecified,satisfaction,4,satisfaction,4,0.0021,0.8792,0.0547,0.0639
1022_TSI_NEU_XX,1022,unspecified,neutral,3,satisfaction,4,0.1167,0.6808,0.0448,0.1577
1022_TSI_SAD_XX,1022,unspecified,sadness,2,sadness,2,0.0009,0.0527,0.7312,0.2153
1022_WSI_ANG_XX,1022,unspecified,anger,0,anger,0,0.9831,0.0128,0.0029,0.0012
1022_WSI_DIS_XX,1022,unspecified,anger,0,satisfaction,4,0.0317,0.4786,0.4235,0.0662
1022_WSI_HAP_XX,1022,unspecified,satisfaction,4,neutral,3,0.0854,0.3501,0.0542,0.5103
1022_WSI_NEU_XX,1022,unspecified,neutral,3,satisfaction,4,0.235,0.314,0.2917,0.1594
1022_WSI_SAD_XX,1022,unspecified,sadness,2,sadness,2,0.0013,0.0398,0.9432,0.0157
1023_DFA_ANG_XX,1023,unspecified,anger,0,anger,0,0.9851,0.0118,0.0001,0.0031
1023_DFA_DIS_XX,1023,unspecified,anger,0,neutral,3,0.19,0.3661,0.0039,0.4401
1023_DFA_HAP_XX,1023,unspecified,satisfaction,4,satisfaction,4,0.0881,0.5227,0.0201,0.3692
1023_DFA_NEU_XX,1023,unspecified,neutral,3,anger,0,0.5588,0.174,0.0224,0.2448
1023_DFA_SAD_XX,1023,unspecified,sadness,2,neutral,3,0.0079,0.2176,0.16,0.6146
1023_IEO_ANG_HI,1023,high,anger,0,anger,0,0.9939,0.006,0.0,0.0
1023_IEO_ANG_LO,1023,low,anger,0,satisfaction,4,0.2661,0.6846,0.0109,0.0383
1023_IEO_ANG_MD,1023,medium,anger,0,anger,0,0.8072,0.1918,0.0003,0.0006
1023_IEO_DIS_HI,1023,high,anger,0,satisfaction,4,0.0952,0.701,0.1464,0.0574
1023_IEO_DIS_LO,1023,low,anger,0,satisfaction,4,0.0019,0.6688,0.065,0.2643
1023_IEO_DIS_MD,1023,medium,anger,0,satisfaction,4,0.0137,0.9665,0.0051,0.0148
1023_IEO_HAP_HI,1023,high,satisfaction,4,satisfaction,4,0.4795,0.4834,0.0026,0.0345
1023_IEO_HAP_LO,1023,low,satisfaction,4,neutral,3,0.0741,0.3197,0.0133,0.5929
1023_IEO_HAP_MD,1023,medium,satisfaction,4,satisfaction,4,0.0061,0.7863,0.0184,0.1892
1023_IEO_NEU_XX,1023,unspecified,neutral,3,neutral,3,0.0097,0.1858,0.1912,0.6133
1023_IEO_SAD_HI,1023,high,sadness,2,neutral,3,0.0052,0.3497,0.1878,0.4572
1023_IEO_SAD_LO,1023,low,sadness,2,neutral,3,0.0033,0.1185,0.3374,0.5409
1023_IEO_SAD_MD,1023,medium,sadness,2,neutral,3,0.0003,0.1539,0.2267,0.6191
1023_IOM_ANG_XX,1023,unspecified,anger,0,anger,0,0.9959,0.0038,0.0,0.0003
1023_IOM_DIS_XX,1023,unspecified,anger,0,anger,0,0.4103,0.2495,0.2631,0.0771
1023_IOM_HAP_XX,1023,unspecified,satisfaction,4,satisfaction,4,0.0744,0.5463,0.1576,0.2218
1023_IOM_NEU_XX,1023,unspecified,neutral,3,neutral,3,0.0939,0.27,0.2589,0.3773
1023_IOM_SAD_XX,1023,unspecified,sadness,2,sadness,2,0.003,0.1256,0.7693,0.1021
1023_ITH_ANG_XX,1023,unspecified,anger,0,anger,0,0.9899,0.008,0.0003,0.0018
1023_ITH_DIS_XX,1023,unspecified,anger,0,satisfaction,4,0.1118,0.58,0.1044,0.2038
1023_ITH_HAP_XX,1023,unspecified,satisfaction,4,satisfaction,4,0.0649,0.5101,0.0065,0.4185
1023_ITH_NEU_XX,1023,unspecified,neutral,3,neutral,3,0.0146,0.263,0.2352,0.4871
1023_ITH_SAD_XX,1023,unspecified,sadness,2,neutral,3,0.0012,0.3295,0.1696,0.4997
1023_ITS_ANG_XX,1023,unspecified,anger,0,anger,0,0.9739,0.0191,0.0005,0.0065
1023_ITS_DIS_XX,1023,unspecified,anger,0,anger,0,0.4488,0.3597,0.1051,0.0865
1023_ITS_HAP_XX,1023,unspecified,satisfaction,4,satisfaction,4,0.0932,0.8618,0.0028,0.0422
1023_ITS_NEU_XX,1023,unspecified,neutral,3,satisfaction,4,0.1786,0.3393,0.3136,0.1685
1023_ITS_SAD_XX,1023,unspecified,sadness,2,sadness,2,0.0034,0.3507,0.4303,0.2156
1023_IWL_ANG_XX,1023,unspecified,anger,0,anger,0,0.9554,0.0407,0.0009,0.003
1023_IWL_DIS_XX,1023,unspecified,anger,0,satisfaction,4,0.014,0.5997,0.0692,0.317
1023_IWL_HAP_XX,1023,unspecified,satisfaction,4,anger,0,0.6579,0.2927,0.0088,0.0406
1023_IWL_NEU_XX,1023,unspecified,neutral,3,satisfaction,4,0.044,0.7232,0.0771,0.1558
1023_IWL_SAD_XX,1023,unspecified,sadness,2,satisfaction,4,0.0024,0.4469,0.3959,0.1548
1023_IWW_ANG_XX,1023,unspecified,anger,0,anger,0,0.9954,0.0028,0.0,0.0017
1023_IWW_DIS_XX,1023,unspecified,anger,0,satisfaction,4,0.0061,0.4739,0.3634,0.1566
1023_IWW_HAP_XX,1023,unspecified,satisfaction,4,satisfaction,4,0.3322,0.509,0.0176,0.1412
1023_IWW_NEU_XX,1023,unspecified,neutral,3,neutral,3,0.0384,0.2715,0.1407,0.5494
1023_IWW_SAD_XX,1023,unspecified,sadness,2,sadness,2,0.0035,0.1646,0.462,0.37
1023_MTI_ANG_XX,1023,unspecified,anger,0,anger,0,0.9933,0.0049,0.0002,0.0016
1023_MTI_DIS_XX,1023,unspecified,anger,0,anger,0,0.54,0.3267,0.0564,0.0769
1023_MTI_HAP_XX,1023,unspecified,satisfaction,4,anger,0,0.9017,0.055,0.002,0.0414
1023_MTI_NEU_XX,1023,unspecified,neutral,3,anger,0,0.7339,0.0654,0.0831,0.1175
1023_MTI_SAD_XX,1023,unspecified,sadness,2,sadness,2,0.0382,0.1556,0.4498,0.3565
1023_TAI_ANG_XX,1023,unspecified,anger,0,anger,0,0.9625,0.0359,0.0004,0.0012
1023_TAI_DIS_XX,1023,unspecified,anger,0,satisfaction,4,0.1846,0.4261,0.2947,0.0945
1023_TAI_HAP_XX,1023,unspecified,satisfaction,4,satisfaction,4,0.0744,0.895,0.0242,0.0064
1023_TAI_NEU_XX,1023,unspecified,neutral,3,satisfaction,4,0.068,0.5714,0.1848,0.1758
1023_TAI_SAD_XX,1023,unspecified,sadness,2,sadness,2,0.0094,0.2597,0.6195,0.1114
1023_TIE_ANG_XX,1023,unspecified,anger,0,anger,0,0.999,0.001,0.0,0.0
1023_TIE_DIS_XX,1023,unspecified,anger,0,anger,0,0.927,0.0649,0.0045,0.0037
1023_TIE_HAP_XX,1023,unspecified,satisfaction,4,satisfaction,4,0.4295,0.546,0.0025,0.0219
1023_TIE_NEU_XX,1023,unspecified,neutral,3,satisfaction,4,0.0688,0.3276,0.3066,0.297
1023_TIE_SAD_XX,1023,unspecified,sadness,2,sadness,2,0.0425,0.3186,0.5225,0.1164
1023_TSI_ANG_XX,1023,unspecified,anger,0,anger,0,0.9671,0.0256,0.0,0.0073
1023_TSI_DIS_XX,1023,unspecified,anger,0,satisfaction,4,0.1654,0.7457,0.0109,0.0781
1023_TSI_HAP_XX,1023,unspecified,satisfaction,4,satisfaction,4,0.0271,0.9152,0.003,0.0548
1023_TSI_NEU_XX,1023,unspecified,neutral,3,satisfaction,4,0.1487,0.6434,0.0164,0.1915
1023_TSI_SAD_XX,1023,unspecified,sadness,2,satisfaction,4,0.0018,0.4391,0.2936,0.2654
1023_WSI_ANG_XX,1023,unspecified,anger,0,anger,0,0.9782,0.0185,0.0012,0.0021
1023_WSI_DIS_XX,1023,unspecified,anger,0,anger,0,0.5552,0.3981,0.0148,0.0319
1023_WSI_HAP_XX,1023,unspecified,satisfaction,4,anger,0,0.7224,0.1959,0.0117,0.07
1023_WSI_NEU_XX,1023,unspecified,neutral,3,anger,0,0.7523,0.1142,0.0358,0.0977
1023_WSI_SAD_XX,1023,unspecified,sadness,2,neutral,3,0.008,0.1043,0.2986,0.5891
1024_DFA_ANG_XX,1024,unspecified,anger,0,anger,0,0.8157,0.0759,0.0032,0.1052
1024_DFA_DIS_XX,1024,unspecified,anger,0,anger,0,0.3705,0.3651,0.1698,0.0946
1024_DFA_HAP_XX,1024,unspecified,satisfaction,4,anger,0,0.4637,0.1967,0.0144,0.3252
1024_DFA_NEU_XX,1024,unspecified,neutral,3,neutral,3,0.1861,0.2243,0.0203,0.5693
1024_DFA_SAD_XX,1024,unspecified,sadness,2,neutral,3,0.04,0.3073,0.2981,0.3546
1024_IEO_ANG_HI,1024,high,anger,0,anger,0,0.998,0.0019,0.0,0.0001
1024_IEO_ANG_LO,1024,low,anger,0,satisfaction,4,0.215,0.5448,0.1572,0.0831
1024_IEO_ANG_MD,1024,medium,anger,0,satisfaction,4,0.1353,0.4857,0.3111,0.068
1024_IEO_DIS_HI,1024,high,anger,0,satisfaction,4,0.2419,0.5206,0.1579,0.0796
1024_IEO_DIS_LO,1024,low,anger,0,neutral,3,0.0144,0.2737,0.3506,0.3614
1024_IEO_DIS_MD,1024,medium,anger,0,satisfaction,4,0.2478,0.3127,0.2953,0.1442
1024_IEO_HAP_HI,1024,high,satisfaction,4,neutral,3,0.0939,0.2714,0.0552,0.5795
1024_IEO_HAP_LO,1024,low,satisfaction,4,satisfaction,4,0.1371,0.4628,0.0498,0.3504
1024_IEO_HAP_MD,1024,medium,satisfaction,4,satisfaction,4,0.3619,0.4753,0.054,0.1088
1024_IEO_NEU_XX,1024,unspecified,neutral,3,neutral,3,0.0588,0.3511,0.0445,0.5457
1024_IEO_SAD_HI,1024,high,sadness,2,neutral,3,0.0288,0.2815,0.291,0.3988
1024_IEO_SAD_LO,1024,low,sadness,2,neutral,3,0.0208,0.2263,0.1808,0.5721
1024_IEO_SAD_MD,1024,medium,sadness,2,neutral,3,0.0126,0.289,0.3314,0.367
1024_IOM_ANG_XX,1024,unspecified,anger,0,anger,0,0.441,0.2592,0.131,0.1689
1024_IOM_DIS_XX,1024,unspecified,anger,0,sadness,2,0.0058,0.0726,0.9033,0.0183
1024_IOM_HAP_XX,1024,unspecified,satisfaction,4,satisfaction,4,0.0838,0.5807,0.2118,0.1236
1024_IOM_NEU_XX,1024,unspecified,neutral,3,neutral,3,0.0122,0.275,0.1667,0.5461
1024_IOM_SAD_XX,1024,unspecified,sadness,2,neutral,3,0.0026,0.1152,0.4323,0.4498
1024_ITH_ANG_XX,1024,unspecified,anger,0,anger,0,0.4022,0.19,0.0828,0.325
1024_ITH_DIS_XX,1024,unspecified,anger,0,sadness,2,0.0271,0.2671,0.4633,0.2425
1024_ITH_HAP_XX,1024,unspecified,satisfaction,4,satisfaction,4,0.0806,0.4412,0.0611,0.4171
1024_ITH_NEU_XX,1024,unspecified,neutral,3,neutral,3,0.0165,0.1175,0.3835,0.4825
1024_ITH_SAD_XX,1024,unspecified,sadness,2,sadness,2,0.0002,0.0485,0.9307,0.0206
1024_ITS_ANG_XX,1024,unspecified,anger,0,satisfaction,4,0.1426,0.5949,0.0424,0.2202
1024_ITS_DIS_XX,1024,unspecified,anger,0,sadness,2,0.0167,0.315,0.4777,0.1906
1024_ITS_HAP_XX,1024,unspecified,satisfaction,4,satisfaction,4,0.0148,0.6159,0.2614,0.108
1024_ITS_NEU_XX,1024,unspecified,neutral,3,satisfaction,4,0.0072,0.645,0.1592,0.1886
1024_ITS_SAD_XX,1024,unspecified,sadness,2,sadness,2,0.0055,0.2464,0.6627,0.0853
1024_IWL_ANG_XX,1024,unspecified,anger,0,anger,0,0.5142,0.246,0.0073,0.2324
1024_IWL_DIS_XX,1024,unspecified,anger,0,satisfaction,4,0.0243,0.6596,0.1655,0.1506
1024_IWL_HAP_XX,1024,unspecified,satisfaction,4,anger,0,0.4106,0.3626,0.0392,0.1877
1024_IWL_NEU_XX,1024,unspecified,neutral,3,neutral,3,0.0617,0.2087,0.0337,0.6958
1024_IWL_SAD_XX,1024,unspecified,sadness,2,sadness,2,0.0022,0.184,0.5743,0.2395
1024_IWW_ANG_XX,1024,unspecified,anger,0,anger,0,0.4013,0.121,0.1688,0.3089
1024_IWW_DIS_XX,1024,unspecified,anger,0,sadness,2,0.0013,0.1398,0.8247,0.0342
1024_IWW_HAP_XX,1024,unspecified,satisfaction,4,satisfaction,4,0.0212,0.6714,0.236,0.0714
1024_IWW_NEU_XX,1024,unspecified,neutral,3,satisfaction,4,0.0045,0.423,0.1524,0.4201
1024_IWW_SAD_XX,1024,unspecified,sadness,2,sadness,2,0.0106,0.2057,0.6947,0.0889
1024_MTI_ANG_XX,1024,unspecified,anger,0,anger,0,0.907,0.0283,0.0585,0.0062
1024_MTI_DIS_XX,1024,unspecified,anger,0,sadness,2,0.0476,0.0767,0.7233,0.1524
1024_MTI_HAP_XX,1024,unspecified,satisfaction,4,anger,0,0.4374,0.339,0.1455,0.078
1024_MTI_NEU_XX,1024,unspecified,neutral,3,neutral,3,0.0471,0.0261,0.1644,0.7623
1024_MTI_SAD_XX,1024,unspecified,sadness,2,sadness,2,0.0198,0.0689,0.751,0.1602
1024_TAI_ANG_XX,1024,unspecified,anger,0,anger,0,0.724,0.1763,0.067,0.0327
1024_TAI_DIS_XX,1024,unspecified,anger,0,satisfaction,4,0.0294,0.4898,0.4284,0.0523
1024_TAI_HAP_XX,1024,unspecified,satisfaction,4,satisfaction,4,0.0174,0.6131,0.3192,0.0503
1024_TAI_NEU_XX,1024,unspecified,neutral,3,neutral,3,0.0553,0.2056,0.2365,0.5026
1024_TAI_SAD_XX,1024,unspecified,sadness,2,sadness,2,0.0,0.0233,0.971,0.0057
1024_TIE_ANG_XX,1024,unspecified,anger,0,satisfaction,4,0.1437,0.4114,0.3937,0.0512
1024_TIE_DIS_XX,1024,unspecified,anger,0,sadness,2,0.0026,0.1292,0.7875,0.0807
1024_TIE_HAP_XX,1024,unspecified,satisfaction,4,neutral,3,0.0068,0.2615,0.052,0.6798
1024_TIE_NEU_XX,1024,unspecified,neutral,3,neutral,3,0.0142,0.1996,0.1998,0.5864
1024_TIE_SAD_XX,1024,unspecified,sadness,2,sadness,2,0.0016,0.1923,0.7219,0.0842
1024_TSI_ANG_XX,1024,unspecified,anger,0,satisfaction,4,0.2754,0.683,0.0244,0.0172
1024_TSI_DIS_XX,1024,unspecified,anger,0,satisfaction,4,0.1249,0.6143,0.1991,0.0617
1024_TSI_HAP_XX,1024,unspecified,satisfaction,4,satisfaction,4,0.0797,0.6565,0.1374,0.1264
1024_TSI_NEU_XX,1024,unspecified,neutral,3,satisfaction,4,0.0313,0.656,0.142,0.1707
1024_TSI_SAD_XX,1024,unspecified,sadness,2,sadness,2,0.0018,0.1619,0.7995,0.0368
1024_WSI_ANG_XX,1024,unspecified,anger,0,anger,0,0.5994,0.1843,0.0453,0.171
1024_WSI_DIS_XX,1024,unspecified,anger,0,sadness,2,0.1164,0.1604,0.414,0.3092
1024_WSI_HAP_XX,1024,unspecified,satisfaction,4,satisfaction,4,0.1562,0.491,0.1557,0.197
1024_WSI_NEU_XX,1024,unspecified,neutral,3,neutral,3,0.029,0.1895,0.2563,0.5253
1024_WSI_SAD_XX,1024,unspecified,sadness,2,sadness,2,0.0045,0.2316,0.6881,0.0758
1025_DFA_ANG_XX,1025,unspecified,anger,0,anger,0,0.9942,0.0034,0.0001,0.0022
1025_DFA_DIS_XX,1025,unspecified,anger,0,neutral,3,0.0894,0.3301,0.0865,0.494
1025_DFA_HAP_XX,1025,unspecified,satisfaction,4,anger,0,0.6025,0.1756,0.0033,0.2185
1025_DFA_NEU_XX,1025,unspecified,neutral,3,satisfaction,4,0.1795,0.4501,0.029,0.3414
1025_DFA_SAD_XX,1025,unspecified,sadness,2,neutral,3,0.056,0.193,0.2212,0.5298
1025_IEO_ANG_HI,1025,high,anger,0,anger,0,0.9812,0.0185,0.0002,0.0002
1025_IEO_ANG_LO,1025,low,anger,0,anger,0,0.7332,0.144,0.0105,0.1122
1025_IEO_ANG_MD,1025,medium,anger,0,anger,0,0.9809,0.0159,0.001,0.0022
1025_IEO_DIS_HI,1025,high,anger,0,satisfaction,4,0.0586,0.4588,0.2122,0.2704
1025_IEO_DIS_LO,1025,low,anger,0,satisfaction,4,0.0466,0.4641,0.2137,0.2756
1025_IEO_DIS_MD,1025,medium,anger,0,satisfaction,4,0.1381,0.6234,0.1015,0.137
1025_IEO_HAP_HI,1025,high,satisfaction,4,anger,0,0.8796,0.117,0.0012,0.0022
1025_IEO_HAP_LO,1025,low,satisfaction,4,satisfaction,4,0.0211,0.6368,0.0454,0.2967
1025_IEO_HAP_MD,1025,medium,satisfaction,4,satisfaction,4,0.1137,0.738,0.0375,0.1108
1025_IEO_NEU_XX,1025,unspecified,neutral,3,neutral,3,0.0307,0.3125,0.118,0.5389
1025_IEO_SAD_HI,1025,high,sadness,2,satisfaction,4,0.1973,0.3447,0.1205,0.3375
1025_IEO_SAD_LO,1025,low,sadness,2,sadness,2,0.0097,0.3072,0.5156,0.1675
1025_IEO_SAD_MD,1025,medium,sadness,2,satisfaction,4,0.0277,0.444,0.1744,0.3539
1025_IOM_ANG_XX,1025,unspecified,anger,0,anger,0,0.9985,0.0011,0.0,0.0004
1025_IOM_DIS_XX,1025,unspecified,anger,0,sadness,2,0.0127,0.4475,0.4982,0.0416
1025_IOM_HAP_XX,1025,unspecified,satisfaction,4,satisfaction,4,0.026,0.7305,0.0208,0.2227
1025_IOM_NEU_XX,1025,unspecified,neutral,3,neutral,3,0.0426,0.2798,0.1537,0.5239
1025_IOM_SAD_XX,1025,unspecified,sadness,2,satisfaction,4,0.0557,0.6559,0.1017,0.1866
1025_ITH_ANG_XX,1025,unspecified,anger,0,anger,0,0.8846,0.11,0.001,0.0044
1025_ITH_DIS_XX,1025,unspecified,anger,0,sadness,2,0.0026,0.0844,0.7259,0.1872
1025_ITH_HAP_XX,1025,unspecified,satisfaction,4,satisfaction,4,0.0531,0.7637,0.0134,0.1699
1025_ITH_NEU_XX,1025,unspecified,neutral,3,neutral,3,0.0601,0.1757,0.1986,0.5657
1025_ITH_SAD_XX,1025,unspecified,sadness,2,sadness,2,0.0012,0.1369,0.7665,0.0954
1025_ITS_ANG_XX,1025,unspecified,anger,0,anger,0,0.6373,0.2312,0.0239,0.1075
1025_ITS_DIS_XX,1025,unspecified,anger,0,satisfaction,4,0.0011,0.5552,0.2661,0.1776
1025_ITS_HAP_XX,1025,unspecified,satisfaction,4,satisfaction,4,0.0561,0.7093,0.0531,0.1814
1025_ITS_NEU_XX,1025,unspecified,neutral,3,neutral,3,0.1011,0.1591,0.1229,0.6168
1025_ITS_SAD_XX,1025,unspecified,sadness,2,sadness,2,0.0034,0.1632,0.6182,0.2152
1025_IWL_ANG_XX,1025,unspecified,anger,0,anger,0,0.9737,0.0175,0.001,0.0078
1025_IWL_DIS_XX,1025,unspecified,anger,0,neutral,3,0.0042,0.3756,0.1432,0.477
1025_IWL_HAP_XX,1025,unspecified,satisfaction,4,satisfaction,4,0.0373,0.5571,0.1876,0.2181
1025_IWL_NEU_XX,1025,unspecified,neutral,3,neutral,3,0.0608,0.2208,0.1073,0.6112
1025_IWL_SAD_XX,1025,unspecified,sadness,2,sadness,2,0.0039,0.1681,0.647,0.1811
1025_IWW_ANG_XX,1025,unspecified,anger,0,anger,0,0.9902,0.0089,0.0003,0.0006
1025_IWW_DIS_XX,1025,unspecified,anger,0,sadness,2,0.008,0.4113,0.4836,0.097
1025_IWW_HAP_XX,1025,unspecified,satisfaction,4,neutral,3,0.1572,0.3069,0.0039,0.532
1025_IWW_NEU_XX,1025,unspecified,neutral,3,neutral,3,0.0458,0.1817,0.1118,0.6607
1025_IWW_SAD_XX,1025,unspecified,sadness,2,sadness,2,0.0073,0.081,0.7849,0.1269
1025_MTI_ANG_XX,1025,unspecified,anger,0,anger,0,0.9453,0.0141,0.0141,0.0266
1025_MTI_DIS_XX,1025,unspecified,anger,0,sadness,2,0.0517,0.0466,0.8648,0.0369
1025_MTI_HAP_XX,1025,unspecified,satisfaction,4,sadness,2,0.2006,0.2809,0.3354,0.1831
1025_MTI_NEU_XX,1025,unspecified,neutral,3,sadness,2,0.0608,0.0982,0.4372,0.4038
1025_MTI_SAD_XX,1025,unspecified,sadness,2,sadness,2,0.0111,0.0319,0.9088,0.0482
1025_TAI_ANG_XX,1025,unspecified,anger,0,anger,0,0.8348,0.118,0.0129,0.0343
1025_TAI_DIS_XX,1025,unspecified,anger,0,satisfaction,4,0.0074,0.6692,0.2371,0.0862
1025_TAI_HAP_XX,1025,unspecified,satisfaction,4,satisfaction,4,0.0575,0.8326,0.0754,0.0345
1025_TAI_NEU_XX,1025,unspecified,neutral,3,neutral,3,0.0596,0.2746,0.1993,0.4665
1025_TAI_SAD_XX,1025,unspecified,sadness,2,sadness,2,0.0058,0.1414,0.8079,0.0449
1025_TIE_ANG_XX,1025,unspecified,anger,0,anger,0,0.8989,0.0608,0.0055,0.0349
1025_TIE_DIS_XX,1025,unspecified,anger,0,satisfaction,4,0.0715,0.7095,0.1175,0.1015
1025_TIE_HAP_XX,1025,unspecified,satisfaction,4,satisfaction,4,0.0839,0.5498,0.0712,0.2951
1025_TIE_NEU_XX,1025,unspecified,neutral,3,neutral,3,0.0496,0.1932,0.2043,0.5529
1025_TIE_SAD_XX,1025,unspecified,sadness,2,sadness,2,0.013,0.2107,0.656,0.1203
1025_TSI_ANG_XX,1025,unspecified,anger,0,anger,0,0.8921,0.1001,0.0008,0.007
1025_TSI_DIS_XX,1025,unspecified,anger,0,satisfaction,4,0.0258,0.5794,0.1256,0.2692
1025_TSI_HAP_XX,1025,unspecified,satisfaction,4,anger,0,0.4666,0.4185,0.0078,0.1071
1025_TSI_NEU_XX,1025,unspecified,neutral,3,neutral,3,0.022,0.3786,0.1406,0.4588
1025_TSI_SAD_XX,1025,unspecified,sadness,2,sadness,2,0.0085,0.2391,0.5899,0.1625
1025_WSI_ANG_XX,1025,unspecified,anger,0,anger,0,0.9144,0.0699,0.002,0.0137
1025_WSI_DIS_XX,1025,unspecified,anger,0,neutral,3,0.0236,0.0882,0.4278,0.4605
1025_WSI_HAP_XX,1025,unspecified,satisfaction,4,neutral,3,0.2981,0.3066,0.0878,0.3076
1025_WSI_NEU_XX,1025,unspecified,neutral,3,sadness,2,0.0666,0.2112,0.4016,0.3206
1025_WSI_SAD_XX,1025,unspecified,sadness,2,sadness,2,0.0031,0.1071,0.6612,0.2286
1026_DFA_ANG_XX,1026,unspecified,anger,0,anger,0,0.9857,0.0125,0.0,0.0018
1026_DFA_DIS_XX,1026,unspecified,anger,0,satisfaction,4,0.1655,0.6051,0.0327,0.1967
1026_DFA_HAP_XX,1026,unspecified,satisfaction,4,satisfaction,4,0.0573,0.8246,0.0079,0.1102
1026_DFA_NEU_XX,1026,unspecified,neutral,3,anger,0,0.4245,0.1889,0.1571,0.2294
1026_DFA_SAD_XX,1026,unspecified,sadness,2,neutral,3,0.0037,0.1315,0.2453,0.6194
1026_IEO_ANG_HI,1026,high,anger,0,anger,0,0.9786,0.0203,0.0001,0.0011
1026_IEO_ANG_LO,1026,low,anger,0,anger,0,0.7168,0.216,0.0102,0.057
1026_IEO_ANG_MD,1026,medium,anger,0,anger,0,0.9923,0.0065,0.0001,0.0011
1026_IEO_DIS_HI,1026,high,anger,0,satisfaction,4,0.1619,0.754,0.0177,0.0664
1026_IEO_DIS_LO,1026,low,anger,0,satisfaction,4,0.0229,0.6613,0.2417,0.0741
1026_IEO_DIS_MD,1026,medium,anger,0,satisfaction,4,0.0423,0.9326,0.0058,0.0193
1026_IEO_HAP_HI,1026,high,satisfaction,4,satisfaction,4,0.276,0.6517,0.0114,0.0609
1026_IEO_HAP_LO,1026,low,satisfaction,4,satisfaction,4,0.028,0.4763,0.0399,0.4558
1026_IEO_HAP_MD,1026,medium,satisfaction,4,satisfaction,4,0.0146,0.934,0.03,0.0214
1026_IEO_NEU_XX,1026,unspecified,neutral,3,neutral,3,0.0853,0.1248,0.1954,0.5945
1026_IEO_SAD_HI,1026,high,sadness,2,satisfaction,4,0.0037,0.6331,0.1102,0.253
1026_IEO_SAD_LO,1026,low,sadness,2,sadness,2,0.0006,0.1312,0.4917,0.3765
1026_IEO_SAD_MD,1026,medium,sadness,2,sadness,2,0.0009,0.3213,0.3537,0.3241
1026_IOM_ANG_XX,1026,unspecified,anger,0,anger,0,0.8053,0.1788,0.0018,0.0141
1026_IOM_DIS_XX,1026,unspecified,anger,0,sadness,2,0.0015,0.3832,0.4753,0.14
1026_IOM_HAP_XX,1026,unspecified,satisfaction,4,satisfaction,4,0.0004,0.5064,0.0435,0.4497
1026_IOM_NEU_XX,1026,unspecified,neutral,3,neutral,3,0.0037,0.0494,0.3517,0.5952
1026_IOM_SAD_XX,1026,unspecified,sadness,2,neutral,3,0.001,0.0551,0.2701,0.6738
1026_ITH_ANG_XX,1026,unspecified,anger,0,anger,0,0.9687,0.025,0.0007,0.0056
1026_ITH_DIS_XX,1026,unspecified,anger,0,anger,0,0.6382,0.3087,0.0199,0.0332
1026_ITH_HAP_XX,1026,unspecified,satisfaction,4,satisfaction,4,0.089,0.7939,0.0197,0.0974
1026_ITH_NEU_XX,1026,unspecified,neutral,3,neutral,3,0.0165,0.0363,0.2963,0.651
1026_ITH_SAD_XX,1026,unspecified,sadness,2,sadness,2,0.0,0.023,0.8502,0.1267
1026_ITS_ANG_XX,1026,unspecified,anger,0,anger,0,0.9009,0.0838,0.0005,0.0148
1026_ITS_DIS_XX,1026,unspecified,anger,0,sadness,2,0.0004,0.3349,0.5607,0.104
1026_ITS_HAP_XX,1026,unspecified,satisfaction,4,satisfaction,4,0.1277,0.5509,0.0208,0.3005
1026_ITS_NEU_XX,1026,unspecified,neutral,3,sadness,2,0.0016,0.078,0.7114,0.209
1026_ITS_SAD_XX,1026,unspecified,sadness,2,sadness,2,0.0015,0.2157,0.4252,0.3577
1026_IWL_ANG_XX,1026,unspecified,anger,0,anger,0,0.8746,0.0906,0.0002,0.0346
1026_IWL_DIS_XX,1026,unspecified,anger,0,satisfaction,4,0.052,0.6908,0.0118,0.2454
1026_IWL_HAP_XX,1026,unspecified,satisfaction,4,neutral,3,0.1329,0.412,0.0057,0.4495
1026_IWL_NEU_XX,1026,unspecified,neutral,3,sadness,2,0.0031,0.1312,0.6035,0.2622
1026_IWL_SAD_XX,1026,unspecified,sadness,2,sadness,2,0.0155,0.2408,0.5402,0.2035
1026_IWW_ANG_XX,1026,unspecified,anger,0,satisfaction,4,0.2604,0.6205,0.0022,0.1169
1026_IWW_DIS_XX,1026,unspecified,anger,0,satisfaction,4,0.0419,0.4826,0.1869,0.2886
1026_IWW_HAP_XX,1026,unspecified,satisfaction,4,satisfaction,4,0.0902,0.7157,0.0033,0.1908
1026_IWW_NEU_XX,1026,unspecified,neutral,3,neutral,3,0.011,0.1422,0.4096,0.4372
1026_IWW_SAD_XX,1026,unspecified,sadness,2,sadness,2,0.0003,0.0583,0.8102,0.1311
1026_MTI_ANG_XX,1026,unspecified,anger,0,anger,0,0.9715,0.0271,0.0001,0.0013
1026_MTI_DIS_XX,1026,unspecified,anger,0,satisfaction,4,0.1314,0.3873,0.173,0.3084
1026_MTI_HAP_XX,1026,unspecified,satisfaction,4,satisfaction,4,0.0517,0.3359,0.3213,0.2911
1026_MTI_NEU_XX,1026,unspecified,neutral,3,sadness,2,0.0196,0.0467,0.4937,0.44
1026_MTI_SAD_XX,1026,unspecified,sadness,2,sadness,2,0.001,0.054,0.6079,0.337
1026_TAI_ANG_XX,1026,unspecified,anger,0,anger,0,0.9269,0.0672,0.0005,0.0054
1026_TAI_DIS_XX,1026,unspecified,anger,0,satisfaction,4,0.2132,0.6465,0.0318,0.1085
1026_TAI_HAP_XX,1026,unspecified,satisfaction,4,satisfaction,4,0.2391,0.4884,0.0294,0.2431
1026_TAI_NEU_XX,1026,unspecified,neutral,3,sadness,2,0.0192,0.2042,0.4772,0.2994
1026_TAI_SAD_XX,1026,unspecified,sadness,2,sadness,2,0.0019,0.2145,0.4963,0.2873
1026_TIE_ANG_XX,1026,unspecified,anger,0,anger,0,0.9803,0.0175,0.0001,0.0021
1026_TIE_DIS_XX,1026,unspecified,anger,0,anger,0,0.6746,0.2419,0.0255,0.058
1026_TIE_HAP_XX,1026,unspecified,satisfaction,4,satisfaction,4,0.0673,0.8299,0.0465,0.0563
1026_TIE_NEU_XX,1026,unspecified,neutral,3,sadness,2,0.0042,0.1152,0.6849,0.1957
1026_TIE_SAD_XX,1026,unspecified,sadness,2,sadness,2,0.0011,0.0557,0.5738,0.3694
1026_TSI_ANG_XX,1026,unspecified,anger,0,anger,0,0.9528,0.0465,0.0,0.0007
1026_TSI_DIS_XX,1026,unspecified,anger,0,satisfaction,4,0.014,0.637,0.2996,0.0494
1026_TSI_HAP_XX,1026,unspecified,satisfaction,4,satisfaction,4,0.0447,0.9291,0.0182,0.008
1026_TSI_NEU_XX,1026,unspecified,neutral,3,neutral,3,0.017,0.4031,0.1085,0.4714
1026_TSI_SAD_XX,1026,unspecified,sadness,2,satisfaction,4,0.0012,0.4871,0.3913,0.1204
1026_WSI_ANG_XX,1026,unspecified,anger,0,anger,0,0.9934,0.0063,0.0,0.0003
1026_WSI_DIS_XX,1026,unspecified,anger,0,anger,0,0.5739,0.2468,0.02,0.1593
1026_WSI_HAP_XX,1026,unspecified,satisfaction,4,satisfaction,4,0.0483,0.7181,0.0943,0.1393
1026_WSI_NEU_XX,1026,unspecified,neutral,3,neutral,3,0.1988,0.0687,0.3042,0.4283
1026_WSI_SAD_XX,1026,unspecified,sadness,2,sadness,2,0.0008,0.0188,0.7329,0.2475
1027_DFA_ANG_XX,1027,unspecified,anger,0,anger,0,0.9632,0.0365,0.0,0.0003
1027_DFA_DIS_XX,1027,unspecified,anger,0,neutral,3,0.0101,0.2983,0.0861,0.6055
1027_DFA_HAP_XX,1027,unspecified,satisfaction,4,anger,0,0.8535,0.0716,0.0006,0.0743
1027_DFA_NEU_XX,1027,unspecified,neutral,3,anger,0,0.4453,0.1517,0.0441,0.3589
1027_DFA_SAD_XX,1027,unspecified,sadness,2,neutral,3,0.0368,0.3711,0.0677,0.5245
1027_IEO_ANG_HI,1027,high,anger,0,anger,0,0.8883,0.1114,0.0001,0.0001
1027_IEO_ANG_LO,1027,low,anger,0,neutral,3,0.118,0.3415,0.1206,0.4198
1027_IEO_ANG_MD,1027,medium,anger,0,anger,0,0.9908,0.007,0.0,0.0021
1027_IEO_DIS_HI,1027,high,anger,0,satisfaction,4,0.0528,0.9019,0.0034,0.0419
1027_IEO_DIS_LO,1027,low,anger,0,neutral,3,0.0114,0.3338,0.1584,0.4964
1027_IEO_DIS_MD,1027,medium,anger,0,satisfaction,4,0.051,0.9227,0.0005,0.0258
1027_IEO_HAP_HI,1027,high,satisfaction,4,satisfaction,4,0.0169,0.9018,0.0781,0.0032
1027_IEO_HAP_LO,1027,low,satisfaction,4,neutral,3,0.0139,0.382,0.2181,0.386
1027_IEO_HAP_MD,1027,medium,satisfaction,4,satisfaction,4,0.0169,0.347,0.3248,0.3114
1027_IEO_NEU_XX,1027,unspecified,neutral,3,neutral,3,0.0196,0.2208,0.2242,0.5354
1027_IEO_SAD_HI,1027,high,sadness,2,satisfaction,4,0.0062,0.3669,0.2674,0.3596
1027_IEO_SAD_LO,1027,low,sadness,2,neutral,3,0.0006,0.0806,0.2791,0.6397
1027_IEO_SAD_MD,1027,medium,sadness,2,sadness,2,0.0016,0.1553,0.4551,0.3879
1027_IOM_ANG_XX,1027,unspecified,anger,0,anger,0,0.9174,0.0788,0.002,0.0018
1027_IOM_DIS_XX,1027,unspecified,anger,0,sadness,2,0.1984,0.2687,0.2727,0.2602
1027_IOM_HAP_XX,1027,unspecified,satisfaction,4,satisfaction,4,0.358,0.4377,0.0621,0.1422
1027_IOM_NEU_XX,1027,unspecified,neutral,3,sadness,2,0.0233,0.081,0.8098,0.0859
1027_IOM_SAD_XX,1027,unspecified,sadness,2,sadness,2,0.0065,0.1717,0.6537,0.1681
1027_ITH_ANG_XX,1027,unspecified,anger,0,anger,0,0.9986,0.0013,0.0,0.0
1027_ITH_DIS_XX,1027,unspecified,anger,0,sadness,2,0.0037,0.1286,0.7684,0.0993
1027_ITH_HAP_XX,1027,unspecified,satisfaction,4,satisfaction,4,0.2285,0.5926,0.0281,0.1507
1027_ITH_NEU_XX,1027,unspecified,neutral,3,neutral,3,0.1692,0.3836,0.0587,0.3884
1027_ITH_SAD_XX,1027,unspecified,sadness,2,sadness,2,0.0022,0.238,0.708,0.0518
1027_ITS_ANG_XX,1027,unspecified,anger,0,anger,0,0.9179,0.0805,0.0004,0.0012
1027_ITS_DIS_XX,1027,unspecified,anger,0,sadness,2,0.0013,0.0983,0.8557,0.0447
1027_ITS_HAP_XX,1027,unspecified,satisfaction,4,satisfaction,4,0.1087,0.6063,0.0246,0.2604
1027_ITS_NEU_XX,1027,unspecified,neutral,3,satisfaction,4,0.0232,0.5662,0.2165,0.1941
1027_ITS_SAD_XX,1027,unspecified,sadness,2,sadness,2,0.0026,0.1848,0.4509,0.3617
1027_IWL_ANG_XX,1027,unspecified,anger,0,anger,0,0.9822,0.0176,0.0,0.0002
1027_IWL_DIS_XX,1027,unspecified,anger,0,neutral,3,0.0076,0.2199,0.1091,0.6635
1027_IWL_HAP_XX,1027,unspecified,satisfaction,4,neutral,3,0.0334,0.372,0.081,0.5136
1027_IWL_NEU_XX,1027,unspecified,neutral,3,satisfaction,4,0.0248,0.478,0.2152,0.282
1027_IWL_SAD_XX,1027,unspecified,sadness,2,sadness,2,0.0121,0.1888,0.4599,0.3393
1027_IWW_ANG_XX,1027,unspecified,anger,0,anger,0,0.9263,0.0579,0.0006,0.0152
1027_IWW_DIS_XX,1027,unspecified,anger,0,sadness,2,0.0264,0.2637,0.4183,0.2915
1027_IWW_HAP_XX,1027,unspecified,satisfaction,4,anger,0,0.5465,0.2147,0.0627,0.1761
1027_IWW_NEU_XX,1027,unspecified,neutral,3,neutral,3,0.067,0.1154,0.0641,0.7536
1027_IWW_SAD_XX,1027,unspecified,sadness,2,sadness,2,0.0028,0.0768,0.767,0.1534
1027_MTI_ANG_XX,1027,unspecified,anger,0,anger,0,0.8472,0.1487,0.0012,0.0029
1027_MTI_DIS_XX,1027,unspecified,anger,0,sadness,2,0.0318,0.0653,0.5611,0.3419
1027_MTI_HAP_XX,1027,unspecified,satisfaction,4,anger,0,0.3586,0.3561,0.1662,0.1191
1027_MTI_NEU_XX,1027,unspecified,neutral,3,neutral,3,0.2466,0.2037,0.1897,0.3601
1027_MTI_SAD_XX,1027,unspecified,sadness,2,sadness,2,0.0073,0.0873,0.8508,0.0546
1027_TAI_ANG_XX,1027,unspecified,anger,0,anger,0,0.9576,0.0422,0.0001,0.0002
1027_TAI_DIS_XX,1027,unspecified,anger,0,sadness,2,0.0099,0.1963,0.6829,0.1108
1027_TAI_HAP_XX,1027,unspecified,satisfaction,4,anger,0,0.7469,0.191,0.0239,0.0382
1027_TAI_NEU_XX,1027,unspecified,neutral,3,anger,0,0.3388,0.2748,0.086,0.3005
1027_TAI_SAD_XX,1027,unspecified,sadness,2,sadness,2,0.0083,0.1134,0.808,0.0702
1027_TIE_ANG_XX,1027,unspecified,anger,0,anger,0,0.9985,0.0013,0.0,0.0002
1027_TIE_DIS_XX,1027,unspecified,anger,0,satisfaction,4,0.236,0.3793,0.0888,0.2959
1027_TIE_HAP_XX,1027,unspecified,satisfaction,4,sadness,2,0.0026,0.0438,0.8687,0.0849
1027_TIE_NEU_XX,1027,unspecified,neutral,3,neutral,3,0.0989,0.1794,0.3584,0.3633
1027_TIE_SAD_XX,1027,unspecified,sadness,2,neutral,3,0.0203,0.1933,0.2167,0.5696
1027_TSI_ANG_XX,1027,unspecified,anger,0,anger,0,0.9883,0.0115,0.0,0.0001
1027_TSI_DIS_XX,1027,unspecified,anger,0,satisfaction,4,0.0096,0.8225,0.0558,0.1121
1027_TSI_HAP_XX,1027,unspecified,satisfaction,4,satisfaction,4,0.4845,0.5059,0.0018,0.0078
1027_TSI_NEU_XX,1027,unspecified,neutral,3,satisfaction,4,0.1323,0.5084,0.0098,0.3495
1027_TSI_SAD_XX,1027,unspecified,sadness,2,satisfaction,4,0.0084,0.7154,0.1408,0.1354
1027_WSI_ANG_XX,1027,unspecified,anger,0,anger,0,0.9985,0.0014,0.0,0.0001
1027_WSI_DIS_XX,1027,unspecified,anger,0,anger,0,0.8135,0.1217,0.0045,0.0603
1027_WSI_HAP_XX,1027,unspecified,satisfaction,4,anger,0,0.8666,0.0706,0.0011,0.0617
1027_WSI_NEU_XX,1027,unspecified,neutral,3,neutral,3,0.1687,0.2207,0.254,0.3566
1027_WSI_SAD_XX,1027,unspecified,sadness,2,sadness,2,0.0029,0.0848,0.815,0.0973
1028_DFA_ANG_XX,1028,unspecified,anger,0,anger,0,0.9963,0.0037,0.0,0.0
1028_DFA_DIS_XX,1028,unspecified,anger,0,neutral,3,0.3209,0.1035,0.0294,0.5462
1028_DFA_HAP_XX,1028,unspecified,satisfaction,4,anger,0,0.9025,0.0947,0.0004,0.0024
1028_DFA_NEU_XX,1028,unspecified,neutral,3,anger,0,0.8964,0.0232,0.0017,0.0787
1028_DFA_SAD_XX,1028,unspecified,sadness,2,satisfaction,4,0.0275,0.3851,0.2788,0.3086
1028_IEO_ANG_HI,1028,high,anger,0,anger,0,0.9978,0.0022,0.0,0.0
1028_IEO_ANG_LO,1028,low,anger,0,anger,0,0.9141,0.0668,0.0034,0.0157
1028_IEO_ANG_MD,1028,medium,anger,0,anger,0,0.9958,0.0021,0.0001,0.002
1028_IEO_DIS_HI,1028,high,anger,0,anger,0,0.7413,0.1904,0.0427,0.0256
1028_IEO_DIS_LO,1028,low,anger,0,sadness,2,0.0011,0.3365,0.4874,0.175
1028_IEO_DIS_MD,1028,medium,anger,0,satisfaction,4,0.1652,0.7357,0.0551,0.044
1028_IEO_HAP_HI,1028,high,satisfaction,4,satisfaction,4,0.1803,0.7993,0.0034,0.017
1028_IEO_HAP_LO,1028,low,satisfaction,4,satisfaction,4,0.0684,0.6223,0.0361,0.2732
1028_IEO_HAP_MD,1028,medium,satisfaction,4,satisfaction,4,0.179,0.4778,0.0499,0.2934
1028_IEO_NEU_XX,1028,unspecified,neutral,3,neutral,3,0.1531,0.1805,0.0068,0.6596
1028_IEO_SAD_HI,1028,high,sadness,2,satisfaction,4,0.0041,0.4552,0.1794,0.3613
1028_IEO_SAD_LO,1028,low,sadness,2,neutral,3,0.0296,0.2867,0.0872,0.5964
1028_IEO_SAD_MD,1028,medium,sadness,2,neutral,3,0.0088,0.1815,0.3816,0.4282
1028_IOM_ANG_XX,1028,unspecified,anger,0,anger,0,0.9525,0.045,0.0021,0.0004
1028_IOM_DIS_XX,1028,unspecified,anger,0,sadness,2,0.3155,0.3065,0.3615,0.0165
1028_IOM_HAP_XX,1028,unspecified,satisfaction,4,anger,0,0.6095,0.3586,0.006,0.0259
1028_IOM_NEU_XX,1028,unspecified,neutral,3,neutral,3,0.431,0.0292,0.0135,0.5263
1028_IOM_SAD_XX,1028,unspecified,sadness,2,sadness,2,0.02,0.1841,0.7548,0.0411
1028_ITH_ANG_XX,1028,unspecified,anger,0,anger,0,0.9942,0.0055,0.0,0.0002
1028_ITH_DIS_XX,1028,unspecified,anger,0,satisfaction,4,0.0092,0.3401,0.3305,0.3203
1028_ITH_HAP_XX,1028,unspecified,satisfaction,4,satisfaction,4,0.387,0.5143,0.0433,0.0554
1028_ITH_NEU_XX,1028,unspecified,neutral,3,neutral,3,0.0092,0.0653,0.2141,0.7114
1028_ITH_SAD_XX,1028,unspecified,sadness,2,sadness,2,0.0021,0.4518,0.5372,0.0088
1028_ITS_ANG_XX,1028,unspecified,anger,0,anger,0,0.9905,0.008,0.0002,0.0014
1028_ITS_DIS_XX,1028,unspecified,anger,0,neutral,3,0.0027,0.3668,0.2026,0.4279
1028_ITS_HAP_XX,1028,unspecified,satisfaction,4,anger,0,0.554,0.3662,0.0071,0.0727
1028_ITS_NEU_XX,1028,unspecified,neutral,3,sadness,2,0.1937,0.1387,0.4756,0.1921
1028_ITS_SAD_XX,1028,unspecified,sadness,2,satisfaction,4,0.0004,0.6242,0.2916,0.0838
1028_IWL_ANG_XX,1028,unspecified,anger,0,anger,0,0.8881,0.1104,0.0007,0.0007
1028_IWL_DIS_XX,1028,unspecified,anger,0,satisfaction,4,0.0077,0.582,0.0527,0.3576
1028_IWL_HAP_XX,1028,unspecified,satisfaction,4,satisfaction,4,0.1371,0.8081,0.0423,0.0125
1028_IWL_NEU_XX,1028,unspecified,neutral,3,anger,0,0.404,0.2259,0.0157,0.3545
1028_IWL_SAD_XX,1028,unspecified,sadness,2,satisfaction,4,0.0015,0.7207,0.1647,0.1131
1028_IWW_ANG_XX,1028,unspecified,anger,0,anger,0,0.9986,0.0012,0.0,0.0002
1028_IWW_DIS_XX,1028,unspecified,anger,0,satisfaction,4,0.1035,0.5476,0.1772,0.1717
1028_IWW_HAP_XX,1028,unspecified,satisfaction,4,anger,0,0.7472,0.2215,0.0045,0.0268
1028_IWW_NEU_XX,1028,unspecified,neutral,3,anger,0,0.4567,0.1154,0.0262,0.4017
1028_IWW_SAD_XX,1028,unspecified,sadness,2,satisfaction,4,0.0024,0.4875,0.3956,0.1146
1028_MTI_ANG_XX,1028,unspecified,anger,0,anger,0,0.99,0.0094,0.0003,0.0003
1028_MTI_DIS_XX,1028,unspecified,anger,0,satisfaction,4,0.0041,0.6445,0.2925,0.0588
1028_MTI_HAP_XX,1028,unspecified,satisfaction,4,anger,0,0.7471,0.1294,0.0935,0.03
1028_MTI_NEU_XX,1028,unspecified,neutral,3,neutral,3,0.114,0.0651,0.2859,0.5351
1028_MTI_SAD_XX,1028,unspecified,sadness,2,sadness,2,0.0021,0.3194,0.6405,0.0381
1028_TAI_ANG_XX,1028,unspecified,anger,0,anger,0,0.9984,0.0016,0.0,0.0001
1028_TAI_DIS_XX,1028,unspecified,anger,0,sadness,2,0.0059,0.3235,0.5672,0.1033
1028_TAI_HAP_XX,1028,unspecified,satisfaction,4,satisfaction,4,0.2529,0.7408,0.0052,0.0011
1028_TAI_NEU_XX,1028,unspecified,neutral,3,neutral,3,0.2512,0.155,0.1385,0.4553
1028_TAI_SAD_XX,1028,unspecified,sadness,2,sadness,2,0.0001,0.3399,0.6568,0.0032
1028_TIE_ANG_XX,1028,unspecified,anger,0,anger,0,0.9999,0.0001,0.0,0.0
1028_TIE_DIS_XX,1028,unspecified,anger,0,sadness,2,0.0145,0.3031,0.5439,0.1384
1028_TIE_HAP_XX,1028,unspecified,satisfaction,4,sadness,2,0.266,0.2636,0.4009,0.0695
1028_TIE_NEU_XX,1028,unspecified,neutral,3,neutral,3,0.1135,0.1441,0.176,0.5664
1028_TIE_SAD_XX,1028,unspecified,sadness,2,satisfaction,4,0.0193,0.4754,0.3141,0.1913
1028_TSI_ANG_XX,1028,unspecified,anger,0,anger,0,0.9831,0.0166,0.0,0.0003
1028_TSI_DIS_XX,1028,unspecified,anger,0,satisfaction,4,0.0405,0.7812,0.011,0.1672
1028_TSI_HAP_XX,1028,unspecified,satisfaction,4,satisfaction,4,0.2832,0.6975,0.0139,0.0054
1028_TSI_NEU_XX,1028,unspecified,neutral,3,satisfaction,4,0.1686,0.5694,0.0217,0.2404
1028_TSI_SAD_XX,1028,unspecified,sadness,2,satisfaction,4,0.0016,0.755,0.2027,0.0407
1028_WSI_ANG_XX,1028,unspecified,anger,0,anger,0,0.9974,0.0024,0.0,0.0002
1028_WSI_DIS_XX,1028,unspecified,anger,0,satisfaction,4,0.0573,0.4146,0.2583,0.2697
1028_WSI_HAP_XX,1028,unspecified,satisfaction,4,anger,0,0.48,0.3669,0.1106,0.0425
1028_WSI_NEU_XX,1028,unspecified,neutral,3,neutral,3,0.112,0.0706,0.3719,0.4455
1028_WSI_SAD_XX,1028,unspecified,sadness,2,sadness,2,0.0034,0.2638,0.6334,0.0995
1029_DFA_ANG_XX,1029,unspecified,anger,0,anger,0,0.9997,0.0002,0.0,0.0001
1029_DFA_DIS_XX,1029,unspecified,anger,0,anger,0,0.9858,0.0129,0.0,0.0013
1029_DFA_HAP_XX,1029,unspecified,satisfaction,4,anger,0,0.5155,0.4604,0.0026,0.0214
1029_DFA_NEU_XX,1029,unspecified,neutral,3,anger,0,0.984,0.0078,0.0006,0.0076
1029_DFA_SAD_XX,1029,unspecified,sadness,2,satisfaction,4,0.084,0.6928,0.1596,0.0636
1029_IEO_ANG_HI,1029,high,anger,0,anger,0,0.9828,0.0169,0.0,0.0003
1029_IEO_ANG_LO,1029,low,anger,0,anger,0,0.8236,0.0282,0.0037,0.1444
1029_IEO_ANG_MD,1029,medium,anger,0,anger,0,0.9818,0.017,0.0003,0.001
1029_IEO_DIS_HI,1029,high,anger,0,anger,0,0.9751,0.0222,0.0008,0.0019
1029_IEO_DIS_LO,1029,low,anger,0,neutral,3,0.0192,0.2766,0.3147,0.3895
1029_IEO_DIS_MD,1029,medium,anger,0,satisfaction,4,0.1244,0.6012,0.2577,0.0168
1029_IEO_HAP_HI,1029,high,satisfaction,4,anger,0,0.9939,0.0057,0.0,0.0004
1029_IEO_HAP_LO,1029,low,satisfaction,4,anger,0,0.5307,0.4227,0.0019,0.0447
1029_IEO_HAP_MD,1029,medium,satisfaction,4,anger,0,0.9758,0.0215,0.0001,0.0026
1029_IEO_NEU_XX,1029,unspecified,neutral,3,neutral,3,0.1049,0.4036,0.0279,0.4637
1029_IEO_SAD_HI,1029,high,sadness,2,anger,0,0.7052,0.2904,0.003,0.0013
1029_IEO_SAD_LO,1029,low,sadness,2,neutral,3,0.0101,0.3638,0.1791,0.4469
1029_IEO_SAD_MD,1029,medium,sadness,2,satisfaction,4,0.0066,0.4594,0.264,0.2701
1029_IOM_ANG_XX,1029,unspecified,anger,0,anger,0,0.8392,0.1345,0.0173,0.009
1029_IOM_DIS_XX,1029,unspecified,anger,0,neutral,3,0.1964,0.0926,0.1223,0.5887
1029_IOM_HAP_XX,1029,unspecified,satisfaction,4,satisfaction,4,0.2332,0.7261,0.0162,0.0245
1029_IOM_NEU_XX,1029,unspecified,neutral,3,anger,0,0.512,0.0745,0.038,0.3756
1029_IOM_SAD_XX,1029,unspecified,sadness,2,neutral,3,0.0193,0.0948,0.1036,0.7824
1029_ITH_ANG_XX,1029,unspecified,anger,0,anger,0,0.9984,0.0014,0.0,0.0001
1029_ITH_DIS_XX,1029,unspecified,anger,0,anger,0,0.9835,0.0151,0.0004,0.001
1029_ITH_HAP_XX,1029,unspecified,satisfaction,4,satisfaction,4,0.4645,0.5057,0.0116,0.0182
1029_ITH_NEU_XX,1029,unspecified,neutral,3,anger,0,0.6271,0.0355,0.0692,0.2682
1029_ITH_SAD_XX,1029,unspecified,sadness,2,sadness,2,0.0008,0.0422,0.953,0.0039
1029_ITS_ANG_XX,1029,unspecified,anger,0,anger,0,0.9349,0.0488,0.0005,0.0159
1029_ITS_DIS_XX,1029,unspecified,anger,0,anger,0,0.9588,0.0395,0.0007,0.001
1029_ITS_HAP_XX,1029,unspecified,satisfaction,4,anger,0,0.6848,0.2929,0.004,0.0183
1029_ITS_NEU_XX,1029,unspecified,neutral,3,anger,0,0.4706,0.3082,0.012,0.2093
1029_ITS_SAD_XX,1029,unspecified,sadness,2,sadness,2,0.0113,0.3995,0.5591,0.0301
1029_IWL_ANG_XX,1029,unspecified,anger,0,anger,0,0.8996,0.0997,0.0005,0.0001
1029_IWL_DIS_XX,1029,unspecified,anger,0,anger,0,0.7247,0.2426,0.0008,0.0319
1029_IWL_HAP_XX,1029,unspecified,satisfaction,4,satisfaction,4,0.1025,0.8695,0.0157,0.0122
1029_IWL_NEU_XX,1029,unspecified,neutral,3,anger,0,0.4893,0.2257,0.0174,0.2675
1029_IWL_SAD_XX,1029,unspecified,sadness,2,sadness,2,0.0088,0.2786,0.6387,0.0739
1029_IWW_ANG_XX,1029,unspecified,anger,0,anger,0,0.987,0.0116,0.0005,0.0009
1029_IWW_DIS_XX,1029,unspecified,anger,0,neutral,3,0.2866,0.3009,0.0918,0.3208
1029_IWW_HAP_XX,1029,unspecified,satisfaction,4,satisfaction,4,0.3169,0.4611,0.0257,0.1963
1029_IWW_NEU_XX,1029,unspecified,neutral,3,anger,0,0.4519,0.1271,0.0038,0.4173
1029_IWW_SAD_XX,1029,unspecified,sadness,2,sadness,2,0.124,0.2916,0.5296,0.0548
1029_MTI_ANG_XX,1029,unspecified,anger,0,anger,0,0.9964,0.0033,0.0002,0.0001
1029_MTI_DIS_XX,1029,unspecified,anger,0,anger,0,0.8694,0.1228,0.0041,0.0037
1029_MTI_HAP_XX,1029,unspecified,satisfaction,4,satisfaction,4,0.3831,0.5174,0.0896,0.0098
1029_MTI_NEU_XX,1029,unspecified,neutral,3,anger,0,0.814,0.0698,0.0427,0.0735
1029_MTI_SAD_XX,1029,unspecified,sadness,2,sadness,2,0.0172,0.1401,0.8406,0.0021
1029_TAI_ANG_XX,1029,unspecified,anger,0,anger,0,0.9978,0.0022,0.0001,0.0
1029_TAI_DIS_XX,1029,unspecified,anger,0,satisfaction,4,0.3853,0.4608,0.1151,0.0388
1029_TAI_HAP_XX,1029,unspecified,satisfaction,4,anger,0,0.8839,0.0868,0.0179,0.0114
1029_TAI_NEU_XX,1029,unspecified,neutral,3,neutral,3,0.0918,0.1606,0.1904,0.5571
1029_TAI_SAD_XX,1029,unspecified,sadness,2,sadness,2,0.0061,0.042,0.9479,0.004
1029_TIE_ANG_XX,1029,unspecified,anger,0,anger,0,0.9991,0.0008,0.0,0.0
1029_TIE_DIS_XX,1029,unspecified,anger,0,anger,0,0.7783,0.1239,0.0094,0.0884
1029_TIE_HAP_XX,1029,unspecified,satisfaction,4,anger,0,0.8204,0.1068,0.039,0.0338
1029_TIE_NEU_XX,1029,unspecified,neutral,3,anger,0,0.5493,0.0742,0.0125,0.3639
1029_TIE_SAD_XX,1029,unspecified,sadness,2,sadness,2,0.0716,0.3007,0.48,0.1477
1029_TSI_ANG_XX,1029,unspecified,anger,0,anger,0,0.994,0.0059,0.0,0.0001
1029_TSI_DIS_XX,1029,unspecified,anger,0,satisfaction,4,0.1975,0.7907,0.0083,0.0036
1029_TSI_HAP_XX,1029,unspecified,satisfaction,4,satisfaction,4,0.4177,0.5449,0.0046,0.0328
1029_TSI_NEU_XX,1029,unspecified,neutral,3,satisfaction,4,0.3077,0.6165,0.0018,0.074
1029_TSI_SAD_XX,1029,unspecified,sadness,2,satisfaction,4,0.0085,0.5215,0.4144,0.0555
1029_WSI_ANG_XX,1029,unspecified,anger,0,anger,0,0.9963,0.0036,0.0001,0.0001
1029_WSI_DIS_XX,1029,unspecified,anger,0,anger,0,0.7742,0.2206,0.0046,0.0006
1029_WSI_HAP_XX,1029,unspecified,satisfaction,4,satisfaction,4,0.4011,0.5847,0.0072,0.0069
1029_WSI_NEU_XX,1029,unspecified,neutral,3,anger,0,0.6808,0.0677,0.1537,0.0979
1029_WSI_SAD_XX,1029,unspecified,sadness,2,sadness,2,0.0083,0.1536,0.8301,0.008
1030_DFA_ANG_XX,1030,unspecified,anger,0,anger,0,0.9962,0.0035,0.0,0.0003
1030_DFA_DIS_XX,1030,unspecified,anger,0,satisfaction,4,0.0225,0.6596,0.0889,0.2291
1030_DFA_HAP_XX,1030,unspecified,satisfaction,4,satisfaction,4,0.2263,0.7486,0.0005,0.0247
1030_DFA_NEU_XX,1030,unspecified,neutral,3,satisfaction,4,0.0559,0.4321,0.1967,0.3153
1030_DFA_SAD_XX,1030,unspecified,sadness,2,satisfaction,4,0.0078,0.4624,0.2701,0.2597
1030_IEO_ANG_HI,1030,high,anger,0,anger,0,0.9441,0.0557,0.0001,0.0
1030_IEO_ANG_LO,1030,low,anger,0,satisfaction,4,0.1235,0.7061,0.0806,0.0897
1030_IEO_ANG_MD,1030,medium,anger,0,anger,0,0.9884,0.0033,0.0,0.0083
1030_IEO_DIS_HI,1030,high,anger,0,satisfaction,4,0.3319,0.444,0.028,0.1961
1030_IEO_DIS_LO,1030,low,anger,0,satisfaction,4,0.0031,0.485,0.0281,0.4838
1030_IEO_DIS_MD,1030,medium,anger,0,satisfaction,4,0.0437,0.811,0.0468,0.0986
1030_IEO_HAP_HI,1030,high,satisfaction,4,anger,0,0.9627,0.036,0.0001,0.0012
1030_IEO_HAP_LO,1030,low,satisfaction,4,neutral,3,0.003,0.3574,0.0256,0.6141
1030_IEO_HAP_MD,1030,medium,satisfaction,4,satisfaction,4,0.0792,0.8307,0.0017,0.0883
1030_IEO_NEU_XX,1030,unspecified,neutral,3,satisfaction,4,0.0046,0.6209,0.0699,0.3046
1030_IEO_SAD_HI,1030,high,sadness,2,satisfaction,4,0.0058,0.5804,0.3282,0.0856
1030_IEO_SAD_LO,1030,low,sadness,2,neutral,3,0.003,0.0933,0.2351,0.6686
1030_IEO_SAD_MD,1030,medium,sadness,2,neutral,3,0.0108,0.3081,0.0772,0.6039
1030_IOM_ANG_XX,1030,unspecified,anger,0,neutral,3,0.3524,0.1536,0.0821,0.412
1030_IOM_DIS_XX,1030,unspecified,anger,0,neutral,3,0.0232,0.1504,0.3886,0.4378
1030_IOM_HAP_XX,1030,unspecified,satisfaction,4,satisfaction,4,0.0058,0.562,0.0578,0.3744
1030_IOM_NEU_XX,1030,unspecified,neutral,3,sadness,2,0.0052,0.1542,0.5493,0.2913
1030_IOM_SAD_XX,1030,unspecified,sadness,2,sadness,2,0.0019,0.1878,0.7048,0.1055
1030_ITH_ANG_XX,1030,unspecified,anger,0,anger,0,0.9114,0.0258,0.0023,0.0604
1030_ITH_DIS_XX,1030,unspecified,anger,0,satisfaction,4,0.0113,0.4635,0.1452,0.3799
1030_ITH_HAP_XX,1030,unspecified,satisfaction,4,satisfaction,4,0.0588,0.9101,0.0005,0.0305
1030_ITH_NEU_XX,1030,unspecified,neutral,3,neutral,3,0.0059,0.0738,0.0468,0.8734
1030_ITH_SAD_XX,1030,unspecified,sadness,2,sadness,2,0.0019,0.2192,0.6927,0.0862
1030_ITS_ANG_XX,1030,unspecified,anger,0,anger,0,0.9598,0.0375,0.0008,0.0019
1030_ITS_DIS_XX,1030,unspecified,anger,0,neutral,3,0.0398,0.4591,0.0386,0.4625
1030_ITS_HAP_XX,1030,unspecified,satisfaction,4,satisfaction,4,0.0053,0.8126,0.0754,0.1067
1030_ITS_NEU_XX,1030,unspecified,neutral,3,sadness,2,0.0013,0.3484,0.3562,0.2941
1030_ITS_SAD_XX,1030,unspecified,sadness,2,sadness,2,0.0002,0.1058,0.8139,0.0801
1030_IWL_ANG_XX,1030,unspecified,anger,0,satisfaction,4,0.4086,0.5786,0.0026,0.0101
1030_IWL_DIS_XX,1030,unspecified,anger,0,satisfaction,4,0.1809,0.4064,0.1045,0.3082
1030_IWL_HAP_XX,1030,unspecified,satisfaction,4,anger,0,0.4377,0.4122,0.0024,0.1478
1030_IWL_NEU_XX,1030,unspecified,neutral,3,satisfaction,4,0.0035,0.6641,0.1024,0.2299
1030_IWL_SAD_XX,1030,unspecified,sadness,2,sadness,2,0.0044,0.2864,0.5455,0.1636
1030_IWW_ANG_XX,1030,unspecified,anger,0,anger,0,0.97,0.0171,0.0006,0.0122
1030_IWW_DIS_XX,1030,unspecified,anger,0,satisfaction,4,0.0304,0.4806,0.0599,0.4291
1030_IWW_HAP_XX,1030,unspecified,satisfaction,4,satisfaction,4,0.194,0.6444,0.0599,0.1016
1030_IWW_NEU_XX,1030,unspecified,neutral,3,satisfaction,4,0.0204,0.3956,0.3762,0.2078
1030_IWW_SAD_XX,1030,unspecified,sadness,2,sadness,2,0.0045,0.1316,0.6062,0.2577
1030_MTI_ANG_XX,1030,unspecified,anger,0,anger,0,0.963,0.0247,0.0046,0.0077
1030_MTI_DIS_XX,1030,unspecified,anger,0,sadness,2,0.0106,0.0864,0.8295,0.0735
1030_MTI_HAP_XX,1030,unspecified,satisfaction,4,satisfaction,4,0.021,0.4453,0.2035,0.3302
1030_MTI_NEU_XX,1030,unspecified,neutral,3,neutral,3,0.0797,0.1727,0.0785,0.6691
1030_MTI_SAD_XX,1030,unspecified,sadness,2,sadness,2,0.0038,0.1603,0.5999,0.236
1030_TAI_ANG_XX,1030,unspecified,anger,0,anger,0,0.6466,0.3146,0.0233,0.0155
1030_TAI_DIS_XX,1030,unspecified,anger,0,satisfaction,4,0.0215,0.5821,0.3578,0.0385
1030_TAI_HAP_XX,1030,unspecified,satisfaction,4,satisfaction,4,0.0115,0.8646,0.041,0.0829
1030_TAI_NEU_XX,1030,unspecified,neutral,3,sadness,2,0.0034,0.3989,0.4122,0.1855
1030_TAI_SAD_XX,1030,unspecified,sadness,2,sadness,2,0.0071,0.2666,0.6955,0.0307
1030_TIE_ANG_XX,1030,unspecified,anger,0,anger,0,0.983,0.0149,0.0003,0.0018
1030_TIE_DIS_XX,1030,unspecified,anger,0,anger,0,0.5945,0.2287,0.0579,0.1188
1030_TIE_HAP_XX,1030,unspecified,satisfaction,4,satisfaction,4,0.0489,0.5854,0.0842,0.2815
1030_TIE_NEU_XX,1030,unspecified,neutral,3,neutral,3,0.0726,0.358,0.1135,0.4559
1030_TIE_SAD_XX,1030,unspecified,sadness,2,sadness,2,0.0093,0.1109,0.6643,0.2155
1030_TSI_ANG_XX,1030,unspecified,anger,0,anger,0,0.9236,0.0739,0.0002,0.0023
1030_TSI_DIS_XX,1030,unspecified,anger,0,satisfaction,4,0.0094,0.7221,0.0807,0.1878
1030_TSI_HAP_XX,1030,unspecified,satisfaction,4,satisfaction,4,0.2004,0.7644,0.0147,0.0205
1030_TSI_NEU_XX,1030,unspecified,neutral,3,satisfaction,4,0.0116,0.557,0.1724,0.259
1030_TSI_SAD_XX,1030,unspecified,sadness,2,neutral,3,0.0016,0.2639,0.3263,0.4082
1030_WSI_ANG_XX,1030,unspecified,anger,0,anger,0,0.9906,0.0072,0.0001,0.0021
1030_WSI_DIS_XX,1030,unspecified,anger,0,satisfaction,4,0.2452,0.6108,0.1094,0.0347
1030_WSI_HAP_XX,1030,unspecified,satisfaction,4,anger,0,0.8924,0.0826,0.0026,0.0224
1030_WSI_NEU_XX,1030,unspecified,neutral,3,neutral,3,0.1039,0.2871,0.1627,0.4463
1030_WSI_SAD_XX,1030,unspecified,sadness,2,sadness,2,0.002,0.09,0.8455,0.0626
1031_DFA_ANG_XX,1031,unspecified,anger,0,anger,0,0.6174,0.1683,0.0217,0.1926
1031_DFA_DIS_XX,1031,unspecified,anger,0,satisfaction,4,0.2338,0.635,0.0263,0.1049
1031_DFA_HAP_XX,1031,unspecified,satisfaction,4,neutral,3,0.2228,0.2358,0.0469,0.4944
1031_DFA_NEU_XX,1031,unspecified,neutral,3,satisfaction,4,0.039,0.6949,0.0611,0.2051
1031_DFA_SAD_XX,1031,unspecified,sadness,2,sadness,2,0.0041,0.1537,0.4388,0.4033
1031_IEO_ANG_HI,1031,high,anger,0,anger,0,0.8139,0.1858,0.0001,0.0001
1031_IEO_ANG_LO,1031,low,anger,0,anger,0,0.4597,0.3645,0.0486,0.1272
1031_IEO_ANG_MD,1031,medium,anger,0,anger,0,0.8527,0.1376,0.0079,0.0017
1031_IEO_DIS_HI,1031,high,anger,0,satisfaction,4,0.0114,0.7241,0.165,0.0996
1031_IEO_DIS_LO,1031,low,anger,0,satisfaction,4,0.0039,0.3579,0.3017,0.3365
1031_IEO_DIS_MD,1031,medium,anger,0,satisfaction,4,0.0019,0.539,0.2257,0.2334
1031_IEO_HAP_HI,1031,high,satisfaction,4,satisfaction,4,0.0992,0.8877,0.0026,0.0105
1031_IEO_HAP_LO,1031,low,satisfaction,4,satisfaction,4,0.0436,0.7329,0.0736,0.1499
1031_IEO_HAP_MD,1031,medium,satisfaction,4,satisfaction,4,0.0205,0.7921,0.0288,0.1585
1031_IEO_NEU_XX,1031,unspecified,neutral,3,satisfaction,4,0.007,0.7237,0.0666,0.2027
1031_IEO_SAD_HI,1031,high,sadness,2,satisfaction,4,0.0005,0.5161,0.2811,0.2023
1031_IEO_SAD_LO,1031,low,sadness,2,satisfaction,4,0.0005,0.3736,0.346,0.2798
1031_IEO_SAD_MD,1031,medium,sadness,2,sadness,2,0.0004,0.3947,0.5095,0.0954
1031_IOM_ANG_XX,1031,unspecified,anger,0,satisfaction,4,0.231,0.5586,0.1494,0.061
1031_IOM_DIS_XX,1031,unspecified,anger,0,sadness,2,0.0067,0.1395,0.6709,0.183
1031_IOM_HAP_XX,1031,unspecified,satisfaction,4,sadness,2,0.0127,0.3441,0.3987,0.2444
1031_IOM_NEU_XX,1031,unspecified,neutral,3,satisfaction,4,0.0275,0.6044,0.1394,0.2288
1031_IOM_SAD_XX,1031,unspecified,sadness,2,sadness,2,0.0011,0.4271,0.5135,0.0582
1031_ITH_ANG_XX,1031,unspecified,anger,0,anger,0,0.5669,0.2396,0.0672,0.1263
1031_ITH_DIS_XX,1031,unspecified,anger,0,satisfaction,4,0.0108,0.4535,0.2504,0.2852
1031_ITH_HAP_XX,1031,unspecified,satisfaction,4,neutral,3,0.0622,0.3308,0.2393,0.3677
1031_ITH_NEU_XX,1031,unspecified,neutral,3,neutral,3,0.0177,0.3943,0.142,0.446
1031_ITH_SAD_XX,1031,unspecified,sadness,2,sadness,2,0.0027,0.2396,0.659,0.0986
1031_ITS_ANG_XX,1031,unspecified,anger,0,satisfaction,4,0.0842,0.5964,0.0537,0.2657
1031_ITS_DIS_XX,1031,unspecified,anger,0,satisfaction,4,0.0047,0.5123,0.3569,0.126
1031_ITS_HAP_XX,1031,unspecified,satisfaction,4,satisfaction,4,0.0502,0.5195,0.1645,0.2659
1031_ITS_NEU_XX,1031,unspecified,neutral,3,neutral,3,0.0257,0.4304,0.1019,0.442
1031_ITS_SAD_XX,1031,unspecified,sadness,2,sadness,2,0.0016,0.3307,0.569,0.0987
1031_IWL_ANG_XX,1031,unspecified,anger,0,satisfaction,4,0.383,0.4385,0.0299,0.1486
1031_IWL_DIS_XX,1031,unspecified,anger,0,satisfaction,4,0.0053,0.546,0.3688,0.0799
1031_IWL_HAP_XX,1031,unspecified,satisfaction,4,satisfaction,4,0.0185,0.475,0.229,0.2775
1031_IWL_NEU_XX,1031,unspecified,neutral,3,satisfaction,4,0.0219,0.6077,0.1266,0.2438
1031_IWL_SAD_XX,1031,unspecified,sadness,2,sadness,2,0.0014,0.3378,0.6279,0.033
1031_IWW_ANG_XX,1031,unspecified,anger,0,satisfaction,4,0.123,0.4407,0.1056,0.3307
1031_IWW_DIS_XX,1031,unspecified,anger,0,satisfaction,4,0.0114,0.5255,0.3226,0.1405
1031_IWW_HAP_XX,1031,unspecified,satisfaction,4,neutral,3,0.0146,0.3979,0.162,0.4254
1031_IWW_NEU_XX,1031,unspecified,neutral,3,satisfaction,4,0.0026,0.5969,0.1634,0.2371
1031_IWW_SAD_XX,1031,unspecified,sadness,2,sadness,2,0.0017,0.2509,0.6489,0.0985
1031_MTI_ANG_XX,1031,unspecified,anger,0,neutral,3,0.061,0.139,0.3131,0.4869
1031_MTI_DIS_XX,1031,unspecified,anger,0,sadness,2,0.0325,0.2226,0.5807,0.1642
1031_MTI_HAP_XX,1031,unspecified,satisfaction,4,satisfaction,4,0.0278,0.3844,0.3047,0.2831
1031_MTI_NEU_XX,1031,unspecified,neutral,3,sadness,2,0.005,0.063,0.5477,0.3843
1031_MTI_SAD_XX,1031,unspecified,sadness,2,sadness,2,0.0083,0.1027,0.8405,0.0485
1031_TAI_ANG_XX,1031,unspecified,anger,0,satisfaction,4,0.3439,0.4,0.073,0.1831
1031_TAI_DIS_XX,1031,unspecified,anger,0,satisfaction,4,0.0446,0.5901,0.2388,0.1266
1031_TAI_HAP_XX,1031,unspecified,satisfaction,4,satisfaction,4,0.043,0.6692,0.1225,0.1654
1031_TAI_NEU_XX,1031,unspecified,neutral,3,satisfaction,4,0.063,0.4822,0.1016,0.3533
1031_TAI_SAD_XX,1031,unspecified,sadness,2,sadness,2,0.0003,0.1281,0.8245,0.0471
1031_TIE_ANG_XX,1031,unspecified,anger,0,satisfaction,4,0.1863,0.3793,0.2154,0.2189
1031_TIE_DIS_XX,1031,unspecified,anger,0,sadness,2,0.0062,0.1852,0.7599,0.0487
1031_TIE_HAP_XX,1031,unspecified,satisfaction,4,satisfaction,4,0.0071,0.5756,0.0221,0.3952
1031_TIE_NEU_XX,1031,unspecified,neutral,3,neutral,3,0.0224,0.2886,0.1482,0.5408
1031_TIE_SAD_XX,1031,unspecified,sadness,2,sadness,2,0.0006,0.2859,0.5985,0.115
1031_TSI_ANG_XX,1031,unspecified,anger,0,satisfaction,4,0.293,0.5001,0.0394,0.1675
1031_TSI_DIS_XX,1031,unspecified,anger,0,anger,0,0.4485,0.3855,0.0181,0.1478
1031_TSI_HAP_XX,1031,unspecified,satisfaction,4,satisfaction,4,0.3428,0.5638,0.0089,0.0846
1031_TSI_NEU_XX,1031,unspecified,neutral,3,neutral,3,0.032,0.3658,0.0539,0.5483
1031_TSI_SAD_XX,1031,unspecified,sadness,2,satisfaction,4,0.011,0.5178,0.1611,0.3101
1031_WSI_ANG_XX,1031,unspecified,anger,0,anger,0,0.8262,0.0881,0.0235,0.0622
1031_WSI_DIS_XX,1031,unspecified,anger,0,sadness,2,0.0234,0.1865,0.491,0.2991
1031_WSI_HAP_XX,1031,unspecified,satisfaction,4,satisfaction,4,0.0904,0.3662,0.208,0.3353
1031_WSI_NEU_XX,1031,unspecified,neutral,3,sadness,2,0.008,0.1371,0.575,0.2799
1031_WSI_SAD_XX,1031,unspecified,sadness,2,sadness,2,0.009,0.316,0.3743,0.3007
1032_DFA_ANG_XX,1032,unspecified,anger,0,satisfaction,4,0.2443,0.6282,0.0215,0.106
1032_DFA_DIS_XX,1032,unspecified,anger,0,satisfaction,4,0.0039,0.791,0.1104,0.0947
1032_DFA_HAP_XX,1032,unspecified,satisfaction,4,satisfaction,4,0.0086,0.6951,0.0105,0.2858
1032_DFA_NEU_XX,1032,unspecified,neutral,3,satisfaction,4,0.015,0.69,0.0537,0.2413
1032_DFA_SAD_XX,1032,unspecified,sadness,2,satisfaction,4,0.0011,0.5086,0.3679,0.1224
1032_IEO_ANG_HI,1032,high,anger,0,anger,0,0.7954,0.2038,0.0001,0.0006
1032_IEO_ANG_LO,1032,low,anger,0,anger,0,0.6086,0.3603,0.0136,0.0175
1032_IEO_ANG_MD,1032,medium,anger,0,anger,0,0.7677,0.2249,0.0023,0.005
1032_IEO_DIS_HI,1032,high,anger,0,satisfaction,4,0.0128,0.8252,0.1444,0.0177
1032_IEO_DIS_LO,1032,low,anger,0,sadness,2,0.001,0.3683,0.467,0.1637
1032_IEO_DIS_MD,1032,medium,anger,0,satisfaction,4,0.0021,0.521,0.391,0.0859
1032_IEO_HAP_HI,1032,high,satisfaction,4,satisfaction,4,0.029,0.8596,0.0754,0.036
1032_IEO_HAP_LO,1032,low,satisfaction,4,satisfaction,4,0.0085,0.6021,0.2841,0.1053
1032_IEO_HAP_MD,1032,medium,satisfaction,4,neutral,3,0.0009,0.2114,0.2834,0.5043
1032_IEO_NEU_XX,1032,unspecified,neutral,3,sadness,2,0.0002,0.0818,0.8857,0.0323
1032_IEO_SAD_HI,1032,high,sadness,2,satisfaction,4,0.0025,0.5757,0.0654,0.3564
1032_IEO_SAD_LO,1032,low,sadness,2,sadness,2,0.0001,0.0362,0.5911,0.3725
1032_IEO_SAD_MD,1032,medium,sadness,2,sadness,2,0.0005,0.2566,0.4176,0.3254
1032_IOM_ANG_XX,1032,unspecified,anger,0,satisfaction,4,0.1252,0.495,0.3544,0.0254
1032_IOM_DIS_XX,1032,unspecified,anger,0,sadness,2,0.0009,0.0582,0.9062,0.0347
1032_IOM_HAP_XX,1032,unspecified,satisfaction,4,satisfaction,4,0.0479,0.6478,0.211,0.0933
1032_IOM_NEU_XX,1032,unspecified,neutral,3,neutral,3,0.0008,0.1617,0.1745,0.663
1032_IOM_SAD_XX,1032,unspecified,sadness,2,sadness,2,0.0008,0.318,0.5854,0.0957
1032_ITH_ANG_XX,1032,unspecified,anger,0,anger,0,0.4669,0.4175,0.0444,0.0713
1032_ITH_DIS_XX,1032,unspecified,anger,0,sadness,2,0.0005,0.2865,0.6596,0.0534
1032_ITH_HAP_XX,1032,unspecified,satisfaction,4,satisfaction,4,0.1729,0.7882,0.0106,0.0283
1032_ITH_NEU_XX,1032,unspecified,neutral,3,satisfaction,4,0.0476,0.4244,0.1401,0.388
1032_ITH_SAD_XX,1032,unspecified,sadness,2,satisfaction,4,0.0012,0.7266,0.24,0.0321
1032_ITS_ANG_XX,1032,unspecified,anger,0,satisfaction,4,0.1537,0.724,0.077,0.0453
1032_ITS_DIS_XX,1032,unspecified,anger,0,satisfaction,4,0.0559,0.7505,0.1073,0.0863
1032_ITS_HAP_XX,1032,unspecified,satisfaction,4,satisfaction,4,0.0792,0.727,0.0863,0.1074
1032_ITS_NEU_XX,1032,unspecified,neutral,3,neutral,3,0.0135,0.2562,0.0681,0.6623
1032_ITS_SAD_XX,1032,unspecified,sadness,2,sadness,2,0.0003,0.2212,0.6298,0.1486
1032_IWL_ANG_XX,1032,unspecified,anger,0,satisfaction,4,0.0449,0.7097,0.1471,0.0984
1032_IWL_DIS_XX,1032,unspecified,anger,0,satisfaction,4,0.0092,0.7707,0.1863,0.0338
1032_IWL_HAP_XX,1032,unspecified,satisfaction,4,satisfaction,4,0.0266,0.8331,0.0263,0.114
1032_IWL_NEU_XX,1032,unspecified,neutral,3,satisfaction,4,0.0028,0.7729,0.1019,0.1223
1032_IWL_SAD_XX,1032,unspecified,sadness,2,satisfaction,4,0.0062,0.8403,0.1026,0.0509
1032_IWW_ANG_XX,1032,unspecified,anger,0,satisfaction,4,0.2288,0.4542,0.2165,0.1005
1032_IWW_DIS_XX,1032,unspecified,anger,0,sadness,2,0.0147,0.197,0.718,0.0703
1032_IWW_HAP_XX,1032,unspecified,satisfaction,4,satisfaction,4,0.013,0.6559,0.2735,0.0576
1032_IWW_NEU_XX,1032,unspecified,neutral,3,sadness,2,0.0049,0.2344,0.6049,0.1558
1032_IWW_SAD_XX,1032,unspecified,sadness,2,sadness,2,0.0003,0.3581,0.5249,0.1166
1032_MTI_ANG_XX,1032,unspecified,anger,0,satisfaction,4,0.0021,0.4618,0.4371,0.099
1032_MTI_DIS_XX,1032,unspecified,anger,0,sadness,2,0.0121,0.2247,0.5202,0.243
1032_MTI_HAP_XX,1032,unspecified,satisfaction,4,neutral,3,0.0542,0.1575,0.1049,0.6833
1032_MTI_NEU_XX,1032,unspecified,neutral,3,sadness,2,0.01,0.337,0.4073,0.2457
1032_MTI_SAD_XX,1032,unspecified,sadness,2,sadness,2,0.0003,0.0645,0.8314,0.1037
1032_TAI_ANG_XX,1032,unspecified,anger,0,satisfaction,4,0.019,0.8187,0.1189,0.0434
1032_TAI_DIS_XX,1032,unspecified,anger,0,sadness,2,0.0049,0.3799,0.433,0.1822
1032_TAI_HAP_XX,1032,unspecified,satisfaction,4,sadness,2,0.0004,0.1427,0.8508,0.0061
1032_TAI_NEU_XX,1032,unspecified,neutral,3,sadness,2,0.0003,0.0928,0.8392,0.0677
1032_TAI_SAD_XX,1032,unspecified,sadness,2,sadness,2,0.0,0.0315,0.9604,0.008
1032_TIE_ANG_XX,1032,unspecified,anger,0,satisfaction,4,0.2896,0.5632,0.1235,0.0237
1032_TIE_DIS_XX,1032,unspecified,anger,0,sadness,2,0.0055,0.3307,0.585,0.0788
1032_TIE_HAP_XX,1032,unspecified,satisfaction,4,satisfaction,4,0.0662,0.6155,0.2423,0.076
1032_TIE_NEU_XX,1032,unspecified,neutral,3,sadness,2,0.0006,0.1576,0.5341,0.3077
1032_TIE_SAD_XX,1032,unspecified,sadness,2,sadness,2,0.0008,0.0633,0.8955,0.0403
1032_TSI_ANG_XX,1032,unspecified,anger,0,anger,0,0.4663,0.4463,0.026,0.0615
1032_TSI_DIS_XX,1032,unspecified,anger,0,satisfaction,4,0.0058,0.8245,0.0908,0.0789
1032_TSI_HAP_XX,1032,unspecified,satisfaction,4,satisfaction,4,0.1099,0.8028,0.0157,0.0716
1032_TSI_NEU_XX,1032,unspecified,neutral,3,neutral,3,0.0454,0.2675,0.0598,0.6273
1032_TSI_SAD_XX,1032,unspecified,sadness,2,satisfaction,4,0.0017,0.6146,0.2143,0.1695
1032_WSI_ANG_XX,1032,unspecified,anger,0,satisfaction,4,0.2653,0.6942,0.0281,0.0123
1032_WSI_DIS_XX,1032,unspecified,anger,0,sadness,2,0.0121,0.1135,0.8021,0.0723
1032_WSI_HAP_XX,1032,unspecified,satisfaction,4,satisfaction,4,0.0526,0.5657,0.1482,0.2335
1032_WSI_NEU_XX,1032,unspecified,neutral,3,sadness,2,0.0145,0.3053,0.5394,0.1408
1032_WSI_SAD_XX,1032,unspecified,sadness,2,sadness,2,0.0004,0.0496,0.9119,0.0381
1033_DFA_ANG_XX,1033,unspecified,anger,0,anger,0,0.993,0.0065,0.0,0.0006
1033_DFA_DIS_XX,1033,unspecified,anger,0,satisfaction,4,0.248,0.457,0.0622,0.2328
1033_DFA_HAP_XX,1033,unspecified,satisfaction,4,satisfaction,4,0.4539,0.4789,0.012,0.0552
1033_DFA_NEU_XX,1033,unspecified,neutral,3,neutral,3,0.0554,0.3332,0.0589,0.5525
1033_DFA_SAD_XX,1033,unspecified,sadness,2,satisfaction,4,0.0109,0.4603,0.1352,0.3936
1033_IEO_ANG_HI,1033,high,anger,0,anger,0,0.9928,0.007,0.0001,0.0
1033_IEO_ANG_LO,1033,low,anger,0,satisfaction,4,0.3055,0.5394,0.056,0.0991
1033_IEO_ANG_MD,1033,medium,anger,0,anger,0,0.9822,0.0171,0.0005,0.0003
1033_IEO_DIS_HI,1033,high,anger,0,anger,0,0.4538,0.4431,0.0556,0.0474
1033_IEO_DIS_LO,1033,low,anger,0,satisfaction,4,0.0155,0.5564,0.2806,0.1475
1033_IEO_DIS_MD,1033,medium,anger,0,satisfaction,4,0.0508,0.5311,0.2596,0.1585
1033_IEO_HAP_HI,1033,high,satisfaction,4,satisfaction,4,0.1172,0.8565,0.0155,0.0108
1033_IEO_HAP_LO,1033,low,satisfaction,4,satisfaction,4,0.2222,0.5336,0.1177,0.1265
1033_IEO_HAP_MD,1033,medium,satisfaction,4,satisfaction,4,0.2102,0.7563,0.0242,0.0093
1033_IEO_NEU_XX,1033,unspecified,neutral,3,neutral,3,0.0254,0.3664,0.1436,0.4646
1033_IEO_SAD_HI,1033,high,sadness,2,satisfaction,4,0.0015,0.4693,0.2865,0.2426
1033_IEO_SAD_LO,1033,low,sadness,2,sadness,2,0.0008,0.2587,0.4689,0.2716
1033_IEO_SAD_MD,1033,medium,sadness,2,sadness,2,0.0043,0.1599,0.6293,0.2064
1033_IOM_ANG_XX,1033,unspecified,anger,0,anger,0,0.6888,0.2257,0.0193,0.0662
1033_IOM_DIS_XX,1033,unspecified,anger,0,sadness,2,0.0643,0.3345,0.4857,0.1156
1033_IOM_HAP_XX,1033,unspecified,satisfaction,4,anger,0,0.4726,0.4565,0.0173,0.0535
1033_IOM_NEU_XX,1033,unspecified,neutral,3,sadness,2,0.0063,0.0982,0.7033,0.1922
1033_IOM_SAD_XX,1033,unspecified,sadness,2,sadness,2,0.0019,0.0407,0.5537,0.4036
1033_ITH_ANG_XX,1033,unspecified,anger,0,satisfaction,4,0.4589,0.4959,0.0298,0.0155
1033_ITH_DIS_XX,1033,unspecified,anger,0,sadness,2,0.0072,0.3533,0.5392,0.1002
1033_ITH_HAP_XX,1033,unspecified,satisfaction,4,satisfaction,4,0.4199,0.5067,0.0041,0.0693
1033_ITH_NEU_XX,1033,unspecified,neutral,3,satisfaction,4,0.0335,0.6359,0.1501,0.1806
1033_ITH_SAD_XX,1033,unspecified,sadness,2,sadness,2,0.0144,0.3034,0.5014,0.1808
1033_ITS_ANG_XX,1033,unspecified,anger,0,anger,0,0.8396,0.1438,0.0034,0.0132
1033_ITS_DIS_XX,1033,unspecified,anger,0,satisfaction,4,0.0659,0.4863,0.2185,0.2294
1033_ITS_HAP_XX,1033,unspecified,satisfaction,4,satisfaction,4,0.1279,0.8246,0.0343,0.0132
1033_ITS_NEU_XX,1033,unspecified,neutral,3,satisfaction,4,0.0526,0.4362,0.1623,0.3489
1033_ITS_SAD_XX,1033,unspecified,sadness,2,sadness,2,0.0086,0.1034,0.8646,0.0234
1033_IWL_ANG_XX,1033,unspecified,anger,0,anger,0,0.695,0.2226,0.0149,0.0676
1033_IWL_DIS_XX,1033,unspecified,anger,0,satisfaction,4,0.0707,0.3543,0.3051,0.2699
1033_IWL_HAP_XX,1033,unspecified,satisfaction,4,satisfaction,4,0.0525,0.82,0.023,0.1045
1033_IWL_NEU_XX,1033,unspecified,neutral,3,satisfaction,4,0.0496,0.6801,0.1169,0.1535
1033_IWL_SAD_XX,1033,unspecified,sadness,2,sadness,2,0.004,0.2207,0.6785,0.0967
1033_IWW_ANG_XX,1033,unspecified,anger,0,anger,0,0.6964,0.2614,0.0125,0.0297
1033_IWW_DIS_XX,1033,unspecified,anger,0,satisfaction,4,0.0025,0.6346,0.1343,0.2287
1033_IWW_HAP_XX,1033,unspecified,satisfaction,4,satisfaction,4,0.2087,0.6559,0.0042,0.1311
1033_IWW_NEU_XX,1033,unspecified,neutral,3,neutral,3,0.026,0.2982,0.1616,0.5142
1033_IWW_SAD_XX,1033,unspecified,sadness,2,sadness,2,0.0002,0.1136,0.6615,0.2247
1033_MTI_ANG_XX,1033,unspecified,anger,0,anger,0,0.6244,0.2901,0.0563,0.0292
1033_MTI_DIS_XX,1033,unspecified,anger,0,sadness,2,0.1441,0.1996,0.5216,0.1348
1033_MTI_HAP_XX,1033,unspecified,satisfaction,4,satisfaction,4,0.3425,0.364,0.113,0.1805
1033_MTI_NEU_XX,1033,unspecified,neutral,3,satisfaction,4,0.0482,0.3658,0.2502,0.3358
1033_MTI_SAD_XX,1033,unspecified,sadness,2,sadness,2,0.0004,0.0254,0.8871,0.0872
1033_TAI_ANG_XX,1033,unspecified,anger,0,anger,0,0.7033,0.1535,0.0253,0.1179
1033_TAI_DIS_XX,1033,unspecified,anger,0,satisfaction,4,0.0447,0.6705,0.2321,0.0526
1033_TAI_HAP_XX,1033,unspecified,satisfaction,4,satisfaction,4,0.3059,0.5551,0.0256,0.1135
1033_TAI_NEU_XX,1033,unspecified,neutral,3,neutral,3,0.0205,0.2932,0.2531,0.4332
1033_TAI_SAD_XX,1033,unspecified,sadness,2,neutral,3,0.0417,0.1162,0.1572,0.685
1033_TIE_ANG_XX,1033,unspecified,anger,0,anger,0,0.9919,0.0079,0.0001,0.0002
1033_TIE_DIS_XX,1033,unspecified,anger,0,sadness,2,0.011,0.2695,0.5702,0.1493
1033_TIE_HAP_XX,1033,unspecified,satisfaction,4,satisfaction,4,0.2281,0.7471,0.0106,0.0142
1033_TIE_NEU_XX,1033,unspecified,neutral,3,neutral,3,0.0124,0.1553,0.4103,0.422
1033_TIE_SAD_XX,1033,unspecified,sadness,2,sadness,2,0.0004,0.1363,0.7554,0.1079
1033_TSI_ANG_XX,1033,unspecified,anger,0,anger,0,0.9191,0.0651,0.0001,0.0156
1033_TSI_DIS_XX,1033,unspecified,anger,0,sadness,2,0.0005,0.2749,0.7022,0.0224
1033_TSI_HAP_XX,1033,unspecified,satisfaction,4,satisfaction,4,0.0847,0.899,0.0064,0.0098
1033_TSI_NEU_XX,1033,unspecified,neutral,3,satisfaction,4,0.097,0.5791,0.0399,0.2841
1033_TSI_SAD_XX,1033,unspecified,sadness,2,neutral,3,0.0045,0.1704,0.0854,0.7397
1033_WSI_ANG_XX,1033,unspecified,anger,0,anger,0,0.9805,0.0174,0.0004,0.0016
1033_WSI_DIS_XX,1033,unspecified,anger,0,sadness,2,0.0564,0.0506,0.8274,0.0657
1033_WSI_HAP_XX,1033,unspecified,satisfaction,4,satisfaction,4,0.2874,0.632,0.0276,0.0529
1033_WSI_NEU_XX,1033,unspecified,neutral,3,satisfaction,4,0.2064,0.478,0.1728,0.1428
1033_WSI_SAD_XX,1033,unspecified,sadness,2,sadness,2,0.002,0.0447,0.8832,0.0702
1034_DFA_ANG_XX,1034,unspecified,anger,0,anger,0,0.7513,0.2464,0.0,0.0022
1034_DFA_DIS_XX,1034,unspecified,anger,0,satisfaction,4,0.0018,0.7607,0.1485,0.089
1034_DFA_HAP_XX,1034,unspecified,satisfaction,4,satisfaction,4,0.0224,0.9295,0.0113,0.0367
1034_DFA_NEU_XX,1034,unspecified,neutral,3,neutral,3,0.0003,0.2389,0.1209,0.64
1034_DFA_SAD_XX,1034,unspecified,sadness,2,neutral,3,0.0006,0.2945,0.081,0.6239
1034_IEO_ANG_HI,1034,high,anger,0,anger,0,0.9396,0.0602,0.0,0.0003
1034_IEO_ANG_LO,1034,low,anger,0,satisfaction,4,0.0039,0.4189,0.267,0.3103
1034_IEO_ANG_MD,1034,medium,anger,0,anger,0,0.6387,0.3542,0.0004,0.0067
1034_IEO_DIS_HI,1034,high,anger,0,satisfaction,4,0.2631,0.7357,0.0001,0.0012
1034_IEO_DIS_LO,1034,low,anger,0,sadness,2,0.0009,0.209,0.4637,0.3264
1034_IEO_DIS_MD,1034,medium,anger,0,satisfaction,4,0.2735,0.6685,0.0083,0.0496
1034_IEO_HAP_HI,1034,high,satisfaction,4,satisfaction,4,0.0302,0.9691,0.0003,0.0003
1034_IEO_HAP_LO,1034,low,satisfaction,4,satisfaction,4,0.0001,0.8911,0.0599,0.0489
1034_IEO_HAP_MD,1034,medium,satisfaction,4,satisfaction,4,0.0016,0.9877,0.0039,0.0069
1034_IEO_NEU_XX,1034,unspecified,neutral,3,satisfaction,4,0.0012,0.498,0.2256,0.2752
1034_IEO_SAD_HI,1034,high,sadness,2,satisfaction,4,0.1311,0.7278,0.0336,0.1075
1034_IEO_SAD_LO,1034,low,sadness,2,satisfaction,4,0.0013,0.5749,0.1353,0.2884
1034_IEO_SAD_MD,1034,medium,sadness,2,satisfaction,4,0.0119,0.9327,0.0436,0.0119
1034_IOM_ANG_XX,1034,unspecified,anger,0,satisfaction,4,0.3289,0.6515,0.0081,0.0115
1034_IOM_DIS_XX,1034,unspecified,anger,0,sadness,2,0.0108,0.2746,0.6397,0.0749
1034_IOM_HAP_XX,1034,unspecified,satisfaction,4,satisfaction,4,0.0192,0.4913,0.0291,0.4604
1034_IOM_NEU_XX,1034,unspecified,neutral,3,sadness,2,0.0003,0.1479,0.6566,0.1952
1034_IOM_SAD_XX,1034,unspecified,sadness,2,sadness,2,0.0013,0.3155,0.5119,0.1713
1034_ITH_ANG_XX,1034,unspecified,anger,0,satisfaction,4,0.2382,0.6479,0.0438,0.07
1034_ITH_DIS_XX,1034,unspecified,anger,0,satisfaction,4,0.0045,0.7002,0.1143,0.181
1034_ITH_HAP_XX,1034,unspecified,satisfaction,4,satisfaction,4,0.0164,0.8019,0.0073,0.1744
1034_ITH_NEU_XX,1034,unspecified,neutral,3,sadness,2,0.0001,0.0795,0.7322,0.1882
1034_ITH_SAD_XX,1034,unspecified,sadness,2,sadness,2,0.0001,0.3832,0.3994,0.2173
1034_ITS_ANG_XX,1034,unspecified,anger,0,satisfaction,4,0.115,0.843,0.0076,0.0345
1034_ITS_DIS_XX,1034,unspecified,anger,0,sadness,2,0.0001,0.1477,0.7318,0.1204
1034_ITS_HAP_XX,1034,unspecified,satisfaction,4,satisfaction,4,0.014,0.9708,0.004,0.0113
1034_ITS_NEU_XX,1034,unspecified,neutral,3,sadness,2,0.0004,0.0953,0.6542,0.2501
1034_ITS_SAD_XX,1034,unspecified,sadness,2,sadness,2,0.0,0.1976,0.6033,0.1991
1034_IWL_ANG_XX,1034,unspecified,anger,0,anger,0,0.5512,0.4339,0.0073,0.0077
1034_IWL_DIS_XX,1034,unspecified,anger,0,satisfaction,4,0.0031,0.4898,0.4453,0.0618
1034_IWL_HAP_XX,1034,unspecified,satisfaction,4,satisfaction,4,0.0009,0.8832,0.0948,0.0211
1034_IWL_NEU_XX,1034,unspecified,neutral,3,satisfaction,4,0.0054,0.3603,0.3066,0.3278
1034_IWL_SAD_XX,1034,unspecified,sadness,2,sadness,2,0.0002,0.1394,0.7939,0.0666
1034_IWW_ANG_XX,1034,unspecified,anger,0,anger,0,0.7241,0.1938,0.0229,0.0593
1034_IWW_DIS_XX,1034,unspecified,anger,0,sadness,2,0.0003,0.1737,0.7744,0.0517
1034_IWW_HAP_XX,1034,unspecified,satisfaction,4,satisfaction,4,0.0077,0.7389,0.0883,0.1651
1034_IWW_NEU_XX,1034,unspecified,neutral,3,sadness,2,0.0002,0.1219,0.731,0.1469
1034_IWW_SAD_XX,1034,unspecified,sadness,2,sadness,2,0.0001,0.0993,0.8075,0.0931
1034_MTI_ANG_XX,1034,unspecified,anger,0,anger,0,0.5996,0.1852,0.0557,0.1595
1034_MTI_DIS_XX,1034,unspecified,anger,0,sadness,2,0.0032,0.2532,0.5535,0.1901
1034_MTI_HAP_XX,1034,unspecified,satisfaction,4,satisfaction,4,0.086,0.7263,0.1076,0.0801
1034_MTI_NEU_XX,1034,unspecified,neutral,3,sadness,2,0.0002,0.0485,0.5988,0.3525
1034_MTI_SAD_XX,1034,unspecified,sadness,2,sadness,2,0.0002,0.0655,0.6088,0.3255
1034_TAI_ANG_XX,1034,unspecified,anger,0,satisfaction,4,0.337,0.6143,0.0071,0.0415
1034_TAI_DIS_XX,1034,unspecified,anger,0,neutral,3,0.0003,0.4081,0.0421,0.5495
1034_TAI_HAP_XX,1034,unspecified,satisfaction,4,satisfaction,4,0.0444,0.7258,0.0504,0.1794
1034_TAI_NEU_XX,1034,unspecified,neutral,3,sadness,2,0.0001,0.2049,0.522,0.273
1034_TAI_SAD_XX,1034,unspecified,sadness,2,sadness,2,0.0006,0.3645,0.4758,0.1592
1034_TIE_ANG_XX,1034,unspecified,anger,0,anger,0,0.6854,0.1849,0.007,0.1227
1034_TIE_DIS_XX,1034,unspecified,anger,0,satisfaction,4,0.0107,0.7723,0.0457,0.1712
1034_TIE_HAP_XX,1034,unspecified,satisfaction,4,satisfaction,4,0.1213,0.6015,0.03,0.2472
1034_TIE_NEU_XX,1034,unspecified,neutral,3,neutral,3,0.0006,0.23,0.3004,0.469
1034_TIE_SAD_XX,1034,unspecified,sadness,2,neutral,3,0.0006,0.1132,0.1859,0.7004
1034_TSI_ANG_XX,1034,unspecified,anger,0,satisfaction,4,0.0077,0.8326,0.0302,0.1294
1034_TSI_DIS_XX,1034,unspecified,anger,0,neutral,3,0.0021,0.3453,0.241,0.4116
1034_TSI_HAP_XX,1034,unspecified,satisfaction,4,satisfaction,4,0.0096,0.8759,0.0509,0.0636
1034_TSI_NEU_XX,1034,unspecified,neutral,3,neutral,3,0.0018,0.361,0.0775,0.5597
1034_TSI_SAD_XX,1034,unspecified,sadness,2,sadness,2,0.0002,0.1771,0.5954,0.2272
1034_WSI_ANG_XX,1034,unspecified,anger,0,sadness,2,0.0116,0.2095,0.6896,0.0893
1034_WSI_DIS_XX,1034,unspecified,anger,0,sadness,2,0.0028,0.1628,0.5622,0.2723
1034_WSI_HAP_XX,1034,unspecified,satisfaction,4,satisfaction,4,0.0544,0.8185,0.0343,0.0928
1034_WSI_NEU_XX,1034,unspecified,neutral,3,neutral,3,0.0005,0.0517,0.4125,0.5353
1034_WSI_SAD_XX,1034,unspecified,sadness,2,sadness,2,0.0004,0.0805,0.4841,0.4349
1035_DFA_ANG_XX,1035,unspecified,anger,0,anger,0,0.5171,0.4664,0.0006,0.0159
1035_DFA_DIS_XX,1035,unspecified,anger,0,satisfaction,4,0.0043,0.6513,0.1113,0.2331
1035_DFA_HAP_XX,1035,unspecified,satisfaction,4,anger,0,0.4017,0.3769,0.0044,0.217
1035_DFA_NEU_XX,1035,unspecified,neutral,3,neutral,3,0.0064,0.1086,0.0945,0.7905
1035_DFA_SAD_XX,1035,unspecified,sadness,2,neutral,3,0.0017,0.2763,0.0749,0.6472
1035_IEO_ANG_HI,1035,high,anger,0,anger,0,0.7342,0.2642,0.0007,0.001
1035_IEO_ANG_LO,1035,low,anger,0,anger,0,0.5811,0.384,0.0037,0.0312
1035_IEO_ANG_MD,1035,medium,anger,0,anger,0,0.5081,0.4842,0.0022,0.0055
1035_IEO_DIS_HI,1035,high,anger,0,satisfaction,4,0.3333,0.6479,0.0116,0.0073
1035_IEO_DIS_LO,1035,low,anger,0,satisfaction,4,0.0585,0.7566,0.0961,0.0888
1035_IEO_DIS_MD,1035,medium,anger,0,satisfaction,4,0.3216,0.6721,0.0041,0.0022
1035_IEO_HAP_HI,1035,high,satisfaction,4,anger,0,0.6206,0.3726,0.0013,0.0054
1035_IEO_HAP_LO,1035,low,satisfaction,4,satisfaction,4,0.0677,0.8741,0.016,0.0422
1035_IEO_HAP_MD,1035,medium,satisfaction,4,satisfaction,4,0.133,0.7932,0.0178,0.0559
1035_IEO_NEU_XX,1035,unspecified,neutral,3,sadness,2,0.0027,0.1529,0.6442,0.2002
1035_IEO_SAD_HI,1035,high,sadness,2,sadness,2,0.032,0.2926,0.4173,0.2581
1035_IEO_SAD_LO,1035,low,sadness,2,neutral,3,0.0021,0.3579,0.0858,0.5542
1035_IEO_SAD_MD,1035,medium,sadness,2,sadness,2,0.0014,0.237,0.4303,0.3313
1035_IOM_ANG_XX,1035,unspecified,anger,0,anger,0,0.627,0.3625,0.0043,0.0062
1035_IOM_DIS_XX,1035,unspecified,anger,0,sadness,2,0.0528,0.3421,0.4567,0.1484
1035_IOM_HAP_XX,1035,unspecified,satisfaction,4,sadness,2,0.0066,0.1505,0.8352,0.0078
1035_IOM_NEU_XX,1035,unspecified,neutral,3,neutral,3,0.001,0.0733,0.3553,0.5703
1035_IOM_SAD_XX,1035,unspecified,sadness,2,sadness,2,0.0,0.0081,0.9485,0.0433
1035_ITH_ANG_XX,1035,unspecified,anger,0,anger,0,0.8904,0.0943,0.0023,0.013
1035_ITH_DIS_XX,1035,unspecified,anger,0,satisfaction,4,0.038,0.7472,0.0965,0.1182
1035_ITH_HAP_XX,1035,unspecified,satisfaction,4,satisfaction,4,0.0397,0.5738,0.0234,0.363
1035_ITH_NEU_XX,1035,unspecified,neutral,3,neutral,3,0.0021,0.0608,0.432,0.5052
1035_ITH_SAD_XX,1035,unspecified,sadness,2,sadness,2,0.0003,0.1353,0.7875,0.0768
1035_ITS_ANG_XX,1035,unspecified,anger,0,anger,0,0.9391,0.0524,0.0003,0.0083
1035_ITS_DIS_XX,1035,unspecified,anger,0,satisfaction,4,0.0428,0.6776,0.1747,0.1048
1035_ITS_HAP_XX,1035,unspecified,satisfaction,4,satisfaction,4,0.1081,0.7101,0.0179,0.1639
1035_ITS_NEU_XX,1035,unspecified,neutral,3,neutral,3,0.0125,0.0798,0.2273,0.6804
1035_ITS_SAD_XX,1035,unspecified,sadness,2,sadness,2,0.0002,0.0441,0.8802,0.0755
1035_IWL_ANG_XX,1035,unspecified,anger,0,satisfaction,4,0.3902,0.578,0.0024,0.0294
1035_IWL_DIS_XX,1035,unspecified,anger,0,satisfaction,4,0.0074,0.9175,0.0299,0.0452
1035_IWL_HAP_XX,1035,unspecified,satisfaction,4,satisfaction,4,0.0606,0.8118,0.0406,0.087
1035_IWL_NEU_XX,1035,unspecified,neutral,3,neutral,3,0.012,0.361,0.151,0.4761
1035_IWL_SAD_XX,1035,unspecified,sadness,2,sadness,2,0.0008,0.4541,0.4713,0.0738
1035_IWW_ANG_XX,1035,unspecified,anger,0,anger,0,0.988,0.0101,0.0006,0.0013
1035_IWW_DIS_XX,1035,unspecified,anger,0,satisfaction,4,0.1138,0.8571,0.0224,0.0067
1035_IWW_HAP_XX,1035,unspecified,satisfaction,4,neutral,3,0.0302,0.434,0.0602,0.4756
1035_IWW_NEU_XX,1035,unspecified,neutral,3,sadness,2,0.0085,0.0262,0.5537,0.4117
1035_IWW_SAD_XX,1035,unspecified,sadness,2,satisfaction,4,0.0166,0.4813,0.3635,0.1387
1035_MTI_ANG_XX,1035,unspecified,anger,0,anger,0,0.5586,0.3908,0.0193,0.0313
1035_MTI_DIS_XX,1035,unspecified,anger,0,satisfaction,4,0.0572,0.8519,0.085,0.0059
1035_MTI_HAP_XX,1035,unspecified,satisfaction,4,satisfaction,4,0.0887,0.4411,0.1242,0.3459
1035_MTI_NEU_XX,1035,unspecified,neutral,3,neutral,3,0.0345,0.0914,0.075,0.7991
1035_MTI_SAD_XX,1035,unspecified,sadness,2,sadness,2,0.0002,0.1273,0.7632,0.1093
1035_TAI_ANG_XX,1035,unspecified,anger,0,anger,0,0.9952,0.0045,0.0,0.0002
1035_TAI_DIS_XX,1035,unspecified,anger,0,satisfaction,4,0.378,0.6093,0.0058,0.0068
1035_TAI_HAP_XX,1035,unspecified,satisfaction,4,anger,0,0.522,0.469,0.0009,0.0081
1035_TAI_NEU_XX,1035,unspecified,neutral,3,satisfaction,4,0.0335,0.6393,0.0576,0.2695
1035_TAI_SAD_XX,1035,unspecified,sadness,2,sadness,2,0.0035,0.4088,0.4609,0.1268
1035_TIE_ANG_XX,1035,unspecified,anger,0,anger,0,0.9262,0.0723,0.0001,0.0014
1035_TIE_DIS_XX,1035,unspecified,anger,0,satisfaction,4,0.0149,0.8572,0.1007,0.0271
1035_TIE_HAP_XX,1035,unspecified,satisfaction,4,anger,0,0.5566,0.4295,0.0012,0.0127
1035_TIE_NEU_XX,1035,unspecified,neutral,3,neutral,3,0.0041,0.1006,0.1825,0.7128
1035_TIE_SAD_XX,1035,unspecified,sadness,2,sadness,2,0.0062,0.3199,0.3924,0.2814
1035_TSI_ANG_XX,1035,unspecified,anger,0,anger,0,0.8853,0.1054,0.0003,0.009
1035_TSI_DIS_XX,1035,unspecified,anger,0,satisfaction,4,0.0144,0.8463,0.1114,0.028
1035_TSI_HAP_XX,1035,unspecified,satisfaction,4,anger,0,0.5547,0.4316,0.0031,0.0106
1035_TSI_NEU_XX,1035,unspecified,neutral,3,neutral,3,0.0219,0.2282,0.1308,0.6191
1035_TSI_SAD_XX,1035,unspecified,sadness,2,satisfaction,4,0.0004,0.6498,0.3417,0.0082
1035_WSI_ANG_XX,1035,unspecified,anger,0,anger,0,0.986,0.0122,0.0001,0.0017
1035_WSI_DIS_XX,1035,unspecified,anger,0,satisfaction,4,0.0154,0.9205,0.0423,0.0217
1035_WSI_HAP_XX,1035,unspecified,satisfaction,4,satisfaction,4,0.3288,0.431,0.0368,0.2034
1035_WSI_NEU_XX,1035,unspecified,neutral,3,sadness,2,0.0037,0.104,0.5632,0.3291
1035_WSI_SAD_XX,1035,unspecified,sadness,2,sadness,2,0.0037,0.1728,0.4169,0.4066
1036_DFA_ANG_XX,1036,unspecified,anger,0,anger,0,0.6562,0.3418,0.0007,0.0013
1036_DFA_DIS_XX,1036,unspecified,anger,0,anger,0,0.4312,0.4176,0.0803,0.0709
1036_DFA_HAP_XX,1036,unspecified,satisfaction,4,anger,0,0.7378,0.2478,0.0073,0.0071
1036_DFA_NEU_XX,1036,unspecified,neutral,3,satisfaction,4,0.0737,0.3797,0.1878,0.3588
1036_DFA_SAD_XX,1036,unspecified,sadness,2,anger,0,0.6062,0.3043,0.0838,0.0057
1036_IEO_ANG_HI,1036,high,anger,0,anger,0,0.9172,0.0785,0.0029,0.0014
1036_IEO_ANG_LO,1036,low,anger,0,anger,0,0.5598,0.3893,0.0261,0.0248
1036_IEO_ANG_MD,1036,medium,anger,0,anger,0,0.8535,0.1217,0.0197,0.0051
1036_IEO_DIS_HI,1036,high,anger,0,anger,0,0.7912,0.2004,0.0068,0.0016
1036_IEO_DIS_LO,1036,low,anger,0,satisfaction,4,0.0298,0.5384,0.4039,0.0279
1036_IEO_DIS_MD,1036,medium,anger,0,satisfaction,4,0.1412,0.7584,0.0957,0.0047
1036_IEO_HAP_HI,1036,high,satisfaction,4,anger,0,0.8572,0.1324,0.0036,0.0068
1036_IEO_HAP_LO,1036,low,satisfaction,4,satisfaction,4,0.0349,0.5862,0.0299,0.349
1036_IEO_HAP_MD,1036,medium,satisfaction,4,satisfaction,4,0.1069,0.8224,0.0264,0.0443
1036_IEO_NEU_XX,1036,unspecified,neutral,3,sadness,2,0.0003,0.3034,0.4862,0.2101
1036_IEO_SAD_HI,1036,high,sadness,2,sadness,2,0.1465,0.2368,0.4826,0.134
1036_IEO_SAD_LO,1036,low,sadness,2,satisfaction,4,0.0286,0.6903,0.2334,0.0477
1036_IEO_SAD_MD,1036,medium,sadness,2,sadness,2,0.0264,0.3374,0.5798,0.0565
1036_IOM_ANG_XX,1036,unspecified,anger,0,sadness,2,0.0666,0.3822,0.5273,0.0238
1036_IOM_DIS_XX,1036,unspecified,anger,0,sadness,2,0.0035,0.0938,0.8456,0.0571
1036_IOM_HAP_XX,1036,unspecified,satisfaction,4,sadness,2,0.0748,0.2052,0.5405,0.1795
1036_IOM_NEU_XX,1036,unspecified,neutral,3,sadness,2,0.0041,0.0433,0.7319,0.2207
1036_IOM_SAD_XX,1036,unspecified,sadness,2,sadness,2,0.0007,0.0334,0.8062,0.1597
1036_ITH_ANG_XX,1036,unspecified,anger,0,anger,0,0.9165,0.08,0.0029,0.0006
1036_ITH_DIS_XX,1036,unspecified,anger,0,anger,0,0.5518,0.349,0.0868,0.0124
1036_ITH_HAP_XX,1036,unspecified,satisfaction,4,anger,0,0.956,0.036,0.006,0.0019
1036_ITH_NEU_XX,1036,unspecified,neutral,3,neutral,3,0.0412,0.2939,0.3152,0.3497
1036_ITH_SAD_XX,1036,unspecified,sadness,2,sadness,2,0.0316,0.1974,0.7635,0.0075
1036_ITS_ANG_XX,1036,unspecified,anger,0,anger,0,0.9842,0.0148,0.0005,0.0005
1036_ITS_DIS_XX,1036,unspecified,anger,0,neutral,3,0.1441,0.3094,0.1811,0.3654
1036_ITS_HAP_XX,1036,unspecified,satisfaction,4,anger,0,0.8525,0.133,0.0028,0.0116
1036_ITS_NEU_XX,1036,unspecified,neutral,3,satisfaction,4,0.0321,0.503,0.2869,0.178
1036_ITS_SAD_XX,1036,unspecified,sadness,2,satisfaction,4,0.0922,0.4953,0.2766,0.1359
1036_IWL_ANG_XX,1036,unspecified,anger,0,anger,0,0.7834,0.2137,0.002,0.001
1036_IWL_DIS_XX,1036,unspecified,anger,0,anger,0,0.6558,0.3223,0.0173,0.0046
1036_IWL_HAP_XX,1036,unspecified,satisfaction,4,satisfaction,4,0.4306,0.5579,0.0053,0.0063
1036_IWL_NEU_XX,1036,unspecified,neutral,3,satisfaction,4,0.0153,0.789,0.123,0.0728
1036_IWL_SAD_XX,1036,unspecified,sadness,2,sadness,2,0.0165,0.2168,0.7362,0.0305
1036_IWW_ANG_XX,1036,unspecified,anger,0,anger,0,0.6921,0.2472,0.0403,0.0204
1036_IWW_DIS_XX,1036,unspecified,anger,0,sadness,2,0.0128,0.2962,0.6413,0.0498
1036_IWW_HAP_XX,1036,unspecified,satisfaction,4,anger,0,0.9024,0.0899,0.0043,0.0034
1036_IWW_NEU_XX,1036,unspecified,neutral,3,sadness,2,0.004,0.0263,0.5917,0.378
1036_IWW_SAD_XX,1036,unspecified,sadness,2,sadness,2,0.0088,0.1861,0.7495,0.0556
1036_MTI_ANG_XX,1036,unspecified,anger,0,anger,0,0.8417,0.0727,0.0621,0.0234
1036_MTI_DIS_XX,1036,unspecified,anger,0,sadness,2,0.1907,0.2233,0.54,0.046
1036_MTI_HAP_XX,1036,unspecified,satisfaction,4,anger,0,0.4673,0.2197,0.2859,0.027
1036_MTI_NEU_XX,1036,unspecified,neutral,3,sadness,2,0.0245,0.0706,0.5604,0.3445
1036_MTI_SAD_XX,1036,unspecified,sadness,2,sadness,2,0.007,0.0355,0.9292,0.0283
1036_TAI_ANG_XX,1036,unspecified,anger,0,anger,0,0.966,0.0299,0.0021,0.002
1036_TAI_DIS_XX,1036,unspecified,anger,0,sadness,2,0.2418,0.3348,0.3969,0.0265
1036_TAI_HAP_XX,1036,unspecified,satisfaction,4,satisfaction,4,0.1681,0.6802,0.1501,0.0016
1036_TAI_NEU_XX,1036,unspecified,neutral,3,neutral,3,0.0024,0.1037,0.413,0.4809
1036_TAI_SAD_XX,1036,unspecified,sadness,2,sadness,2,0.0166,0.1683,0.7086,0.1066
1036_TIE_ANG_XX,1036,unspecified,anger,0,sadness,2,0.0022,0.2191,0.7094,0.0693
1036_TIE_DIS_XX,1036,unspecified,anger,0,sadness,2,0.0167,0.1607,0.7312,0.0913
1036_TIE_HAP_XX,1036,unspecified,satisfaction,4,satisfaction,4,0.126,0.3752,0.1755,0.3233
1036_TIE_NEU_XX,1036,unspecified,neutral,3,sadness,2,0.0093,0.0962,0.6512,0.2432
1036_TIE_SAD_XX,1036,unspecified,sadness,2,sadness,2,0.0002,0.0313,0.919,0.0496
1036_TSI_ANG_XX,1036,unspecified,anger,0,anger,0,0.9277,0.07,0.0004,0.0019
1036_TSI_DIS_XX,1036,unspecified,anger,0,satisfaction,4,0.0953,0.8808,0.0128,0.0111
1036_TSI_HAP_XX,1036,unspecified,satisfaction,4,anger,0,0.4975,0.4785,0.0154,0.0085
1036_TSI_NEU_XX,1036,unspecified,neutral,3,sadness,2,0.0214,0.2809,0.4088,0.2889
1036_TSI_SAD_XX,1036,unspecified,sadness,2,satisfaction,4,0.0874,0.7562,0.152,0.0044
1036_WSI_ANG_XX,1036,unspecified,anger,0,anger,0,0.9011,0.086,0.0127,0.0002
1036_WSI_DIS_XX,1036,unspecified,anger,0,anger,0,0.5252,0.3246,0.14,0.0103
1036_WSI_HAP_XX,1036,unspecified,satisfaction,4,anger,0,0.9163,0.0627,0.0205,0.0004
1036_WSI_NEU_XX,1036,unspecified,neutral,3,sadness,2,0.0011,0.0412,0.8902,0.0675
1036_WSI_SAD_XX,1036,unspecified,sadness,2,satisfaction,4,0.1891,0.4484,0.3595,0.0029
1037_DFA_ANG_XX,1037,unspecified,anger,0,anger,0,0.9604,0.0368,0.0001,0.0026
1037_DFA_DIS_XX,1037,unspecified,anger,0,satisfaction,4,0.0817,0.5957,0.1854,0.1372
1037_DFA_HAP_XX,1037,unspecified,satisfaction,4,satisfaction,4,0.058,0.7601,0.0016,0.1803
1037_DFA_NEU_XX,1037,unspecified,neutral,3,anger,0,0.636,0.1153,0.0105,0.2382
1037_DFA_SAD_XX,1037,unspecified,sadness,2,satisfaction,4,0.0459,0.5455,0.2465,0.1621
1037_IEO_ANG_HI,1037,high,anger,0,anger,0,0.9622,0.0378,0.0,0.0
1037_IEO_ANG_LO,1037,low,anger,0,anger,0,0.9853,0.0054,0.0007,0.0086
1037_IEO_ANG_MD,1037,medium,anger,0,anger,0,0.9716,0.0264,0.0004,0.0016
1037_IEO_DIS_HI,1037,high,anger,0,satisfaction,4,0.2623,0.5726,0.1486,0.0165
1037_IEO_DIS_LO,1037,low,anger,0,satisfaction,4,0.0017,0.6393,0.296,0.063
1037_IEO_DIS_MD,1037,medium,anger,0,satisfaction,4,0.0058,0.4989,0.4455,0.0497
1037_IEO_HAP_HI,1037,high,satisfaction,4,satisfaction,4,0.0642,0.8735,0.054,0.0083
1037_IEO_HAP_LO,1037,low,satisfaction,4,satisfaction,4,0.0965,0.5718,0.0957,0.236
1037_IEO_HAP_MD,1037,medium,satisfaction,4,satisfaction,4,0.0255,0.7864,0.0738,0.1143
1037_IEO_NEU_XX,1037,unspecified,neutral,3,satisfaction,4,0.0124,0.7562,0.1039,0.1275
1037_IEO_SAD_HI,1037,high,sadness,2,sadness,2,0.0023,0.2764,0.525,0.1963
1037_IEO_SAD_LO,1037,low,sadness,2,neutral,3,0.0023,0.1183,0.3958,0.4835
1037_IEO_SAD_MD,1037,medium,sadness,2,neutral,3,0.0088,0.3508,0.1967,0.4437
1037_IOM_ANG_XX,1037,unspecified,anger,0,anger,0,0.9967,0.0026,0.0004,0.0004
1037_IOM_DIS_XX,1037,unspecified,anger,0,sadness,2,0.0031,0.2241,0.5618,0.2109
1037_IOM_HAP_XX,1037,unspecified,satisfaction,4,satisfaction,4,0.3258,0.4907,0.0119,0.1715
1037_IOM_NEU_XX,1037,unspecified,neutral,3,neutral,3,0.0485,0.2788,0.1526,0.52
1037_IOM_SAD_XX,1037,unspecified,sadness,2,neutral,3,0.0041,0.1846,0.3573,0.454
1037_ITH_ANG_XX,1037,unspecified,anger,0,anger,0,0.9864,0.005,0.0003,0.0082
1037_ITH_DIS_XX,1037,unspecified,anger,0,sadness,2,0.03,0.1038,0.8155,0.0507
1037_ITH_HAP_XX,1037,unspecified,satisfaction,4,satisfaction,4,0.0183,0.789,0.063,0.1297
1037_ITH_NEU_XX,1037,unspecified,neutral,3,neutral,3,0.0093,0.1529,0.1185,0.7193
1037_ITH_SAD_XX,1037,unspecified,sadness,2,sadness,2,0.0005,0.1457,0.8246,0.0291
1037_ITS_ANG_XX,1037,unspecified,anger,0,anger,0,0.9878,0.0056,0.0005,0.0061
1037_ITS_DIS_XX,1037,unspecified,anger,0,sadness,2,0.0168,0.2173,0.4478,0.3181
1037_ITS_HAP_XX,1037,unspecified,satisfaction,4,sadness,2,0.0025,0.2511,0.7449,0.0015
1037_ITS_NEU_XX,1037,unspecified,neutral,3,neutral,3,0.0419,0.2234,0.1241,0.6106
1037_ITS_SAD_XX,1037,unspecified,sadness,2,sadness,2,0.0004,0.0268,0.889,0.0837
1037_IWL_ANG_XX,1037,unspecified,anger,0,anger,0,0.9676,0.0227,0.0015,0.0083
1037_IWL_DIS_XX,1037,unspecified,anger,0,satisfaction,4,0.0158,0.5713,0.2681,0.1448
1037_IWL_HAP_XX,1037,unspecified,satisfaction,4,anger,0,0.6105,0.3752,0.0015,0.0128
1037_IWL_NEU_XX,1037,unspecified,neutral,3,neutral,3,0.0041,0.3997,0.065,0.5313
1037_IWL_SAD_XX,1037,unspecified,sadness,2,sadness,2,0.0002,0.2054,0.7305,0.0639
1037_IWW_ANG_XX,1037,unspecified,anger,0,anger,0,0.9994,0.0004,0.0,0.0002
1037_IWW_DIS_XX,1037,unspecified,anger,0,anger,0,0.5244,0.2119,0.2385,0.0253
1037_IWW_HAP_XX,1037,unspecified,satisfaction,4,satisfaction,4,0.1399,0.6185,0.0584,0.1832
1037_IWW_NEU_XX,1037,unspecified,neutral,3,neutral,3,0.0387,0.0805,0.2006,0.6803
1037_IWW_SAD_XX,1037,unspecified,sadness,2,sadness,2,0.0006,0.1664,0.8287,0.0043
1037_MTI_ANG_XX,1037,unspecified,anger,0,anger,0,0.927,0.0322,0.02,0.0208
1037_MTI_DIS_XX,1037,unspecified,anger,0,sadness,2,0.0057,0.0371,0.9244,0.0327
1037_MTI_HAP_XX,1037,unspecified,satisfaction,4,sadness,2,0.0102,0.2671,0.7208,0.0018
1037_MTI_NEU_XX,1037,unspecified,neutral,3,sadness,2,0.0755,0.1122,0.4091,0.4031
1037_MTI_SAD_XX,1037,unspecified,sadness,2,sadness,2,0.0065,0.1472,0.7095,0.1368
1037_TAI_ANG_XX,1037,unspecified,anger,0,anger,0,0.9697,0.0275,0.0019,0.0009
1037_TAI_DIS_XX,1037,unspecified,anger,0,satisfaction,4,0.0242,0.6323,0.2758,0.0677
1037_TAI_HAP_XX,1037,unspecified,satisfaction,4,satisfaction,4,0.0035,0.9424,0.0536,0.0004
1037_TAI_NEU_XX,1037,unspecified,neutral,3,satisfaction,4,0.0365,0.4416,0.1821,0.3398
1037_TAI_SAD_XX,1037,unspecified,sadness,2,sadness,2,0.0005,0.06,0.9337,0.0057
1037_TIE_ANG_XX,1037,unspecified,anger,0,anger,0,0.9985,0.0014,0.0,0.0
1037_TIE_DIS_XX,1037,unspecified,anger,0,sadness,2,0.0216,0.3251,0.6322,0.0211
1037_TIE_HAP_XX,1037,unspecified,satisfaction,4,satisfaction,4,0.3786,0.5516,0.0581,0.0117
1037_TIE_NEU_XX,1037,unspecified,neutral,3,sadness,2,0.0277,0.2305,0.4911,0.2506
1037_TIE_SAD_XX,1037,unspecified,sadness,2,sadness,2,0.0075,0.3853,0.5168,0.0903
1037_TSI_ANG_XX,1037,unspecified,anger,0,anger,0,0.9388,0.0582,0.0002,0.0028
1037_TSI_DIS_XX,1037,unspecified,anger,0,satisfaction,4,0.0745,0.7221,0.0894,0.1139
1037_TSI_HAP_XX,1037,unspecified,satisfaction,4,satisfaction,4,0.0383,0.9001,0.0568,0.0048
1037_TSI_NEU_XX,1037,unspecified,neutral,3,neutral,3,0.1928,0.2484,0.0265,0.5324
1037_TSI_SAD_XX,1037,unspecified,sadness,2,satisfaction,4,0.0011,0.4854,0.4559,0.0577
1037_WSI_ANG_XX,1037,unspecified,anger,0,anger,0,0.8962,0.0367,0.0338,0.0333
1037_WSI_DIS_XX,1037,unspecified,anger,0,sadness,2,0.0052,0.1094,0.8593,0.0262
1037_WSI_HAP_XX,1037,unspecified,satisfaction,4,neutral,3,0.0081,0.2817,0.0375,0.6728
1037_WSI_NEU_XX,1037,unspecified,neutral,3,neutral,3,0.1124,0.0308,0.0619,0.7949
1037_WSI_SAD_XX,1037,unspecified,sadness,2,sadness,2,0.0007,0.0725,0.8766,0.0502
1038_DFA_ANG_XX,1038,unspecified,anger,0,anger,0,0.9886,0.0111,0.0,0.0002
1038_DFA_DIS_XX,1038,unspecified,anger,0,satisfaction,4,0.1251,0.6773,0.0508,0.1469
1038_DFA_HAP_XX,1038,unspecified,satisfaction,4,anger,0,0.8523,0.1346,0.0015,0.0116
1038_DFA_NEU_XX,1038,unspecified,neutral,3,anger,0,0.9114,0.0289,0.0048,0.0549
1038_DFA_SAD_XX,1038,unspecified,sadness,2,sadness,2,0.0755,0.0847,0.643,0.1967
1038_IEO_ANG_HI,1038,high,anger,0,anger,0,0.9968,0.003,0.0002,0.0001
1038_IEO_ANG_LO,1038,low,anger,0,anger,0,0.9722,0.0229,0.0008,0.0041
1038_IEO_ANG_MD,1038,medium,anger,0,anger,0,0.9707,0.0284,0.0007,0.0002
1038_IEO_DIS_HI,1038,high,anger,0,anger,0,0.681,0.3096,0.0062,0.0032
1038_IEO_DIS_LO,1038,low,anger,0,satisfaction,4,0.294,0.4548,0.1774,0.0739
1038_IEO_DIS_MD,1038,medium,anger,0,anger,0,0.6845,0.2053,0.0577,0.0524
1038_IEO_HAP_HI,1038,high,satisfaction,4,anger,0,0.689,0.3106,0.0003,0.0001
1038_IEO_HAP_LO,1038,low,satisfaction,4,satisfaction,4,0.0077,0.6573,0.0519,0.283
1038_IEO_HAP_MD,1038,medium,satisfaction,4,anger,0,0.6432,0.3318,0.0151,0.0099
1038_IEO_NEU_XX,1038,unspecified,neutral,3,satisfaction,4,0.0242,0.5206,0.0552,0.4
1038_IEO_SAD_HI,1038,high,sadness,2,sadness,2,0.0005,0.1991,0.4925,0.308
1038_IEO_SAD_LO,1038,low,sadness,2,neutral,3,0.001,0.092,0.3577,0.5492
1038_IEO_SAD_MD,1038,medium,sadness,2,neutral,3,0.0021,0.1013,0.2263,0.6702
1038_IOM_ANG_XX,1038,unspecified,anger,0,anger,0,0.9705,0.0265,0.001,0.002
1038_IOM_DIS_XX,1038,unspecified,anger,0,sadness,2,0.0402,0.4705,0.4733,0.016
1038_IOM_HAP_XX,1038,unspecified,satisfaction,4,satisfaction,4,0.0134,0.5016,0.171,0.314
1038_IOM_NEU_XX,1038,unspecified,neutral,3,satisfaction,4,0.0302,0.4566,0.2822,0.231
1038_IOM_SAD_XX,1038,unspecified,sadness,2,sadness,2,0.0023,0.0578,0.7215,0.2184
1038_ITH_ANG_XX,1038,unspecified,anger,0,anger,0,0.9928,0.0066,0.0002,0.0003
1038_ITH_DIS_XX,1038,unspecified,anger,0,sadness,2,0.0014,0.2664,0.7067,0.0255
1038_ITH_HAP_XX,1038,unspecified,satisfaction,4,satisfaction,4,0.1653,0.459,0.0223,0.3535
1038_ITH_NEU_XX,1038,unspecified,neutral,3,neutral,3,0.1204,0.1804,0.0589,0.6403
1038_ITH_SAD_XX,1038,unspecified,sadness,2,sadness,2,0.001,0.139,0.8174,0.0426
1038_ITS_ANG_XX,1038,unspecified,anger,0,anger,0,0.9992,0.0007,0.0,0.0
1038_ITS_DIS_XX,1038,unspecified,anger,0,satisfaction,4,0.15,0.5601,0.2474,0.0424
1038_ITS_HAP_XX,1038,unspecified,satisfaction,4,satisfaction,4,0.3033,0.6693,0.0146,0.0128
1038_ITS_NEU_XX,1038,unspecified,neutral,3,neutral,3,0.0869,0.3288,0.1283,0.456
1038_ITS_SAD_XX,1038,unspecified,sadness,2,sadness,2,0.0116,0.1916,0.7617,0.0351
1038_IWL_ANG_XX,1038,unspecified,anger,0,anger,0,0.9676,0.0277,0.0003,0.0044
1038_IWL_DIS_XX,1038,unspecified,anger,0,anger,0,0.3563,0.2747,0.2512,0.1178
1038_IWL_HAP_XX,1038,unspecified,satisfaction,4,satisfaction,4,0.4385,0.4767,0.0235,0.0613
1038_IWL_NEU_XX,1038,unspecified,neutral,3,satisfaction,4,0.1043,0.7753,0.0049,0.1155
1038_IWL_SAD_XX,1038,unspecified,sadness,2,sadness,2,0.0013,0.0764,0.8179,0.1044
1038_IWW_ANG_XX,1038,unspecified,anger,0,anger,0,0.9879,0.0096,0.0006,0.0019
1038_IWW_DIS_XX,1038,unspecified,anger,0,satisfaction,4,0.3836,0.5129,0.0277,0.0758
1038_IWW_HAP_XX,1038,unspecified,satisfaction,4,satisfaction,4,0.1037,0.6768,0.0514,0.168
1038_IWW_NEU_XX,1038,unspecified,neutral,3,neutral,3,0.4505,0.061,0.0159,0.4727
1038_IWW_SAD_XX,1038,unspecified,sadness,2,neutral,3,0.0127,0.1806,0.3242,0.4825
1038_MTI_ANG_XX,1038,unspecified,anger,0,anger,0,0.9757,0.019,0.0028,0.0025
1038_MTI_DIS_XX,1038,unspecified,anger,0,anger,0,0.5646,0.3506,0.045,0.0398
1038_MTI_HAP_XX,1038,unspecified,satisfaction,4,anger,0,0.3598,0.3297,0.2268,0.0837
1038_MTI_NEU_XX,1038,unspecified,neutral,3,neutral,3,0.3029,0.1141,0.03,0.553
1038_MTI_SAD_XX,1038,unspecified,sadness,2,sadness,2,0.0041,0.1366,0.7512,0.1082
1038_TAI_ANG_XX,1038,unspecified,anger,0,anger,0,0.9919,0.0079,0.0001,0.0001
1038_TAI_DIS_XX,1038,unspecified,anger,0,anger,0,0.7334,0.2351,0.0267,0.0049
1038_TAI_HAP_XX,1038,unspecified,satisfaction,4,satisfaction,4,0.1743,0.8122,0.0111,0.0024
1038_TAI_NEU_XX,1038,unspecified,neutral,3,satisfaction,4,0.0847,0.4821,0.1349,0.2983
1038_TAI_SAD_XX,1038,unspecified,sadness,2,sadness,2,0.0061,0.2933,0.6563,0.0443
1038_TIE_ANG_XX,1038,unspecified,anger,0,anger,0,0.9798,0.0179,0.0002,0.002
1038_TIE_DIS_XX,1038,unspecified,anger,0,anger,0,0.8241,0.1528,0.008,0.0151
1038_TIE_HAP_XX,1038,unspecified,satisfaction,4,anger,0,0.8058,0.1717,0.0034,0.0192
1038_TIE_NEU_XX,1038,unspecified,neutral,3,neutral,3,0.1135,0.1559,0.0865,0.644
1038_TIE_SAD_XX,1038,unspecified,sadness,2,neutral,3,0.0106,0.3196,0.2189,0.4508
1038_TSI_ANG_XX,1038,unspecified,anger,0,anger,0,0.987,0.0122,0.0001,0.0007
1038_TSI_DIS_XX,1038,unspecified,anger,0,satisfaction,4,0.3186,0.6665,0.0016,0.0133
1038_TSI_HAP_XX,1038,unspecified,satisfaction,4,satisfaction,4,0.029,0.8916,0.0066,0.0728
1038_TSI_NEU_XX,1038,unspecified,neutral,3,satisfaction,4,0.0314,0.6389,0.0507,0.279
1038_TSI_SAD_XX,1038,unspecified,sadness,2,sadness,2,0.0026,0.0672,0.8228,0.1074
1038_WSI_ANG_XX,1038,unspecified,anger,0,anger,0,0.9872,0.0117,0.0003,0.0008
1038_WSI_DIS_XX,1038,unspecified,anger,0,satisfaction,4,0.0664,0.488,0.2182,0.2274
1038_WSI_HAP_XX,1038,unspecified,satisfaction,4,satisfaction,4,0.4071,0.5358,0.0235,0.0336
1038_WSI_NEU_XX,1038,unspecified,neutral,3,anger,0,0.7697,0.1484,0.0057,0.0762
1038_WSI_SAD_XX,1038,unspecified,sadness,2,sadness,2,0.0084,0.0344,0.737,0.2202
1039_DFA_ANG_XX,1039,unspecified,anger,0,anger,0,0.9335,0.0639,0.0004,0.0022
1039_DFA_DIS_XX,1039,unspecified,anger,0,sadness,2,0.0011,0.1275,0.7049,0.1666
1039_DFA_HAP_XX,1039,unspecified,satisfaction,4,anger,0,0.6344,0.3443,0.0002,0.021
1039_DFA_NEU_XX,1039,unspecified,neutral,3,neutral,3,0.0027,0.0654,0.0443,0.8875
1039_DFA_SAD_XX,1039,unspecified,sadness,2,sadness,2,0.0001,0.1215,0.5946,0.2838
1039_IEO_ANG_HI,1039,high,anger,0,anger,0,0.9459,0.0529,0.0003,0.0008
1039_IEO_ANG_LO,1039,low,anger,0,sadness,2,0.001,0.1589,0.5301,0.31
1039_IEO_ANG_MD,1039,medium,anger,0,anger,0,0.6948,0.2737,0.0159,0.0156
1039_IEO_DIS_HI,1039,high,anger,0,anger,0,0.8911,0.1007,0.0055,0.0027
1039_IEO_DIS_LO,1039,low,anger,0,sadness,2,0.0002,0.1559,0.7825,0.0615
1039_IEO_DIS_MD,1039,medium,anger,0,sadness,2,0.0041,0.3424,0.5785,0.075
1039_IEO_HAP_HI,1039,high,satisfaction,4,anger,0,0.6977,0.2961,0.0039,0.0024
1039_IEO_HAP_LO,1039,low,satisfaction,4,satisfaction,4,0.0377,0.4767,0.0965,0.3891
1039_IEO_HAP_MD,1039,medium,satisfaction,4,satisfaction,4,0.0804,0.8725,0.0154,0.0317
1039_IEO_NEU_XX,1039,unspecified,neutral,3,neutral,3,0.0001,0.0742,0.2666,0.6591
1039_IEO_SAD_HI,1039,high,sadness,2,sadness,2,0.0002,0.05,0.7659,0.1838
1039_IEO_SAD_LO,1039,low,sadness,2,sadness,2,0.0,0.0631,0.7467,0.1902
1039_IEO_SAD_MD,1039,medium,sadness,2,sadness,2,0.0005,0.1658,0.5819,0.2518
1039_IOM_ANG_XX,1039,unspecified,anger,0,anger,0,0.7749,0.1948,0.0115,0.0188
1039_IOM_DIS_XX,1039,unspecified,anger,0,sadness,2,0.0005,0.1213,0.5729,0.3053
1039_IOM_HAP_XX,1039,unspecified,satisfaction,4,satisfaction,4,0.1109,0.4953,0.0567,0.3371
1039_IOM_NEU_XX,1039,unspecified,neutral,3,neutral,3,0.0001,0.1127,0.3169,0.5702
1039_IOM_SAD_XX,1039,unspecified,sadness,2,neutral,3,0.0002,0.0703,0.4639,0.4656
1039_ITH_ANG_XX,1039,unspecified,anger,0,anger,0,0.9344,0.0631,0.0004,0.0021
1039_ITH_DIS_XX,1039,unspecified,anger,0,sadness,2,0.001,0.2766,0.6194,0.1031
1039_ITH_HAP_XX,1039,unspecified,satisfaction,4,satisfaction,4,0.1557,0.7853,0.0075,0.0515
1039_ITH_NEU_XX,1039,unspecified,neutral,3,neutral,3,0.0014,0.206,0.3287,0.4638
1039_ITH_SAD_XX,1039,unspecified,sadness,2,sadness,2,0.0002,0.0379,0.7273,0.2346
1039_ITS_ANG_XX,1039,unspecified,anger,0,anger,0,0.9647,0.032,0.0009,0.0023
1039_ITS_DIS_XX,1039,unspecified,anger,0,satisfaction,4,0.0256,0.3971,0.2857,0.2916
1039_ITS_HAP_XX,1039,unspecified,satisfaction,4,satisfaction,4,0.3566,0.6032,0.003,0.0372
1039_ITS_NEU_XX,1039,unspecified,neutral,3,neutral,3,0.0004,0.2239,0.0692,0.7066
1039_ITS_SAD_XX,1039,unspecified,sadness,2,sadness,2,0.0001,0.0202,0.9394,0.0404
1039_IWL_ANG_XX,1039,unspecified,anger,0,anger,0,0.5247,0.4701,0.0009,0.0043
1039_IWL_DIS_XX,1039,unspecified,anger,0,satisfaction,4,0.0791,0.4455,0.4027,0.0727
1039_IWL_HAP_XX,1039,unspecified,satisfaction,4,anger,0,0.5063,0.4871,0.0005,0.0061
1039_IWL_NEU_XX,1039,unspecified,neutral,3,neutral,3,0.0005,0.2917,0.1032,0.6047
1039_IWL_SAD_XX,1039,unspecified,sadness,2,sadness,2,0.0001,0.2083,0.7651,0.0265
1039_IWW_ANG_XX,1039,unspecified,anger,0,anger,0,0.9794,0.0187,0.0004,0.0015
1039_IWW_DIS_XX,1039,unspecified,anger,0,satisfaction,4,0.0539,0.4253,0.3024,0.2184
1039_IWW_HAP_XX,1039,unspecified,satisfaction,4,satisfaction,4,0.2727,0.5301,0.0836,0.1136
1039_IWW_NEU_XX,1039,unspecified,neutral,3,sadness,2,0.0026,0.1047,0.4977,0.395
1039_IWW_SAD_XX,1039,unspecified,sadness,2,sadness,2,0.0,0.0137,0.9481,0.0382
1039_MTI_ANG_XX,1039,unspecified,anger,0,satisfaction,4,0.3307,0.6149,0.0368,0.0176
1039_MTI_DIS_XX,1039,unspecified,anger,0,satisfaction,4,0.0423,0.8209,0.1054,0.0314
1039_MTI_HAP_XX,1039,unspecified,satisfaction,4,satisfaction,4,0.0436,0.9508,0.0046,0.001
1039_MTI_NEU_XX,1039,unspecified,neutral,3,neutral,3,0.001,0.1897,0.4024,0.4069
1039_MTI_SAD_XX,1039,unspecified,sadness,2,sadness,2,0.0,0.0016,0.9932,0.0052
1039_TAI_ANG_XX,1039,unspecified,anger,0,anger,0,0.8931,0.1044,0.0009,0.0016
1039_TAI_DIS_XX,1039,unspecified,anger,0,satisfaction,4,0.2623,0.6713,0.0491,0.0173
1039_TAI_HAP_XX,1039,unspecified,satisfaction,4,satisfaction,4,0.0731,0.9095,0.0138,0.0036
1039_TAI_NEU_XX,1039,unspecified,neutral,3,sadness,2,0.0001,0.16,0.6354,0.2046
1039_TAI_SAD_XX,1039,unspecified,sadness,2,sadness,2,0.0001,0.1943,0.7611,0.0445
1039_TIE_ANG_XX,1039,unspecified,anger,0,anger,0,0.9615,0.0363,0.0002,0.002
1039_TIE_DIS_XX,1039,unspecified,anger,0,satisfaction,4,0.2166,0.6849,0.0736,0.025
1039_TIE_HAP_XX,1039,unspecified,satisfaction,4,satisfaction,4,0.2107,0.7809,0.0055,0.0029
1039_TIE_NEU_XX,1039,unspecified,neutral,3,sadness,2,0.0042,0.3112,0.3632,0.3214
1039_TIE_SAD_XX,1039,unspecified,sadness,2,sadness,2,0.0,0.0056,0.9839,0.0105
1039_TSI_ANG_XX,1039,unspecified,anger,0,anger,0,0.855,0.1274,0.0005,0.0171
1039_TSI_DIS_XX,1039,unspecified,anger,0,satisfaction,4,0.0017,0.5611,0.2596,0.1776
1039_TSI_HAP_XX,1039,unspecified,satisfaction,4,satisfaction,4,0.244,0.7264,0.0025,0.0272
1039_TSI_NEU_XX,1039,unspecified,neutral,3,neutral,3,0.0005,0.3068,0.1438,0.5489
1039_TSI_SAD_XX,1039,unspecified,sadness,2,sadness,2,0.0,0.0703,0.8725,0.0572
1039_WSI_ANG_XX,1039,unspecified,anger,0,anger,0,0.9964,0.0034,0.0,0.0001
1039_WSI_DIS_XX,1039,unspecified,anger,0,sadness,2,0.0927,0.1708,0.6545,0.082
1039_WSI_HAP_XX,1039,unspecified,satisfaction,4,anger,0,0.5816,0.2939,0.0016,0.1229
1039_WSI_NEU_XX,1039,unspecified,neutral,3,neutral,3,0.001,0.0372,0.4685,0.4933
1039_WSI_SAD_XX,1039,unspecified,sadness,2,sadness,2,0.0001,0.0272,0.9278,0.0449
1040_DFA_ANG_XX,1040,unspecified,anger,0,anger,0,0.9771,0.01,0.0005,0.0124
1040_DFA_DIS_XX,1040,unspecified,anger,0,neutral,3,0.0202,0.1918,0.2787,0.5093
1040_DFA_HAP_XX,1040,unspecified,satisfaction,4,anger,0,0.5323,0.0882,0.0046,0.3748
1040_DFA_NEU_XX,1040,unspecified,neutral,3,neutral,3,0.4268,0.061,0.0332,0.479
1040_DFA_SAD_XX,1040,unspecified,sadness,2,sadness,2,0.0049,0.1582,0.6232,0.2136
1040_IEO_ANG_HI,1040,high,anger,0,anger,0,0.9816,0.0182,0.0001,0.0002
1040_IEO_ANG_LO,1040,low,anger,0,satisfaction,4,0.2714,0.52,0.0898,0.1188
1040_IEO_ANG_MD,1040,medium,anger,0,anger,0,0.9121,0.0805,0.0058,0.0016
1040_IEO_DIS_HI,1040,high,anger,0,satisfaction,4,0.0845,0.5497,0.1438,0.222
1040_IEO_DIS_LO,1040,low,anger,0,neutral,3,0.0062,0.217,0.3608,0.416
1040_IEO_DIS_MD,1040,medium,anger,0,satisfaction,4,0.008,0.5682,0.351,0.0728
1040_IEO_HAP_HI,1040,high,satisfaction,4,satisfaction,4,0.4037,0.5017,0.0791,0.0155
1040_IEO_HAP_LO,1040,low,satisfaction,4,anger,0,0.3616,0.2979,0.0093,0.3313
1040_IEO_HAP_MD,1040,medium,satisfaction,4,satisfaction,4,0.0097,0.8194,0.074,0.097
1040_IEO_NEU_XX,1040,unspecified,neutral,3,neutral,3,0.1257,0.1365,0.1431,0.5947
1040_IEO_SAD_HI,1040,high,sadness,2,sadness,2,0.0006,0.218,0.6592,0.1223
1040_IEO_SAD_LO,1040,low,sadness,2,sadness,2,0.0002,0.1337,0.4569,0.4093
1040_IEO_SAD_MD,1040,medium,sadness,2,sadness,2,0.0024,0.1339,0.5535,0.3102
1040_IOM_ANG_XX,1040,unspecified,anger,0,anger,0,0.9606,0.0163,0.0036,0.0194
1040_IOM_DIS_XX,1040,unspecified,anger,0,neutral,3,0.0015,0.0321,0.2752,0.6912
1040_IOM_HAP_XX,1040,unspecified,satisfaction,4,anger,0,0.4504,0.0716,0.1873,0.2907
1040_IOM_NEU_XX,1040,unspecified,neutral,3,neutral,3,0.0452,0.1426,0.2069,0.6054
1040_IOM_SAD_XX,1040,unspecified,sadness,2,sadness,2,0.0009,0.0442,0.8297,0.1252
1040_ITH_ANG_XX,1040,unspecified,anger,0,anger,0,0.8821,0.0476,0.0046,0.0656
1040_ITH_DIS_XX,1040,unspecified,anger,0,sadness,2,0.0001,0.04,0.707,0.2529
1040_ITH_HAP_XX,1040,unspecified,satisfaction,4,neutral,3,0.096,0.1123,0.2098,0.5819
1040_ITH_NEU_XX,1040,unspecified,neutral,3,neutral,3,0.0182,0.1256,0.1134,0.7427
1040_ITH_SAD_XX,1040,unspecified,sadness,2,sadness,2,0.0009,0.0994,0.7442,0.1555
1040_ITS_ANG_XX,1040,unspecified,anger,0,anger,0,0.7711,0.0892,0.0235,0.1162
1040_ITS_DIS_XX,1040,unspecified,anger,0,sadness,2,0.0025,0.1364,0.6305,0.2306
1040_ITS_HAP_XX,1040,unspecified,satisfaction,4,neutral,3,0.091,0.2722,0.1244,0.5124
1040_ITS_NEU_XX,1040,unspecified,neutral,3,neutral,3,0.0167,0.1319,0.0537,0.7977
1040_ITS_SAD_XX,1040,unspecified,sadness,2,sadness,2,0.0006,0.0852,0.8608,0.0534
1040_IWL_ANG_XX,1040,unspecified,anger,0,anger,0,0.8069,0.1361,0.0015,0.0555
1040_IWL_DIS_XX,1040,unspecified,anger,0,sadness,2,0.0011,0.032,0.8777,0.0892
1040_IWL_HAP_XX,1040,unspecified,satisfaction,4,satisfaction,4,0.2265,0.3859,0.1125,0.275
1040_IWL_NEU_XX,1040,unspecified,neutral,3,neutral,3,0.077,0.3559,0.1224,0.4447
1040_IWL_SAD_XX,1040,unspecified,sadness,2,neutral,3,0.0044,0.2509,0.35,0.3947
1040_IWW_ANG_XX,1040,unspecified,anger,0,anger,0,0.8962,0.0145,0.0049,0.0844
1040_IWW_DIS_XX,1040,unspecified,anger,0,sadness,2,0.0119,0.1805,0.7329,0.0746
1040_IWW_HAP_XX,1040,unspecified,satisfaction,4,neutral,3,0.2608,0.0333,0.0157,0.6902
1040_IWW_NEU_XX,1040,unspecified,neutral,3,neutral,3,0.0163,0.0724,0.1845,0.7268
1040_IWW_SAD_XX,1040,unspecified,sadness,2,sadness,2,0.0087,0.0435,0.583,0.3647
1040_MTI_ANG_XX,1040,unspecified,anger,0,anger,0,0.9858,0.0104,0.0017,0.0021
1040_MTI_DIS_XX,1040,unspecified,anger,0,sadness,2,0.2232,0.131,0.4154,0.2304
1040_MTI_HAP_XX,1040,unspecified,satisfaction,4,anger,0,0.3254,0.1375,0.2955,0.2417
1040_MTI_NEU_XX,1040,unspecified,neutral,3,neutral,3,0.0565,0.0516,0.1914,0.7005
1040_MTI_SAD_XX,1040,unspecified,sadness,2,sadness,2,0.0122,0.0847,0.6641,0.2389
1040_TAI_ANG_XX,1040,unspecified,anger,0,anger,0,0.8932,0.045,0.0262,0.0356
1040_TAI_DIS_XX,1040,unspecified,anger,0,sadness,2,0.0029,0.0592,0.9145,0.0233
1040_TAI_HAP_XX,1040,unspecified,satisfaction,4,neutral,3,0.0731,0.3327,0.235,0.3592
1040_TAI_NEU_XX,1040,unspecified,neutral,3,neutral,3,0.0432,0.3585,0.1481,0.4502
1040_TAI_SAD_XX,1040,unspecified,sadness,2,sadness,2,0.0038,0.0563,0.8713,0.0686
1040_TIE_ANG_XX,1040,unspecified,anger,0,anger,0,0.9864,0.0055,0.0018,0.0064
1040_TIE_DIS_XX,1040,unspecified,anger,0,sadness,2,0.0232,0.2755,0.4824,0.2189
1040_TIE_HAP_XX,1040,unspecified,satisfaction,4,anger,0,0.6133,0.1577,0.1216,0.1073
1040_TIE_NEU_XX,1040,unspecified,neutral,3,neutral,3,0.0188,0.1371,0.3758,0.4683
1040_TIE_SAD_XX,1040,unspecified,sadness,2,sadness,2,0.0155,0.0311,0.8633,0.0901
1040_TSI_ANG_XX,1040,unspecified,anger,0,anger,0,0.835,0.1339,0.0022,0.0288
1040_TSI_DIS_XX,1040,unspecified,anger,0,satisfaction,4,0.0457,0.8476,0.0793,0.0274
1040_TSI_HAP_XX,1040,unspecified,satisfaction,4,satisfaction,4,0.1586,0.4055,0.0449,0.3909
1040_TSI_NEU_XX,1040,unspecified,neutral,3,neutral,3,0.0584,0.3334,0.0227,0.5855
1040_TSI_SAD_XX,1040,unspecified,sadness,2,sadness,2,0.0048,0.1664,0.4606,0.3681
1040_WSI_ANG_XX,1040,unspecified,anger,0,anger,0,0.9902,0.0076,0.0006,0.0016
1040_WSI_DIS_XX,1040,unspecified,anger,0,sadness,2,0.009,0.0457,0.87,0.0753
1040_WSI_HAP_XX,1040,unspecified,satisfaction,4,sadness,2,0.1003,0.2,0.5574,0.1423
1040_WSI_NEU_XX,1040,unspecified,neutral,3,neutral,3,0.1504,0.096,0.3688,0.3848
1040_WSI_SAD_XX,1040,unspecified,sadness,2,sadness,2,0.0025,0.0397,0.753,0.2048
1041_DFA_ANG_XX,1041,unspecified,anger,0,anger,0,0.9712,0.0265,0.0004,0.0019
1041_DFA_DIS_XX,1041,unspecified,anger,0,sadness,2,0.0013,0.3826,0.4636,0.1525
1041_DFA_HAP_XX,1041,unspecified,satisfaction,4,satisfaction,4,0.1644,0.6546,0.0271,0.1539
1041_DFA_NEU_XX,1041,unspecified,neutral,3,neutral,3,0.0882,0.2853,0.1495,0.4771
1041_DFA_SAD_XX,1041,unspecified,sadness,2,neutral,3,0.0051,0.082,0.3447,0.5682
1041_IEO_ANG_HI,1041,high,anger,0,anger,0,0.9909,0.0091,0.0,0.0
1041_IEO_ANG_LO,1041,low,anger,0,satisfaction,4,0.2191,0.4266,0.2259,0.1284
1041_IEO_ANG_MD,1041,medium,anger,0,anger,0,0.8554,0.0954,0.0322,0.017
1041_IEO_DIS_HI,1041,high,anger,0,satisfaction,4,0.0924,0.6728,0.2004,0.0344
1041_IEO_DIS_LO,1041,low,anger,0,sadness,2,0.002,0.442,0.4456,0.1104
1041_IEO_DIS_MD,1041,medium,anger,0,sadness,2,0.0033,0.4007,0.5635,0.0326
1041_IEO_HAP_HI,1041,high,satisfaction,4,anger,0,0.792,0.1709,0.0165,0.0207
1041_IEO_HAP_LO,1041,low,satisfaction,4,sadness,2,0.0004,0.261,0.6917,0.0469
1041_IEO_HAP_MD,1041,medium,satisfaction,4,sadness,2,0.0032,0.3756,0.4553,0.166
1041_IEO_NEU_XX,1041,unspecified,neutral,3,sadness,2,0.0003,0.0815,0.6501,0.2681
1041_IEO_SAD_HI,1041,high,sadness,2,neutral,3,0.0028,0.2381,0.3461,0.413
1041_IEO_SAD_LO,1041,low,sadness,2,satisfaction,4,0.0055,0.5353,0.3134,0.1458
1041_IEO_SAD_MD,1041,medium,sadness,2,sadness,2,0.0005,0.308,0.6586,0.0329
1041_IOM_ANG_XX,1041,unspecified,anger,0,satisfaction,4,0.1791,0.5834,0.1067,0.1309
1041_IOM_DIS_XX,1041,unspecified,anger,0,sadness,2,0.0005,0.2427,0.7247,0.0321
1041_IOM_HAP_XX,1041,unspecified,satisfaction,4,satisfaction,4,0.002,0.713,0.2574,0.0276
1041_IOM_NEU_XX,1041,unspecified,neutral,3,sadness,2,0.0009,0.2639,0.4542,0.281
1041_IOM_SAD_XX,1041,unspecified,sadness,2,sadness,2,0.0003,0.0698,0.8886,0.0414
1041_ITH_ANG_XX,1041,unspecified,anger,0,anger,0,0.9727,0.0251,0.0007,0.0015
1041_ITH_DIS_XX,1041,unspecified,anger,0,sadness,2,0.0053,0.2858,0.5678,0.141
1041_ITH_HAP_XX,1041,unspecified,satisfaction,4,satisfaction,4,0.0754,0.5921,0.0288,0.3037
1041_ITH_NEU_XX,1041,unspecified,neutral,3,sadness,2,0.0001,0.0315,0.765,0.2034
1041_ITH_SAD_XX,1041,unspecified,sadness,2,sadness,2,0.0005,0.1128,0.7684,0.1183
1041_ITS_ANG_XX,1041,unspecified,anger,0,anger,0,0.977,0.0143,0.0002,0.0085
1041_ITS_DIS_XX,1041,unspecified,anger,0,sadness,2,0.0004,0.0544,0.9122,0.033
1041_ITS_HAP_XX,1041,unspecified,satisfaction,4,satisfaction,4,0.2031,0.5525,0.0249,0.2196
1041_ITS_NEU_XX,1041,unspecified,neutral,3,sadness,2,0.0017,0.041,0.7908,0.1664
1041_ITS_SAD_XX,1041,unspecified,sadness,2,sadness,2,0.0006,0.0953,0.8485,0.0556
1041_IWL_ANG_XX,1041,unspecified,anger,0,anger,0,0.9172,0.0797,0.0015,0.0016
1041_IWL_DIS_XX,1041,unspecified,anger,0,satisfaction,4,0.0208,0.4968,0.4299,0.0526
1041_IWL_HAP_XX,1041,unspecified,satisfaction,4,satisfaction,4,0.031,0.7497,0.1009,0.1184
1041_IWL_NEU_XX,1041,unspecified,neutral,3,sadness,2,0.0034,0.3295,0.5324,0.1347
1041_IWL_SAD_XX,1041,unspecified,sadness,2,sadness,2,0.0015,0.1611,0.7501,0.0873
1041_IWW_ANG_XX,1041,unspecified,anger,0,anger,0,0.9912,0.008,0.0005,0.0003
1041_IWW_DIS_XX,1041,unspecified,anger,0,sadness,2,0.0015,0.1094,0.8479,0.0412
1041_IWW_HAP_XX,1041,unspecified,satisfaction,4,neutral,3,0.062,0.2459,0.1554,0.5367
1041_IWW_NEU_XX,1041,unspecified,neutral,3,sadness,2,0.0003,0.0403,0.7911,0.1683
1041_IWW_SAD_XX,1041,unspecified,sadness,2,sadness,2,0.0005,0.0251,0.645,0.3294
1041_MTI_ANG_XX,1041,unspecified,anger,0,anger,0,0.9831,0.0146,0.0004,0.0019
1041_MTI_DIS_XX,1041,unspecified,anger,0,sadness,2,0.0034,0.0407,0.8749,0.081
1041_MTI_HAP_XX,1041,unspecified,satisfaction,4,anger,0,0.83,0.1315,0.0026,0.0358
1041_MTI_NEU_XX,1041,unspecified,neutral,3,sadness,2,0.0065,0.1721,0.7473,0.0742
1041_MTI_SAD_XX,1041,unspecified,sadness,2,sadness,2,0.0004,0.0073,0.8978,0.0945
1041_TAI_ANG_XX,1041,unspecified,anger,0,anger,0,0.904,0.0921,0.0021,0.0018
1041_TAI_DIS_XX,1041,unspecified,anger,0,sadness,2,0.0013,0.0923,0.8695,0.0368
1041_TAI_HAP_XX,1041,unspecified,satisfaction,4,satisfaction,4,0.0182,0.8424,0.0943,0.0452
1041_TAI_NEU_XX,1041,unspecified,neutral,3,satisfaction,4,0.0203,0.3419,0.3304,0.3073
1041_TAI_SAD_XX,1041,unspecified,sadness,2,sadness,2,0.0018,0.1715,0.8064,0.0203
1041_TIE_ANG_XX,1041,unspecified,anger,0,anger,0,0.991,0.0072,0.0002,0.0016
1041_TIE_DIS_XX,1041,unspecified,anger,0,sadness,2,0.0017,0.0364,0.9146,0.0473
1041_TIE_HAP_XX,1041,unspecified,satisfaction,4,satisfaction,4,0.0188,0.4624,0.2311,0.2877
1041_TIE_NEU_XX,1041,unspecified,neutral,3,sadness,2,0.0014,0.0688,0.6533,0.2764
1041_TIE_SAD_XX,1041,unspecified,sadness,2,sadness,2,0.0011,0.0528,0.8711,0.075
1041_TSI_ANG_XX,1041,unspecified,anger,0,anger,0,0.9966,0.0029,0.0,0.0005
1041_TSI_DIS_XX,1041,unspecified,anger,0,satisfaction,4,0.0064,0.6783,0.2713,0.044
1041_TSI_HAP_XX,1041,unspecified,satisfaction,4,satisfaction,4,0.162,0.6097,0.1399,0.0883
1041_TSI_NEU_XX,1041,unspecified,neutral,3,neutral,3,0.0764,0.2831,0.2669,0.3736
1041_TSI_SAD_XX,1041,unspecified,sadness,2,sadness,2,0.0015,0.2656,0.6226,0.1103
1041_WSI_ANG_XX,1041,unspecified,anger,0,anger,0,0.9266,0.0612,0.0107,0.0015
1041_WSI_DIS_XX,1041,unspecified,anger,0,sadness,2,0.021,0.173,0.7582,0.0478
1041_WSI_HAP_XX,1041,unspecified,satisfaction,4,satisfaction,4,0.1838,0.5785,0.1718,0.0659
1041_WSI_NEU_XX,1041,unspecified,neutral,3,sadness,2,0.0172,0.0787,0.7068,0.1974
1041_WSI_SAD_XX,1041,unspecified,sadness,2,sadness,2,0.0002,0.0589,0.8771,0.0638
1042_DFA_ANG_XX,1042,unspecified,anger,0,anger,0,0.6018,0.361,0.0131,0.0241
1042_DFA_DIS_XX,1042,unspecified,anger,0,satisfaction,4,0.0136,0.965,0.0097,0.0117
1042_DFA_HAP_XX,1042,unspecified,satisfaction,4,anger,0,0.6429,0.252,0.0113,0.0938
1042_DFA_NEU_XX,1042,unspecified,neutral,3,anger,0,0.3046,0.2395,0.1582,0.2977
1042_DFA_SAD_XX,1042,unspecified,sadness,2,satisfaction,4,0.0912,0.4975,0.1079,0.3034
1042_IEO_ANG_HI,1042,high,anger,0,anger,0,0.9911,0.0088,0.0001,0.0001
1042_IEO_ANG_LO,1042,low,anger,0,anger,0,0.7992,0.1618,0.0308,0.0082
1042_IEO_ANG_MD,1042,medium,anger,0,satisfaction,4,0.2816,0.6446,0.0431,0.0307
1042_IEO_DIS_HI,1042,high,anger,0,satisfaction,4,0.2206,0.7509,0.0155,0.0131
1042_IEO_DIS_LO,1042,low,anger,0,neutral,3,0.018,0.401,0.1677,0.4134
1042_IEO_DIS_MD,1042,medium,anger,0,anger,0,0.6953,0.1872,0.1019,0.0156
1042_IEO_HAP_HI,1042,high,satisfaction,4,anger,0,0.5819,0.1914,0.12,0.1067
1042_IEO_HAP_LO,1042,low,satisfaction,4,sadness,2,0.18,0.1666,0.3765,0.2769
1042_IEO_HAP_MD,1042,medium,satisfaction,4,satisfaction,4,0.0694,0.6093,0.2052,0.1161
1042_IEO_NEU_XX,1042,unspecified,neutral,3,neutral,3,0.2431,0.2205,0.1299,0.4065
1042_IEO_SAD_HI,1042,high,sadness,2,sadness,2,0.0087,0.2077,0.5424,0.2412
1042_IEO_SAD_LO,1042,low,sadness,2,sadness,2,0.0011,0.1133,0.8488,0.0368
1042_IEO_SAD_MD,1042,medium,sadness,2,sadness,2,0.0068,0.2761,0.5663,0.1508
1042_IOM_ANG_XX,1042,unspecified,anger,0,anger,0,0.7707,0.1761,0.0288,0.0244
1042_IOM_DIS_XX,1042,unspecified,anger,0,sadness,2,0.0654,0.0814,0.7289,0.1242
1042_IOM_HAP_XX,1042,unspecified,satisfaction,4,anger,0,0.2979,0.1578,0.2795,0.2648
1042_IOM_NEU_XX,1042,unspecified,neutral,3,neutral,3,0.0695,0.1933,0.1963,0.5409
1042_IOM_SAD_XX,1042,unspecified,sadness,2,sadness,2,0.0686,0.1632,0.5339,0.2343
1042_ITH_ANG_XX,1042,unspecified,anger,0,anger,0,0.8306,0.1258,0.0213,0.0224
1042_ITH_DIS_XX,1042,unspecified,anger,0,satisfaction,4,0.2058,0.4615,0.116,0.2168
1042_ITH_HAP_XX,1042,unspecified,satisfaction,4,satisfaction,4,0.3578,0.5653,0.005,0.072
1042_ITH_NEU_XX,1042,unspecified,neutral,3,satisfaction,4,0.1551,0.493,0.1041,0.2477
1042_ITH_SAD_XX,1042,unspecified,sadness,2,sadness,2,0.0248,0.3575,0.3591,0.2586
1042_ITS_ANG_XX,1042,unspecified,anger,0,anger,0,0.7516,0.1573,0.0382,0.0529
1042_ITS_DIS_XX,1042,unspecified,anger,0,satisfaction,4,0.2001,0.4728,0.153,0.1741
1042_ITS_HAP_XX,1042,unspecified,satisfaction,4,anger,0,0.4379,0.4006,0.0741,0.0874
1042_ITS_NEU_XX,1042,unspecified,neutral,3,anger,0,0.5187,0.1269,0.0857,0.2687
1042_ITS_SAD_XX,1042,unspecified,sadness,2,neutral,3,0.1292,0.2884,0.0606,0.5219
1042_IWL_ANG_XX,1042,unspecified,anger,0,anger,0,0.6662,0.305,0.0088,0.0199
1042_IWL_DIS_XX,1042,unspecified,anger,0,satisfaction,4,0.0481,0.7955,0.1231,0.0333
1042_IWL_HAP_XX,1042,unspecified,satisfaction,4,satisfaction,4,0.476,0.4819,0.0014,0.0407
1042_IWL_NEU_XX,1042,unspecified,neutral,3,satisfaction,4,0.0298,0.3981,0.2,0.3721
1042_IWL_SAD_XX,1042,unspecified,sadness,2,satisfaction,4,0.0579,0.7986,0.0446,0.0989
1042_IWW_ANG_XX,1042,unspecified,anger,0,anger,0,0.7309,0.1138,0.1194,0.0359
1042_IWW_DIS_XX,1042,unspecified,anger,0,sadness,2,0.0167,0.0501,0.6447,0.2884
1042_IWW_HAP_XX,1042,unspecified,satisfaction,4,satisfaction,4,0.3418,0.6023,0.0178,0.0381
1042_IWW_NEU_XX,1042,unspecified,neutral,3,neutral,3,0.0592,0.1411,0.3694,0.4303
1042_IWW_SAD_XX,1042,unspecified,sadness,2,sadness,2,0.0096,0.0367,0.8962,0.0575
1042_MTI_ANG_XX,1042,unspecified,anger,0,anger,0,0.9791,0.0034,0.0021,0.0154
1042_MTI_DIS_XX,1042,unspecified,anger,0,anger,0,0.4455,0.2383,0.2854,0.0308
1042_MTI_HAP_XX,1042,unspecified,satisfaction,4,anger,0,0.8439,0.0417,0.0409,0.0736
1042_MTI_NEU_XX,1042,unspecified,neutral,3,anger,0,0.7603,0.0143,0.0478,0.1777
1042_MTI_SAD_XX,1042,unspecified,sadness,2,sadness,2,0.1314,0.2177,0.3273,0.3236
1042_TAI_ANG_XX,1042,unspecified,anger,0,satisfaction,4,0.3431,0.4995,0.0685,0.0889
1042_TAI_DIS_XX,1042,unspecified,anger,0,satisfaction,4,0.1818,0.5745,0.1878,0.0559
1042_TAI_HAP_XX,1042,unspecified,satisfaction,4,satisfaction,4,0.1159,0.6479,0.1782,0.0579
1042_TAI_NEU_XX,1042,unspecified,neutral,3,neutral,3,0.0159,0.3769,0.1729,0.4343
1042_TAI_SAD_XX,1042,unspecified,sadness,2,satisfaction,4,0.0084,0.6475,0.3144,0.0298
1042_TIE_ANG_XX,1042,unspecified,anger,0,anger,0,0.9671,0.0198,0.0056,0.0076
1042_TIE_DIS_XX,1042,unspecified,anger,0,satisfaction,4,0.0055,0.7352,0.2446,0.0148
1042_TIE_HAP_XX,1042,unspecified,satisfaction,4,anger,0,0.5529,0.3681,0.0268,0.0522
1042_TIE_NEU_XX,1042,unspecified,neutral,3,sadness,2,0.2004,0.235,0.3602,0.2044
1042_TIE_SAD_XX,1042,unspecified,sadness,2,sadness,2,0.0042,0.2133,0.714,0.0685
1042_TSI_ANG_XX,1042,unspecified,anger,0,satisfaction,4,0.1185,0.7586,0.0559,0.067
1042_TSI_DIS_XX,1042,unspecified,anger,0,satisfaction,4,0.0136,0.9574,0.0126,0.0163
1042_TSI_HAP_XX,1042,unspecified,satisfaction,4,anger,0,0.6228,0.2333,0.0657,0.0782
1042_TSI_NEU_XX,1042,unspecified,neutral,3,satisfaction,4,0.0235,0.6939,0.0763,0.2064
1042_TSI_SAD_XX,1042,unspecified,sadness,2,satisfaction,4,0.0228,0.6047,0.0862,0.2863
1042_WSI_ANG_XX,1042,unspecified,anger,0,anger,0,0.8604,0.0632,0.0379,0.0384
1042_WSI_DIS_XX,1042,unspecified,anger,0,sadness,2,0.1054,0.2693,0.5657,0.0597
1042_WSI_HAP_XX,1042,unspecified,satisfaction,4,anger,0,0.6291,0.1235,0.0262,0.2212
1042_WSI_NEU_XX,1042,unspecified,neutral,3,anger,0,0.7351,0.0695,0.0645,0.1309
1042_WSI_SAD_XX,1042,unspecified,sadness,2,neutral,3,0.2798,0.0803,0.2774,0.3625
1043_DFA_ANG_XX,1043,unspecified,anger,0,anger,0,0.9908,0.0077,0.0002,0.0013
1043_DFA_DIS_XX,1043,unspecified,anger,0,anger,0,0.827,0.1117,0.0109,0.0504
1043_DFA_HAP_XX,1043,unspecified,satisfaction,4,anger,0,0.7825,0.1385,0.0014,0.0776
1043_DFA_NEU_XX,1043,unspecified,neutral,3,anger,0,0.7403,0.0521,0.0025,0.205
1043_DFA_SAD_XX,1043,unspecified,sadness,2,satisfaction,4,0.0085,0.6474,0.1995,0.1445
1043_IEO_ANG_HI,1043,high,anger,0,anger,0,0.9317,0.0658,0.0024,0.0002
1043_IEO_ANG_LO,1043,low,anger,0,anger,0,0.9098,0.018,0.0068,0.0655
1043_IEO_ANG_MD,1043,medium,anger,0,anger,0,0.953,0.0279,0.0039,0.0152
1043_IEO_DIS_HI,1043,high,anger,0,satisfaction,4,0.4167,0.5527,0.0261,0.0045
1043_IEO_DIS_LO,1043,low,anger,0,neutral,3,0.0753,0.3713,0.0959,0.4574
1043_IEO_DIS_MD,1043,medium,anger,0,satisfaction,4,0.2258,0.6985,0.0233,0.0524
1043_IEO_HAP_HI,1043,high,satisfaction,4,anger,0,0.8705,0.1139,0.0036,0.012
1043_IEO_HAP_LO,1043,low,satisfaction,4,anger,0,0.6829,0.1502,0.0276,0.1393
1043_IEO_HAP_MD,1043,medium,satisfaction,4,anger,0,0.739,0.2345,0.0078,0.0186
1043_IEO_NEU_XX,1043,unspecified,neutral,3,anger,0,0.4482,0.0963,0.0185,0.4371
1043_IEO_SAD_HI,1043,high,sadness,2,neutral,3,0.2564,0.1752,0.1957,0.3727
1043_IEO_SAD_LO,1043,low,sadness,2,satisfaction,4,0.1176,0.4901,0.0995,0.2928
1043_IEO_SAD_MD,1043,medium,sadness,2,neutral,3,0.1867,0.3344,0.035,0.4439
1043_IOM_ANG_XX,1043,unspecified,anger,0,anger,0,0.8419,0.1425,0.0104,0.0051
1043_IOM_DIS_XX,1043,unspecified,anger,0,satisfaction,4,0.0178,0.7284,0.1875,0.0663
1043_IOM_HAP_XX,1043,unspecified,satisfaction,4,satisfaction,4,0.3604,0.4924,0.0329,0.1143
1043_IOM_NEU_XX,1043,unspecified,neutral,3,anger,0,0.7163,0.0783,0.0185,0.1869
1043_IOM_SAD_XX,1043,unspecified,sadness,2,satisfaction,4,0.0044,0.5249,0.4321,0.0385
1043_ITH_ANG_XX,1043,unspecified,anger,0,anger,0,0.9685,0.0186,0.0101,0.0029
1043_ITH_DIS_XX,1043,unspecified,anger,0,sadness,2,0.0109,0.331,0.5653,0.0928
1043_ITH_HAP_XX,1043,unspecified,satisfaction,4,anger,0,0.4657,0.4192,0.0435,0.0716
1043_ITH_NEU_XX,1043,unspecified,neutral,3,neutral,3,0.2611,0.1677,0.0499,0.5213
1043_ITH_SAD_XX,1043,unspecified,sadness,2,sadness,2,0.0006,0.0888,0.8881,0.0225
1043_ITS_ANG_XX,1043,unspecified,anger,0,anger,0,0.9769,0.0174,0.0009,0.0048
1043_ITS_DIS_XX,1043,unspecified,anger,0,neutral,3,0.0366,0.3217,0.305,0.3368
1043_ITS_HAP_XX,1043,unspecified,satisfaction,4,anger,0,0.7266,0.247,0.0037,0.0227
1043_ITS_NEU_XX,1043,unspecified,neutral,3,neutral,3,0.1341,0.2588,0.099,0.508
1043_ITS_SAD_XX,1043,unspecified,sadness,2,sadness,2,0.0029,0.2899,0.6263,0.0808
1043_IWL_ANG_XX,1043,unspecified,anger,0,anger,0,0.9967,0.0027,0.0004,0.0001
1043_IWL_DIS_XX,1043,unspecified,anger,0,satisfaction,4,0.0329,0.8305,0.0658,0.0709
1043_IWL_HAP_XX,1043,unspecified,satisfaction,4,satisfaction,4,0.3326,0.553,0.0219,0.0926
1043_IWL_NEU_XX,1043,unspecified,neutral,3,satisfaction,4,0.0777,0.4913,0.0116,0.4195
1043_IWL_SAD_XX,1043,unspecified,sadness,2,satisfaction,4,0.0231,0.569,0.302,0.1058
1043_IWW_ANG_XX,1043,unspecified,anger,0,anger,0,0.9791,0.0158,0.0029,0.0023
1043_IWW_DIS_XX,1043,unspecified,anger,0,satisfaction,4,0.0893,0.6786,0.1832,0.0489
1043_IWW_HAP_XX,1043,unspecified,satisfaction,4,anger,0,0.5863,0.2721,0.0645,0.0771
1043_IWW_NEU_XX,1043,unspecified,neutral,3,anger,0,0.3941,0.1913,0.0526,0.362
1043_IWW_SAD_XX,1043,unspecified,sadness,2,sadness,2,0.0258,0.1917,0.5298,0.2527
1043_MTI_ANG_XX,1043,unspecified,anger,0,anger,0,0.9837,0.0066,0.0078,0.0019
1043_MTI_DIS_XX,1043,unspecified,anger,0,sadness,2,0.0705,0.1146,0.4668,0.348
1043_MTI_HAP_XX,1043,unspecified,satisfaction,4,anger,0,0.8408,0.061,0.0102,0.088
1043_MTI_NEU_XX,1043,unspecified,neutral,3,anger,0,0.6141,0.0826,0.1399,0.1634
1043_MTI_SAD_XX,1043,unspecified,sadness,2,sadness,2,0.0386,0.0637,0.6659,0.2319
1043_TAI_ANG_XX,1043,unspecified,anger,0,anger,0,0.7562,0.219,0.0193,0.0055
1043_TAI_DIS_XX,1043,unspecified,anger,0,satisfaction,4,0.1254,0.3218,0.3036,0.2491
1043_TAI_HAP_XX,1043,unspecified,satisfaction,4,anger,0,0.5462,0.3463,0.0563,0.0512
1043_TAI_NEU_XX,1043,unspecified,neutral,3,neutral,3,0.1892,0.2931,0.1886,0.3291
1043_TAI_SAD_XX,1043,unspecified,sadness,2,sadness,2,0.0003,0.1537,0.8124,0.0337
1043_TIE_ANG_XX,1043,unspecified,anger,0,anger,0,0.9877,0.0053,0.0032,0.0039
1043_TIE_DIS_XX,1043,unspecified,anger,0,anger,0,0.3829,0.2684,0.0818,0.2669
1043_TIE_HAP_XX,1043,unspecified,satisfaction,4,anger,0,0.9475,0.029,0.0098,0.0137
1043_TIE_NEU_XX,1043,unspecified,neutral,3,anger,0,0.6704,0.112,0.0262,0.1914
1043_TIE_SAD_XX,1043,unspecified,sadness,2,sadness,2,0.0173,0.1548,0.6755,0.1524
1043_TSI_ANG_XX,1043,unspecified,anger,0,anger,0,0.9201,0.0788,0.0003,0.0008
1043_TSI_DIS_XX,1043,unspecified,anger,0,satisfaction,4,0.1177,0.6801,0.0716,0.1307
1043_TSI_HAP_XX,1043,unspecified,satisfaction,4,satisfaction,4,0.0575,0.8903,0.006,0.0462
1043_TSI_NEU_XX,1043,unspecified,neutral,3,satisfaction,4,0.2395,0.4999,0.0159,0.2448
1043_TSI_SAD_XX,1043,unspecified,sadness,2,satisfaction,4,0.0087,0.5139,0.3067,0.1707
1043_WSI_ANG_XX,1043,unspecified,anger,0,anger,0,0.9852,0.0121,0.0023,0.0004
1043_WSI_DIS_XX,1043,unspecified,anger,0,sadness,2,0.0643,0.2042,0.3924,0.3392
1043_WSI_HAP_XX,1043,unspecified,satisfaction,4,anger,0,0.6412,0.2276,0.0801,0.0512
1043_WSI_NEU_XX,1043,unspecified,neutral,3,anger,0,0.746,0.1232,0.0377,0.0931
1043_WSI_SAD_XX,1043,unspecified,sadness,2,sadness,2,0.0582,0.1938,0.4582,0.2898
1044_DFA_ANG_XX,1044,unspecified,anger,0,anger,0,0.9949,0.0049,0.0,0.0003
1044_DFA_DIS_XX,1044,unspecified,anger,0,satisfaction,4,0.2252,0.7609,0.0026,0.0112
1044_DFA_HAP_XX,1044,unspecified,satisfaction,4,satisfaction,4,0.2124,0.7183,0.0126,0.0567
1044_DFA_NEU_XX,1044,unspecified,neutral,3,anger,0,0.6579,0.1625,0.0783,0.1013
1044_DFA_SAD_XX,1044,unspecified,sadness,2,sadness,2,0.0035,0.403,0.4133,0.1802
1044_IEO_ANG_HI,1044,high,anger,0,anger,0,0.9896,0.0103,0.0,0.0001
1044_IEO_ANG_LO,1044,low,anger,0,anger,0,0.9167,0.0308,0.0318,0.0207
1044_IEO_ANG_MD,1044,medium,anger,0,anger,0,0.9693,0.0288,0.0009,0.001
1044_IEO_DIS_HI,1044,high,anger,0,satisfaction,4,0.0234,0.9709,0.0038,0.0019
1044_IEO_DIS_LO,1044,low,anger,0,satisfaction,4,0.0842,0.6208,0.2506,0.0444
1044_IEO_DIS_MD,1044,medium,anger,0,satisfaction,4,0.0571,0.9369,0.0053,0.0007
1044_IEO_HAP_HI,1044,high,satisfaction,4,satisfaction,4,0.0594,0.6003,0.3325,0.0078
1044_IEO_HAP_LO,1044,low,satisfaction,4,satisfaction,4,0.4057,0.4585,0.037,0.0988
1044_IEO_HAP_MD,1044,medium,satisfaction,4,satisfaction,4,0.0075,0.951,0.03,0.0115
1044_IEO_NEU_XX,1044,unspecified,neutral,3,anger,0,0.7465,0.0843,0.0734,0.0958
1044_IEO_SAD_HI,1044,high,sadness,2,satisfaction,4,0.0018,0.467,0.3151,0.2161
1044_IEO_SAD_LO,1044,low,sadness,2,neutral,3,0.0037,0.269,0.3529,0.3743
1044_IEO_SAD_MD,1044,medium,sadness,2,sadness,2,0.0003,0.1942,0.636,0.1695
1044_IOM_ANG_XX,1044,unspecified,anger,0,anger,0,0.4956,0.4166,0.0492,0.0386
1044_IOM_DIS_XX,1044,unspecified,anger,0,satisfaction,4,0.0243,0.4867,0.4474,0.0415
1044_IOM_HAP_XX,1044,unspecified,satisfaction,4,satisfaction,4,0.0136,0.8476,0.0674,0.0714
1044_IOM_NEU_XX,1044,unspecified,neutral,3,sadness,2,0.0332,0.0743,0.7237,0.1688
1044_IOM_SAD_XX,1044,unspecified,sadness,2,sadness,2,0.0052,0.2421,0.6403,0.1124
1044_ITH_ANG_XX,1044,unspecified,anger,0,anger,0,0.8524,0.0764,0.0462,0.025
1044_ITH_DIS_XX,1044,unspecified,anger,0,satisfaction,4,0.0057,0.5026,0.4201,0.0717
1044_ITH_HAP_XX,1044,unspecified,satisfaction,4,neutral,3,0.0255,0.3749,0.0242,0.5755
1044_ITH_NEU_XX,1044,unspecified,neutral,3,anger,0,0.3366,0.3327,0.1808,0.1499
1044_ITH_SAD_XX,1044,unspecified,sadness,2,sadness,2,0.0004,0.3021,0.5059,0.1916
1044_ITS_ANG_XX,1044,unspecified,anger,0,anger,0,0.9864,0.0102,0.0005,0.0029
1044_ITS_DIS_XX,1044,unspecified,anger,0,satisfaction,4,0.3172,0.5911,0.0194,0.0723
1044_ITS_HAP_XX,1044,unspecified,satisfaction,4,satisfaction,4,0.0368,0.8529,0.0757,0.0346
1044_ITS_NEU_XX,1044,unspecified,neutral,3,neutral,3,0.1719,0.1224,0.2284,0.4773
1044_ITS_SAD_XX,1044,unspecified,sadness,2,sadness,2,0.0011,0.0966,0.8592,0.0431
1044_IWL_ANG_XX,1044,unspecified,anger,0,anger,0,0.975,0.0234,0.0001,0.0015
1044_IWL_DIS_XX,1044,unspecified,anger,0,satisfaction,4,0.3238,0.6514,0.0138,0.011
1044_IWL_HAP_XX,1044,unspecified,satisfaction,4,satisfaction,4,0.4368,0.52,0.0114,0.0318
1044_IWL_NEU_XX,1044,unspecified,neutral,3,satisfaction,4,0.0905,0.338,0.2456,0.326
1044_IWL_SAD_XX,1044,unspecified,sadness,2,sadness,2,0.0005,0.0621,0.9184,0.0191
1044_IWW_ANG_XX,1044,unspecified,anger,0,anger,0,0.8285,0.1487,0.0057,0.017
1044_IWW_DIS_XX,1044,unspecified,anger,0,satisfaction,4,0.0813,0.7462,0.1598,0.0128
1044_IWW_HAP_XX,1044,unspecified,satisfaction,4,neutral,3,0.0658,0.2979,0.1897,0.4467
1044_IWW_NEU_XX,1044,unspecified,neutral,3,sadness,2,0.0697,0.0894,0.5932,0.2477
1044_IWW_SAD_XX,1044,unspecified,sadness,2,neutral,3,0.0019,0.286,0.3112,0.4009
1044_MTI_ANG_XX,1044,unspecified,anger,0,anger,0,0.7522,0.2276,0.0113,0.0089
1044_MTI_DIS_XX,1044,unspecified,anger,0,sadness,2,0.0361,0.4211,0.5273,0.0155
1044_MTI_HAP_XX,1044,unspecified,satisfaction,4,satisfaction,4,0.0959,0.4806,0.2237,0.1997
1044_MTI_NEU_XX,1044,unspecified,neutral,3,sadness,2,0.0368,0.0537,0.8409,0.0686
1044_MTI_SAD_XX,1044,unspecified,sadness,2,sadness,2,0.0116,0.0548,0.8363,0.0973
1044_TAI_ANG_XX,1044,unspecified,anger,0,anger,0,0.9145,0.0683,0.0032,0.014
1044_TAI_DIS_XX,1044,unspecified,anger,0,satisfaction,4,0.1477,0.796,0.0502,0.006
1044_TAI_HAP_XX,1044,unspecified,satisfaction,4,satisfaction,4,0.0093,0.9264,0.0413,0.0231
1044_TAI_NEU_XX,1044,unspecified,neutral,3,sadness,2,0.0178,0.1143,0.6976,0.1703
1044_TAI_SAD_XX,1044,unspecified,sadness,2,sadness,2,0.003,0.1633,0.802,0.0317
1044_TIE_ANG_XX,1044,unspecified,anger,0,anger,0,0.9607,0.0259,0.0024,0.011
1044_TIE_DIS_XX,1044,unspecified,anger,0,anger,0,0.6141,0.3378,0.0296,0.0185
1044_TIE_HAP_XX,1044,unspecified,satisfaction,4,satisfaction,4,0.2744,0.584,0.0513,0.0903
1044_TIE_NEU_XX,1044,unspecified,neutral,3,neutral,3,0.2621,0.2852,0.1665,0.2863
1044_TIE_SAD_XX,1044,unspecified,sadness,2,sadness,2,0.016,0.2433,0.5675,0.1732
1044_TSI_ANG_XX,1044,unspecified,anger,0,anger,0,0.9617,0.0371,0.0003,0.0009
1044_TSI_DIS_XX,1044,unspecified,anger,0,satisfaction,4,0.0276,0.8916,0.055,0.0258
1044_TSI_HAP_XX,1044,unspecified,satisfaction,4,satisfaction,4,0.0159,0.8217,0.1218,0.0407
1044_TSI_NEU_XX,1044,unspecified,neutral,3,anger,0,0.4606,0.3367,0.0376,0.1651
1044_TSI_SAD_XX,1044,unspecified,sadness,2,sadness,2,0.0012,0.2069,0.587,0.2049
1044_WSI_ANG_XX,1044,unspecified,anger,0,anger,0,0.9873,0.0122,0.0002,0.0004
1044_WSI_DIS_XX,1044,unspecified,anger,0,anger,0,0.5877,0.3258,0.061,0.0255
1044_WSI_HAP_XX,1044,unspecified,satisfaction,4,neutral,3,0.0214,0.4099,0.0464,0.5223
1044_WSI_NEU_XX,1044,unspecified,neutral,3,anger,0,0.5479,0.0447,0.0914,0.3159
1044_WSI_SAD_XX,1044,unspecified,sadness,2,sadness,2,0.001,0.0972,0.8309,0.0709
1045_DFA_ANG_XX,1045,unspecified,anger,0,anger,0,0.8869,0.0741,0.0024,0.0367
1045_DFA_DIS_XX,1045,unspecified,anger,0,neutral,3,0.0105,0.2362,0.1703,0.583
1045_DFA_HAP_XX,1045,unspecified,satisfaction,4,neutral,3,0.0467,0.176,0.0336,0.7437
1045_DFA_NEU_XX,1045,unspecified,neutral,3,neutral,3,0.267,0.2505,0.0493,0.4332
1045_DFA_SAD_XX,1045,unspecified,sadness,2,neutral,3,0.0011,0.04,0.4206,0.5383
1045_IEO_ANG_HI,1045,high,anger,0,anger,0,0.6307,0.3687,0.0001,0.0006
1045_IEO_ANG_LO,1045,low,anger,0,satisfaction,4,0.3497,0.3576,0.0738,0.2189
1045_IEO_ANG_MD,1045,medium,anger,0,anger,0,0.7619,0.1501,0.0159,0.0722
1045_IEO_DIS_HI,1045,high,anger,0,sadness,2,0.0001,0.2233,0.7178,0.0588
1045_IEO_DIS_LO,1045,low,anger,0,sadness,2,0.0003,0.0915,0.7818,0.1264
1045_IEO_DIS_MD,1045,medium,anger,0,sadness,2,0.0009,0.2864,0.5539,0.1588
1045_IEO_HAP_HI,1045,high,satisfaction,4,satisfaction,4,0.0077,0.7957,0.1005,0.0961
1045_IEO_HAP_LO,1045,low,satisfaction,4,neutral,3,0.0104,0.1438,0.0848,0.761
1045_IEO_HAP_MD,1045,medium,satisfaction,4,satisfaction,4,0.0083,0.3703,0.2676,0.3539
1045_IEO_NEU_XX,1045,unspecified,neutral,3,sadness,2,0.0129,0.2027,0.5216,0.2628
1045_IEO_SAD_HI,1045,high,sadness,2,sadness,2,0.0114,0.1291,0.5751,0.2844
1045_IEO_SAD_LO,1045,low,sadness,2,sadness,2,0.0001,0.1926,0.6504,0.157
1045_IEO_SAD_MD,1045,medium,sadness,2,satisfaction,4,0.0018,0.4041,0.3828,0.2112
1045_IOM_ANG_XX,1045,unspecified,anger,0,satisfaction,4,0.1467,0.4835,0.3101,0.0597
1045_IOM_DIS_XX,1045,unspecified,anger,0,sadness,2,0.0007,0.12,0.7547,0.1245
1045_IOM_HAP_XX,1045,unspecified,satisfaction,4,satisfaction,4,0.0261,0.4817,0.1322,0.3601
1045_IOM_NEU_XX,1045,unspecified,neutral,3,satisfaction,4,0.0238,0.4934,0.1235,0.3593
1045_IOM_SAD_XX,1045,unspecified,sadness,2,sadness,2,0.0003,0.1859,0.6905,0.1234
1045_ITH_ANG_XX,1045,unspecified,anger,0,satisfaction,4,0.2014,0.4883,0.1038,0.2064
1045_ITH_DIS_XX,1045,unspecified,anger,0,sadness,2,0.0003,0.3721,0.5737,0.0539
1045_ITH_HAP_XX,1045,unspecified,satisfaction,4,neutral,3,0.0331,0.4261,0.055,0.4858
1045_ITH_NEU_XX,1045,unspecified,neutral,3,satisfaction,4,0.0234,0.3469,0.2862,0.3436
1045_ITH_SAD_XX,1045,unspecified,sadness,2,sadness,2,0.0015,0.2015,0.5735,0.2236
1045_ITS_ANG_XX,1045,unspecified,anger,0,satisfaction,4,0.074,0.4301,0.1593,0.3367
1045_ITS_DIS_XX,1045,unspecified,anger,0,neutral,3,0.0111,0.2368,0.1991,0.5529
1045_ITS_HAP_XX,1045,unspecified,satisfaction,4,satisfaction,4,0.0115,0.8351,0.0638,0.0896
1045_ITS_NEU_XX,1045,unspecified,neutral,3,neutral,3,0.1174,0.355,0.0635,0.4641
1045_ITS_SAD_XX,1045,unspecified,sadness,2,sadness,2,0.0035,0.0224,0.8228,0.1513
1045_IWL_ANG_XX,1045,unspecified,anger,0,anger,0,0.7184,0.148,0.0359,0.0976
1045_IWL_DIS_XX,1045,unspecified,anger,0,sadness,2,0.0005,0.3088,0.606,0.0846
1045_IWL_HAP_XX,1045,unspecified,satisfaction,4,neutral,3,0.0995,0.2843,0.1314,0.4848
1045_IWL_NEU_XX,1045,unspecified,neutral,3,satisfaction,4,0.0226,0.6151,0.0949,0.2674
1045_IWL_SAD_XX,1045,unspecified,sadness,2,sadness,2,0.0018,0.0746,0.5335,0.3901
1045_IWW_ANG_XX,1045,unspecified,anger,0,sadness,2,0.2194,0.2935,0.3099,0.1773
1045_IWW_DIS_XX,1045,unspecified,anger,0,sadness,2,0.0003,0.04,0.7155,0.2441
1045_IWW_HAP_XX,1045,unspecified,satisfaction,4,neutral,3,0.0336,0.4456,0.0563,0.4645
1045_IWW_NEU_XX,1045,unspecified,neutral,3,neutral,3,0.0442,0.1866,0.185,0.5842
1045_IWW_SAD_XX,1045,unspecified,sadness,2,sadness,2,0.0006,0.0689,0.6833,0.2472
1045_MTI_ANG_XX,1045,unspecified,anger,0,anger,0,0.7853,0.0902,0.0439,0.0807
1045_MTI_DIS_XX,1045,unspecified,anger,0,sadness,2,0.0318,0.191,0.576,0.2012
1045_MTI_HAP_XX,1045,unspecified,satisfaction,4,anger,0,0.4106,0.2461,0.1894,0.1539
1045_MTI_NEU_XX,1045,unspecified,neutral,3,neutral,3,0.0823,0.0885,0.3304,0.4988
1045_MTI_SAD_XX,1045,unspecified,sadness,2,sadness,2,0.002,0.0615,0.6746,0.2619
1045_TAI_ANG_XX,1045,unspecified,anger,0,sadness,2,0.1448,0.2475,0.3337,0.2741
1045_TAI_DIS_XX,1045,unspecified,anger,0,sadness,2,0.0005,0.1908,0.7198,0.0889
1045_TAI_HAP_XX,1045,unspecified,satisfaction,4,satisfaction,4,0.0355,0.6893,0.1577,0.1176
1045_TAI_NEU_XX,1045,unspecified,neutral,3,satisfaction,4,0.026,0.6332,0.1255,0.2153
1045_TAI_SAD_XX,1045,unspecified,sadness,2,sadness,2,0.0004,0.0984,0.799,0.1021
1045_TIE_ANG_XX,1045,unspecified,anger,0,anger,0,0.7777,0.1391,0.0388,0.0445
1045_TIE_DIS_XX,1045,unspecified,anger,0,sadness,2,0.0058,0.0708,0.8074,0.116
1045_TIE_HAP_XX,1045,unspecified,satisfaction,4,satisfaction,4,0.021,0.5846,0.1186,0.2758
1045_TIE_NEU_XX,1045,unspecified,neutral,3,neutral,3,0.0348,0.2692,0.1991,0.497
1045_TIE_SAD_XX,1045,unspecified,sadness,2,sadness,2,0.0018,0.031,0.8802,0.0871
1045_TSI_ANG_XX,1045,unspecified,anger,0,anger,0,0.3295,0.3126,0.052,0.3059
1045_TSI_DIS_XX,1045,unspecified,anger,0,sadness,2,0.0004,0.3688,0.5226,0.1082
1045_TSI_HAP_XX,1045,unspecified,satisfaction,4,satisfaction,4,0.0157,0.5264,0.3291,0.1288
1045_TSI_NEU_XX,1045,unspecified,neutral,3,satisfaction,4,0.0123,0.445,0.1867,0.356
1045_TSI_SAD_XX,1045,unspecified,sadness,2,sadness,2,0.0021,0.1203,0.5043,0.3733
1045_WSI_ANG_XX,1045,unspecified,anger,0,anger,0,0.8942,0.0375,0.03,0.0382
1045_WSI_DIS_XX,1045,unspecified,anger,0,sadness,2,0.0031,0.0628,0.8609,0.0732
1045_WSI_HAP_XX,1045,unspecified,satisfaction,4,satisfaction,4,0.2499,0.413,0.1858,0.1513
1045_WSI_NEU_XX,1045,unspecified,neutral,3,sadness,2,0.177,0.2466,0.294,0.2824
1045_WSI_SAD_XX,1045,unspecified,sadness,2,neutral,3,0.0012,0.0898,0.4193,0.4897
1046_DFA_ANG_XX,1046,unspecified,anger,0,anger,0,0.9944,0.0025,0.0002,0.0029
1046_DFA_DIS_XX,1046,unspecified,anger,0,neutral,3,0.252,0.2218,0.0159,0.5103
1046_DFA_HAP_XX,1046,unspecified,satisfaction,4,anger,0,0.5274,0.108,0.0078,0.3568
1046_DFA_NEU_XX,1046,unspecified,neutral,3,anger,0,0.6479,0.0555,0.0121,0.2845
1046_DFA_SAD_XX,1046,unspecified,sadness,2,satisfaction,4,0.0368,0.5177,0.1097,0.3357
1046_IEO_ANG_HI,1046,high,anger,0,anger,0,0.9636,0.0342,0.0007,0.0016
1046_IEO_ANG_LO,1046,low,anger,0,neutral,3,0.2049,0.2672,0.0706,0.4573
1046_IEO_ANG_MD,1046,medium,anger,0,anger,0,0.7309,0.2012,0.0031,0.0649
1046_IEO_DIS_HI,1046,high,anger,0,anger,0,0.4488,0.2663,0.0907,0.1942
1046_IEO_DIS_LO,1046,low,anger,0,satisfaction,4,0.0039,0.5174,0.2667,0.2119
1046_IEO_DIS_MD,1046,medium,anger,0,satisfaction,4,0.0021,0.9623,0.0137,0.0219
1046_IEO_HAP_HI,1046,high,satisfaction,4,satisfaction,4,0.2355,0.7445,0.0087,0.0112
1046_IEO_HAP_LO,1046,low,satisfaction,4,satisfaction,4,0.0292,0.6306,0.0635,0.2767
1046_IEO_HAP_MD,1046,medium,satisfaction,4,satisfaction,4,0.0058,0.4986,0.124,0.3716
1046_IEO_NEU_XX,1046,unspecified,neutral,3,satisfaction,4,0.0307,0.5765,0.0513,0.3415
1046_IEO_SAD_HI,1046,high,sadness,2,satisfaction,4,0.0065,0.4223,0.2903,0.2809
1046_IEO_SAD_LO,1046,low,sadness,2,sadness,2,0.001,0.1839,0.6595,0.1556
1046_IEO_SAD_MD,1046,medium,sadness,2,neutral,3,0.0034,0.1233,0.3607,0.5125
1046_IOM_ANG_XX,1046,unspecified,anger,0,anger,0,0.5297,0.234,0.0608,0.1755
1046_IOM_DIS_XX,1046,unspecified,anger,0,neutral,3,0.1206,0.2545,0.1431,0.4817
1046_IOM_HAP_XX,1046,unspecified,satisfaction,4,neutral,3,0.2117,0.2406,0.0749,0.4728
1046_IOM_NEU_XX,1046,unspecified,neutral,3,neutral,3,0.1654,0.0521,0.0342,0.7482
1046_IOM_SAD_XX,1046,unspecified,sadness,2,neutral,3,0.0367,0.3022,0.0838,0.5773
1046_ITH_ANG_XX,1046,unspecified,anger,0,satisfaction,4,0.1139,0.5821,0.0469,0.2572
1046_ITH_DIS_XX,1046,unspecified,anger,0,satisfaction,4,0.0057,0.6956,0.1543,0.1444
1046_ITH_HAP_XX,1046,unspecified,satisfaction,4,satisfaction,4,0.0723,0.772,0.0262,0.1295
1046_ITH_NEU_XX,1046,unspecified,neutral,3,neutral,3,0.0109,0.1522,0.022,0.815
1046_ITH_SAD_XX,1046,unspecified,sadness,2,neutral,3,0.0014,0.1536,0.1929,0.652
1046_ITS_ANG_XX,1046,unspecified,anger,0,anger,0,0.5302,0.3543,0.0613,0.0542
1046_ITS_DIS_XX,1046,unspecified,anger,0,sadness,2,0.0008,0.3568,0.4607,0.1818
1046_ITS_HAP_XX,1046,unspecified,satisfaction,4,satisfaction,4,0.1204,0.8391,0.0166,0.0238
1046_ITS_NEU_XX,1046,unspecified,neutral,3,satisfaction,4,0.0247,0.4788,0.115,0.3814
1046_ITS_SAD_XX,1046,unspecified,sadness,2,sadness,2,0.0069,0.2974,0.3554,0.3403
1046_IWL_ANG_XX,1046,unspecified,anger,0,anger,0,0.6647,0.2958,0.0203,0.0192
1046_IWL_DIS_XX,1046,unspecified,anger,0,satisfaction,4,0.0092,0.5645,0.1697,0.2567
1046_IWL_HAP_XX,1046,unspecified,satisfaction,4,neutral,3,0.2194,0.3173,0.0441,0.4192
1046_IWL_NEU_XX,1046,unspecified,neutral,3,neutral,3,0.0951,0.2461,0.0672,0.5916
1046_IWL_SAD_XX,1046,unspecified,sadness,2,neutral,3,0.0064,0.3808,0.1453,0.4675
1046_IWW_ANG_XX,1046,unspecified,anger,0,anger,0,0.7449,0.0779,0.0236,0.1536
1046_IWW_DIS_XX,1046,unspecified,anger,0,neutral,3,0.1699,0.2814,0.1081,0.4407
1046_IWW_HAP_XX,1046,unspecified,satisfaction,4,neutral,3,0.2301,0.2775,0.1698,0.3226
1046_IWW_NEU_XX,1046,unspecified,neutral,3,neutral,3,0.1151,0.214,0.0427,0.6282
1046_IWW_SAD_XX,1046,unspecified,sadness,2,neutral,3,0.0173,0.1742,0.1281,0.6804
1046_MTI_ANG_XX,1046,unspecified,anger,0,anger,0,0.5087,0.1213,0.2308,0.1393
1046_MTI_DIS_XX,1046,unspecified,anger,0,sadness,2,0.0115,0.056,0.8139,0.1186
1046_MTI_HAP_XX,1046,unspecified,satisfaction,4,sadness,2,0.3631,0.0501,0.5169,0.0698
1046_MTI_NEU_XX,1046,unspecified,neutral,3,sadness,2,0.1248,0.0351,0.544,0.2961
1046_MTI_SAD_XX,1046,unspecified,sadness,2,sadness,2,0.0111,0.0859,0.7037,0.1993
1046_TAI_ANG_XX,1046,unspecified,anger,0,anger,0,0.8495,0.0744,0.0503,0.0257
1046_TAI_DIS_XX,1046,unspecified,anger,0,sadness,2,0.0074,0.3657,0.4299,0.197
1046_TAI_HAP_XX,1046,unspecified,satisfaction,4,satisfaction,4,0.0335,0.4344,0.4305,0.1016
1046_TAI_NEU_XX,1046,unspecified,neutral,3,satisfaction,4,0.0184,0.4884,0.2919,0.2014
1046_TAI_SAD_XX,1046,unspecified,sadness,2,satisfaction,4,0.0082,0.5244,0.3199,0.1476
1046_TIE_ANG_XX,1046,unspecified,anger,0,anger,0,0.9874,0.0024,0.0009,0.0093
1046_TIE_DIS_XX,1046,unspecified,anger,0,satisfaction,4,0.4272,0.4454,0.0483,0.0791
1046_TIE_HAP_XX,1046,unspecified,satisfaction,4,satisfaction,4,0.2795,0.5261,0.0916,0.1029
1046_TIE_NEU_XX,1046,unspecified,neutral,3,neutral,3,0.2608,0.173,0.2166,0.3496
1046_TIE_SAD_XX,1046,unspecified,sadness,2,sadness,2,0.0494,0.2199,0.3679,0.3628
1046_TSI_ANG_XX,1046,unspecified,anger,0,anger,0,0.7684,0.2061,0.0013,0.0242
1046_TSI_DIS_XX,1046,unspecified,anger,0,satisfaction,4,0.0048,0.6074,0.18,0.2078
1046_TSI_HAP_XX,1046,unspecified,satisfaction,4,satisfaction,4,0.1904,0.7402,0.0036,0.0657
1046_TSI_NEU_XX,1046,unspecified,neutral,3,satisfaction,4,0.0119,0.6234,0.1464,0.2183
1046_TSI_SAD_XX,1046,unspecified,sadness,2,sadness,2,0.0008,0.3218,0.4255,0.2519
1046_WSI_ANG_XX,1046,unspecified,anger,0,anger,0,0.6883,0.1481,0.1213,0.0423
1046_WSI_DIS_XX,1046,unspecified,anger,0,neutral,3,0.0113,0.2861,0.2203,0.4823
1046_WSI_HAP_XX,1046,unspecified,satisfaction,4,satisfaction,4,0.1611,0.3557,0.223,0.2602
1046_WSI_NEU_XX,1046,unspecified,neutral,3,neutral,3,0.0245,0.296,0.212,0.4675
1046_WSI_SAD_XX,1046,unspecified,sadness,2,sadness,2,0.005,0.1351,0.6371,0.2227
1047_DFA_ANG_XX,1047,unspecified,anger,0,anger,0,0.9998,0.0002,0.0,0.0
1047_DFA_DIS_XX,1047,unspecified,anger,0,neutral,3,0.1364,0.1468,0.1002,0.6166
1047_DFA_HAP_XX,1047,unspecified,satisfaction,4,anger,0,0.7907,0.1943,0.0026,0.0124
1047_DFA_NEU_XX,1047,unspecified,neutral,3,neutral,3,0.2895,0.1763,0.1742,0.3601
1047_DFA_SAD_XX,1047,unspecified,sadness,2,sadness,2,0.0036,0.067,0.7777,0.1517
1047_IEO_ANG_HI,1047,high,anger,0,anger,0,0.9964,0.0036,0.0,0.0
1047_IEO_ANG_LO,1047,low,anger,0,anger,0,0.7077,0.2594,0.0237,0.0093
1047_IEO_ANG_MD,1047,medium,anger,0,satisfaction,4,0.1009,0.6465,0.031,0.2216
1047_IEO_DIS_HI,1047,high,anger,0,satisfaction,4,0.0096,0.451,0.2693,0.2701
1047_IEO_DIS_LO,1047,low,anger,0,satisfaction,4,0.0097,0.5893,0.2761,0.1249
1047_IEO_DIS_MD,1047,medium,anger,0,satisfaction,4,0.0131,0.5314,0.3349,0.1206
1047_IEO_HAP_HI,1047,high,satisfaction,4,anger,0,0.9507,0.0405,0.0012,0.0075
1047_IEO_HAP_LO,1047,low,satisfaction,4,satisfaction,4,0.282,0.5745,0.0182,0.1254
1047_IEO_HAP_MD,1047,medium,satisfaction,4,satisfaction,4,0.0442,0.8959,0.0198,0.0401
1047_IEO_NEU_XX,1047,unspecified,neutral,3,satisfaction,4,0.0404,0.395,0.1899,0.3747
1047_IEO_SAD_HI,1047,high,sadness,2,neutral,3,0.0057,0.2626,0.3206,0.4111
1047_IEO_SAD_LO,1047,low,sadness,2,sadness,2,0.0009,0.1374,0.6062,0.2554
1047_IEO_SAD_MD,1047,medium,sadness,2,sadness,2,0.0028,0.1686,0.5989,0.2298
1047_IOM_ANG_XX,1047,unspecified,anger,0,anger,0,0.9849,0.0133,0.0009,0.001
1047_IOM_DIS_XX,1047,unspecified,anger,0,satisfaction,4,0.0658,0.3504,0.3327,0.2511
1047_IOM_HAP_XX,1047,unspecified,satisfaction,4,anger,0,0.5699,0.353,0.008,0.0692
1047_IOM_NEU_XX,1047,unspecified,neutral,3,satisfaction,4,0.0597,0.3539,0.3059,0.2805
1047_IOM_SAD_XX,1047,unspecified,sadness,2,neutral,3,0.0046,0.2646,0.1564,0.5744
1047_ITH_ANG_XX,1047,unspecified,anger,0,anger,0,0.9168,0.0553,0.0197,0.0082
1047_ITH_DIS_XX,1047,unspecified,anger,0,sadness,2,0.0467,0.2388,0.5621,0.1524
1047_ITH_HAP_XX,1047,unspecified,satisfaction,4,anger,0,0.8884,0.0984,0.0023,0.0108
1047_ITH_NEU_XX,1047,unspecified,neutral,3,neutral,3,0.0422,0.2921,0.201,0.4647
1047_ITH_SAD_XX,1047,unspecified,sadness,2,satisfaction,4,0.0021,0.425,0.3732,0.1998
1047_ITS_ANG_XX,1047,unspecified,anger,0,anger,0,0.8339,0.0996,0.0532,0.0133
1047_ITS_DIS_XX,1047,unspecified,anger,0,satisfaction,4,0.0305,0.473,0.4214,0.0751
1047_ITS_HAP_XX,1047,unspecified,satisfaction,4,satisfaction,4,0.0139,0.7001,0.2706,0.0154
1047_ITS_NEU_XX,1047,unspecified,neutral,3,sadness,2,0.0563,0.3623,0.4248,0.1567
1047_ITS_SAD_XX,1047,unspecified,sadness,2,sadness,2,0.0008,0.1966,0.7336,0.069
1047_IWL_ANG_XX,1047,unspecified,anger,0,anger,0,0.8565,0.0908,0.0077,0.045
1047_IWL_DIS_XX,1047,unspecified,anger,0,sadness,2,0.0085,0.3049,0.476,0.2106
1047_IWL_HAP_XX,1047,unspecified,satisfaction,4,anger,0,0.8007,0.1866,0.002,0.0107
1047_IWL_NEU_XX,1047,unspecified,neutral,3,satisfaction,4,0.1012,0.5224,0.1734,0.203
1047_IWL_SAD_XX,1047,unspecified,sadness,2,sadness,2,0.0027,0.2088,0.6141,0.1744
1047_IWW_ANG_XX,1047,unspecified,anger,0,anger,0,0.7324,0.0858,0.0291,0.1527
1047_IWW_DIS_XX,1047,unspecified,anger,0,sadness,2,0.0523,0.2519,0.4298,0.2661
1047_IWW_HAP_XX,1047,unspecified,satisfaction,4,satisfaction,4,0.0253,0.8701,0.0935,0.0111
1047_IWW_NEU_XX,1047,unspecified,neutral,3,neutral,3,0.0638,0.3078,0.1356,0.4928
1047_IWW_SAD_XX,1047,unspecified,sadness,2,neutral,3,0.0519,0.1472,0.2347,0.5662
1047_MTI_ANG_XX,1047,unspecified,anger,0,anger,0,0.9709,0.022,0.0044,0.0027
1047_MTI_DIS_XX,1047,unspecified,anger,0,sadness,2,0.263,0.0821,0.5647,0.0902
1047_MTI_HAP_XX,1047,unspecified,satisfaction,4,anger,0,0.461,0.4547,0.0704,0.014
1047_MTI_NEU_XX,1047,unspecified,neutral,3,sadness,2,0.1047,0.2826,0.365,0.2477
1047_MTI_SAD_XX,1047,unspecified,sadness,2,sadness,2,0.0761,0.1541,0.7356,0.0342
1047_TAI_ANG_XX,1047,unspecified,anger,0,anger,0,0.6498,0.3166,0.0292,0.0044
1047_TAI_DIS_XX,1047,unspecified,anger,0,sadness,2,0.0098,0.4138,0.5374,0.039
1047_TAI_HAP_XX,1047,unspecified,satisfaction,4,satisfaction,4,0.3313,0.5989,0.0401,0.0296
1047_TAI_NEU_XX,1047,unspecified,neutral,3,satisfaction,4,0.0122,0.5721,0.3612,0.0545
1047_TAI_SAD_XX,1047,unspecified,sadness,2,sadness,2,0.005,0.3968,0.4066,0.1916
1047_TIE_ANG_XX,1047,unspecified,anger,0,anger,0,0.9999,0.0001,0.0,0.0
1047_TIE_DIS_XX,1047,unspecified,anger,0,anger,0,0.5427,0.2278,0.1619,0.0676
1047_TIE_HAP_XX,1047,unspecified,satisfaction,4,anger,0,0.9997,0.0003,0.0,0.0
1047_TIE_NEU_XX,1047,unspecified,neutral,3,neutral,3,0.0266,0.0855,0.0943,0.7935
1047_TIE_SAD_XX,1047,unspecified,sadness,2,sadness,2,0.0169,0.122,0.4534,0.4078
1047_TSI_ANG_XX,1047,unspecified,anger,0,anger,0,0.749,0.249,0.0008,0.0012
1047_TSI_DIS_XX,1047,unspecified,anger,0,satisfaction,4,0.0942,0.7998,0.0393,0.0666
1047_TSI_HAP_XX,1047,unspecified,satisfaction,4,satisfaction,4,0.4104,0.5205,0.0104,0.0587
1047_TSI_NEU_XX,1047,unspecified,neutral,3,satisfaction,4,0.092,0.6175,0.0754,0.2152
1047_TSI_SAD_XX,1047,unspecified,sadness,2,sadness,2,0.0006,0.3526,0.5716,0.0752
1047_WSI_ANG_XX,1047,unspecified,anger,0,anger,0,0.9404,0.0505,0.0063,0.0027
1047_WSI_DIS_XX,1047,unspecified,anger,0,anger,0,0.3835,0.1637,0.334,0.1187
1047_WSI_HAP_XX,1047,unspecified,satisfaction,4,anger,0,0.8376,0.0826,0.0138,0.066
1047_WSI_NEU_XX,1047,unspecified,neutral,3,anger,0,0.6147,0.0805,0.0529,0.2519
1047_WSI_SAD_XX,1047,unspecified,sadness,2,sadness,2,0.0128,0.0572,0.8469,0.0831
1048_DFA_ANG_XX,1048,unspecified,anger,0,anger,0,0.9979,0.0016,0.0001,0.0004
1048_DFA_DIS_XX,1048,unspecified,anger,0,satisfaction,4,0.05,0.5873,0.3264,0.0363
1048_DFA_HAP_XX,1048,unspecified,satisfaction,4,anger,0,0.6477,0.3056,0.0096,0.037
1048_DFA_NEU_XX,1048,unspecified,neutral,3,neutral,3,0.3593,0.1488,0.1116,0.3804
1048_DFA_SAD_XX,1048,unspecified,sadness,2,neutral,3,0.1233,0.2473,0.0959,0.5335
1048_IEO_ANG_HI,1048,high,anger,0,anger,0,0.9324,0.067,0.0004,0.0002
1048_IEO_ANG_LO,1048,low,anger,0,anger,0,0.9513,0.0424,0.0038,0.0026
1048_IEO_ANG_MD,1048,medium,anger,0,anger,0,0.976,0.0228,0.0009,0.0003
1048_IEO_DIS_HI,1048,high,anger,0,anger,0,0.3501,0.2738,0.2106,0.1656
1048_IEO_DIS_LO,1048,low,anger,0,sadness,2,0.0143,0.2837,0.5078,0.1943
1048_IEO_DIS_MD,1048,medium,anger,0,satisfaction,4,0.1359,0.4292,0.3589,0.076
1048_IEO_HAP_HI,1048,high,satisfaction,4,satisfaction,4,0.3382,0.3902,0.2031,0.0685
1048_IEO_HAP_LO,1048,low,satisfaction,4,sadness,2,0.0117,0.4129,0.4133,0.1622
1048_IEO_HAP_MD,1048,medium,satisfaction,4,sadness,2,0.0038,0.3312,0.5594,0.1055
1048_IEO_NEU_XX,1048,unspecified,neutral,3,neutral,3,0.1071,0.3125,0.168,0.4124
1048_IEO_SAD_HI,1048,high,sadness,2,sadness,2,0.0001,0.0906,0.8605,0.0488
1048_IEO_SAD_LO,1048,low,sadness,2,sadness,2,0.0111,0.2663,0.5949,0.1276
1048_IEO_SAD_MD,1048,medium,sadness,2,sadness,2,0.0011,0.107,0.7125,0.1794
1048_IOM_ANG_XX,1048,unspecified,anger,0,anger,0,0.6699,0.2856,0.0335,0.0109
1048_IOM_DIS_XX,1048,unspecified,anger,0,satisfaction,4,0.3455,0.4867,0.1422,0.0256
1048_IOM_HAP_XX,1048,unspecified,satisfaction,4,anger,0,0.4031,0.3326,0.1285,0.1357
1048_IOM_NEU_XX,1048,unspecified,neutral,3,sadness,2,0.0383,0.1627,0.6782,0.1208
1048_IOM_SAD_XX,1048,unspecified,sadness,2,sadness,2,0.0002,0.1141,0.8285,0.0572
1048_ITH_ANG_XX,1048,unspecified,anger,0,anger,0,0.9366,0.056,0.0039,0.0035
1048_ITH_DIS_XX,1048,unspecified,anger,0,satisfaction,4,0.2543,0.491,0.1367,0.118
1048_ITH_HAP_XX,1048,unspecified,satisfaction,4,satisfaction,4,0.0196,0.5236,0.2924,0.1643
1048_ITH_NEU_XX,1048,unspecified,neutral,3,satisfaction,4,0.029,0.4862,0.2914,0.1934
1048_ITH_SAD_XX,1048,unspecified,sadness,2,sadness,2,0.0007,0.237,0.5902,0.1722
1048_ITS_ANG_XX,1048,unspecified,anger,0,anger,0,0.7495,0.2343,0.0101,0.0061
1048_ITS_DIS_XX,1048,unspecified,anger,0,sadness,2,0.0096,0.367,0.4906,0.1329
1048_ITS_HAP_XX,1048,unspecified,satisfaction,4,anger,0,0.7997,0.1492,0.0078,0.0433
1048_ITS_NEU_XX,1048,unspecified,neutral,3,satisfaction,4,0.0329,0.4927,0.3253,0.1491
1048_ITS_SAD_XX,1048,unspecified,sadness,2,sadness,2,0.002,0.4068,0.4374,0.1538
1048_IWL_ANG_XX,1048,unspecified,anger,0,anger,0,0.7066,0.2798,0.0042,0.0094
1048_IWL_DIS_XX,1048,unspecified,anger,0,satisfaction,4,0.0221,0.7991,0.1339,0.0449
1048_IWL_HAP_XX,1048,unspecified,satisfaction,4,satisfaction,4,0.2612,0.4967,0.0998,0.1424
1048_IWL_NEU_XX,1048,unspecified,neutral,3,satisfaction,4,0.0042,0.4791,0.4471,0.0696
1048_IWL_SAD_XX,1048,unspecified,sadness,2,sadness,2,0.0079,0.1466,0.5538,0.2917
1048_IWW_ANG_XX,1048,unspecified,anger,0,anger,0,0.9271,0.0624,0.0049,0.0056
1048_IWW_DIS_XX,1048,unspecified,anger,0,anger,0,0.3764,0.3569,0.1845,0.0822
1048_IWW_HAP_XX,1048,unspecified,satisfaction,4,neutral,3,0.112,0.3538,0.0581,0.4762
1048_IWW_NEU_XX,1048,unspecified,neutral,3,neutral,3,0.0189,0.1653,0.3483,0.4675
1048_IWW_SAD_XX,1048,unspecified,sadness,2,sadness,2,0.0002,0.0619,0.791,0.1469
1048_MTI_ANG_XX,1048,unspecified,anger,0,anger,0,0.9664,0.0181,0.0086,0.007
1048_MTI_DIS_XX,1048,unspecified,anger,0,sadness,2,0.0418,0.0909,0.7622,0.1051
1048_MTI_HAP_XX,1048,unspecified,satisfaction,4,sadness,2,0.0437,0.0312,0.7424,0.1828
1048_MTI_NEU_XX,1048,unspecified,neutral,3,anger,0,0.4235,0.1342,0.3176,0.1247
1048_MTI_SAD_XX,1048,unspecified,sadness,2,sadness,2,0.0004,0.0099,0.8617,0.128
1048_TAI_ANG_XX,1048,unspecified,anger,0,satisfaction,4,0.327,0.4891,0.1499,0.034
1048_TAI_DIS_XX,1048,unspecified,anger,0,sadness,2,0.0062,0.2354,0.7432,0.0152
1048_TAI_HAP_XX,1048,unspecified,satisfaction,4,satisfaction,4,0.1154,0.6791,0.0837,0.1217
1048_TAI_NEU_XX,1048,unspecified,neutral,3,satisfaction,4,0.016,0.5011,0.2926,0.1903
1048_TAI_SAD_XX,1048,unspecified,sadness,2,sadness,2,0.001,0.228,0.7161,0.0549
1048_TIE_ANG_XX,1048,unspecified,anger,0,anger,0,0.8374,0.0874,0.0574,0.0178
1048_TIE_DIS_XX,1048,unspecified,anger,0,sadness,2,0.0312,0.356,0.5218,0.0909
1048_TIE_HAP_XX,1048,unspecified,satisfaction,4,satisfaction,4,0.0657,0.4713,0.3264,0.1367
1048_TIE_NEU_XX,1048,unspecified,neutral,3,sadness,2,0.0525,0.3041,0.4922,0.1513
1048_TIE_SAD_XX,1048,unspecified,sadness,2,sadness,2,0.0062,0.1336,0.6922,0.168
1048_TSI_ANG_XX,1048,unspecified,anger,0,anger,0,0.9294,0.068,0.0004,0.0022
1048_TSI_DIS_XX,1048,unspecified,anger,0,sadness,2,0.001,0.3582,0.5849,0.0559
1048_TSI_HAP_XX,1048,unspecified,satisfaction,4,satisfaction,4,0.0283,0.6898,0.1134,0.1686
1048_TSI_NEU_XX,1048,unspecified,neutral,3,sadness,2,0.0101,0.2522,0.39,0.3477
1048_TSI_SAD_XX,1048,unspecified,sadness,2,sadness,2,0.0003,0.0875,0.5742,0.3379
1048_WSI_ANG_XX,1048,unspecified,anger,0,anger,0,0.9564,0.0161,0.0238,0.0038
1048_WSI_DIS_XX,1048,unspecified,anger,0,sadness,2,0.0089,0.0862,0.837,0.068
1048_WSI_HAP_XX,1048,unspecified,satisfaction,4,sadness,2,0.2879,0.0373,0.4217,0.2532
1048_WSI_NEU_XX,1048,unspecified,neutral,3,sadness,2,0.036,0.0403,0.7409,0.1828
1048_WSI_SAD_XX,1048,unspecified,sadness,2,sadness,2,0.0004,0.0209,0.9107,0.0681
1049_DFA_ANG_XX,1049,unspecified,anger,0,anger,0,0.9583,0.0342,0.0062,0.0013
1049_DFA_DIS_XX,1049,unspecified,anger,0,satisfaction,4,0.0465,0.7184,0.1702,0.0649
1049_DFA_HAP_XX,1049,unspecified,satisfaction,4,satisfaction,4,0.0669,0.8805,0.0289,0.0237
1049_DFA_NEU_XX,1049,unspecified,neutral,3,anger,0,0.5184,0.3592,0.0113,0.111
1049_DFA_SAD_XX,1049,unspecified,sadness,2,satisfaction,4,0.1351,0.4289,0.251,0.185
1049_IEO_ANG_HI,1049,high,anger,0,anger,0,0.8305,0.1664,0.003,0.0002
1049_IEO_ANG_LO,1049,low,anger,0,anger,0,0.7154,0.247,0.0143,0.0234
1049_IEO_ANG_MD,1049,medium,anger,0,anger,0,0.734,0.2645,0.0006,0.0008
1049_IEO_DIS_HI,1049,high,anger,0,satisfaction,4,0.1023,0.6836,0.0733,0.1409
1049_IEO_DIS_LO,1049,low,anger,0,satisfaction,4,0.0114,0.7728,0.122,0.0938
1049_IEO_DIS_MD,1049,medium,anger,0,satisfaction,4,0.0161,0.912,0.062,0.0098
1049_IEO_HAP_HI,1049,high,satisfaction,4,satisfaction,4,0.3694,0.6232,0.0037,0.0037
1049_IEO_HAP_LO,1049,low,satisfaction,4,satisfaction,4,0.1862,0.6407,0.1306,0.0425
1049_IEO_HAP_MD,1049,medium,satisfaction,4,satisfaction,4,0.0183,0.9628,0.0138,0.0051
1049_IEO_NEU_XX,1049,unspecified,neutral,3,satisfaction,4,0.0342,0.8194,0.0799,0.0665
1049_IEO_SAD_HI,1049,high,sadness,2,satisfaction,4,0.0021,0.4975,0.4158,0.0846
1049_IEO_SAD_LO,1049,low,sadness,2,sadness,2,0.0008,0.3542,0.4939,0.1511
1049_IEO_SAD_MD,1049,medium,sadness,2,sadness,2,0.0035,0.2523,0.4189,0.3253
1049_IOM_ANG_XX,1049,unspecified,anger,0,sadness,2,0.2939,0.3124,0.3891,0.0046
1049_IOM_DIS_XX,1049,unspecified,anger,0,sadness,2,0.1821,0.3366,0.3746,0.1066
1049_IOM_HAP_XX,1049,unspecified,satisfaction,4,satisfaction,4,0.063,0.8493,0.077,0.0107
1049_IOM_NEU_XX,1049,unspecified,neutral,3,satisfaction,4,0.3002,0.3562,0.2065,0.1371
1049_IOM_SAD_XX,1049,unspecified,sadness,2,neutral,3,0.0477,0.2764,0.2847,0.3912
1049_ITH_ANG_XX,1049,unspecified,anger,0,anger,0,0.8514,0.1404,0.0058,0.0024
1049_ITH_DIS_XX,1049,unspecified,anger,0,sadness,2,0.0047,0.4758,0.5057,0.0137
1049_ITH_HAP_XX,1049,unspecified,satisfaction,4,satisfaction,4,0.3217,0.6198,0.0392,0.0193
1049_ITH_NEU_XX,1049,unspecified,neutral,3,anger,0,0.4469,0.2669,0.0488,0.2373
1049_ITH_SAD_XX,1049,unspecified,sadness,2,sadness,2,0.0182,0.2278,0.6744,0.0796
1049_ITS_ANG_XX,1049,unspecified,anger,0,anger,0,0.8392,0.134,0.0127,0.0141
1049_ITS_DIS_XX,1049,unspecified,anger,0,satisfaction,4,0.0027,0.5932,0.3778,0.0263
1049_ITS_HAP_XX,1049,unspecified,satisfaction,4,satisfaction,4,0.0865,0.8093,0.1036,0.0007
1049_ITS_NEU_XX,1049,unspecified,neutral,3,anger,0,0.3584,0.3041,0.0569,0.2806
1049_ITS_SAD_XX,1049,unspecified,sadness,2,sadness,2,0.0032,0.15,0.8272,0.0196
1049_IWL_ANG_XX,1049,unspecified,anger,0,satisfaction,4,0.3513,0.5089,0.1172,0.0226
1049_IWL_DIS_XX,1049,unspecified,anger,0,satisfaction,4,0.3719,0.5536,0.0463,0.0283
1049_IWL_HAP_XX,1049,unspecified,satisfaction,4,satisfaction,4,0.0683,0.916,0.0036,0.0121
1049_IWL_NEU_XX,1049,unspecified,neutral,3,satisfaction,4,0.0484,0.7135,0.06,0.1781
1049_IWL_SAD_XX,1049,unspecified,sadness,2,satisfaction,4,0.0066,0.5729,0.2911,0.1294
1049_IWW_ANG_XX,1049,unspecified,anger,0,anger,0,0.9244,0.0691,0.0039,0.0026
1049_IWW_DIS_XX,1049,unspecified,anger,0,satisfaction,4,0.0412,0.8355,0.0899,0.0334
1049_IWW_HAP_XX,1049,unspecified,satisfaction,4,satisfaction,4,0.004,0.9567,0.0379,0.0014
1049_IWW_NEU_XX,1049,unspecified,neutral,3,satisfaction,4,0.074,0.4364,0.1135,0.3762
1049_IWW_SAD_XX,1049,unspecified,sadness,2,sadness,2,0.0083,0.0758,0.798,0.1179
1049_MTI_ANG_XX,1049,unspecified,anger,0,anger,0,0.9773,0.0205,0.0021,0.0001
1049_MTI_DIS_XX,1049,unspecified,anger,0,anger,0,0.7779,0.0915,0.1015,0.0291
1049_MTI_HAP_XX,1049,unspecified,satisfaction,4,satisfaction,4,0.0253,0.7668,0.2071,0.0008
1049_MTI_NEU_XX,1049,unspecified,neutral,3,anger,0,0.7471,0.1231,0.0689,0.0609
1049_MTI_SAD_XX,1049,unspecified,sadness,2,sadness,2,0.1769,0.1019,0.3649,0.3563
1049_TAI_ANG_XX,1049,unspecified,anger,0,anger,0,0.8329,0.1564,0.0096,0.0011
1049_TAI_DIS_XX,1049,unspecified,anger,0,satisfaction,4,0.1816,0.7989,0.0163,0.0031
1049_TAI_HAP_XX,1049,unspecified,satisfaction,4,satisfaction,4,0.1884,0.7893,0.0196,0.0027
1049_TAI_NEU_XX,1049,unspecified,neutral,3,satisfaction,4,0.1304,0.4121,0.1087,0.3488
1049_TAI_SAD_XX,1049,unspecified,sadness,2,sadness,2,0.0027,0.2631,0.6066,0.1276
1049_TIE_ANG_XX,1049,unspecified,anger,0,anger,0,0.995,0.0041,0.0006,0.0003
1049_TIE_DIS_XX,1049,unspecified,anger,0,sadness,2,0.1439,0.1928,0.4583,0.2049
1049_TIE_HAP_XX,1049,unspecified,satisfaction,4,satisfaction,4,0.4284,0.4545,0.1148,0.0023
1049_TIE_NEU_XX,1049,unspecified,neutral,3,neutral,3,0.3175,0.1961,0.0666,0.4197
1049_TIE_SAD_XX,1049,unspecified,sadness,2,sadness,2,0.0154,0.1208,0.498,0.3658
1049_TSI_ANG_XX,1049,unspecified,anger,0,anger,0,0.7641,0.2322,0.0003,0.0034
1049_TSI_DIS_XX,1049,unspecified,anger,0,satisfaction,4,0.0646,0.7696,0.0612,0.1046
1049_TSI_HAP_XX,1049,unspecified,satisfaction,4,satisfaction,4,0.2324,0.7636,0.0017,0.0023
1049_TSI_NEU_XX,1049,unspecified,neutral,3,satisfaction,4,0.0198,0.7881,0.0502,0.1419
1049_TSI_SAD_XX,1049,unspecified,sadness,2,satisfaction,4,0.0014,0.5796,0.3324,0.0866
1049_WSI_ANG_XX,1049,unspecified,anger,0,anger,0,0.9694,0.0219,0.0044,0.0043
1049_WSI_DIS_XX,1049,unspecified,anger,0,satisfaction,4,0.018,0.6296,0.2978,0.0546
1049_WSI_HAP_XX,1049,unspecified,satisfaction,4,anger,0,0.5122,0.4447,0.0283,0.0148
1049_WSI_NEU_XX,1049,unspecified,neutral,3,anger,0,0.3276,0.2844,0.1383,0.2497
1049_WSI_SAD_XX,1049,unspecified,sadness,2,sadness,2,0.0051,0.0946,0.7105,0.1898
1050_DFA_ANG_XX,1050,unspecified,anger,0,anger,0,0.9978,0.0021,0.0,0.0001
1050_DFA_DIS_XX,1050,unspecified,anger,0,satisfaction,4,0.0095,0.6112,0.325,0.0543
1050_DFA_HAP_XX,1050,unspecified,satisfaction,4,anger,0,0.6963,0.2731,0.0147,0.016
1050_DFA_NEU_XX,1050,unspecified,neutral,3,anger,0,0.6362,0.1605,0.0644,0.1389
1050_DFA_SAD_XX,1050,unspecified,sadness,2,sadness,2,0.0029,0.1373,0.6597,0.2001
1050_IEO_ANG_HI,1050,high,anger,0,anger,0,0.8553,0.1438,0.0003,0.0006
1050_IEO_ANG_LO,1050,low,anger,0,anger,0,0.9155,0.0829,0.0001,0.0016
1050_IEO_ANG_MD,1050,medium,anger,0,anger,0,0.9639,0.0358,0.0,0.0002
1050_IEO_DIS_HI,1050,high,anger,0,sadness,2,0.0022,0.2662,0.6238,0.1077
1050_IEO_DIS_LO,1050,low,anger,0,sadness,2,0.0019,0.4714,0.5117,0.015
1050_IEO_DIS_MD,1050,medium,anger,0,satisfaction,4,0.0481,0.6075,0.3062,0.0383
1050_IEO_HAP_HI,1050,high,satisfaction,4,anger,0,0.8159,0.1775,0.0043,0.0023
1050_IEO_HAP_LO,1050,low,satisfaction,4,satisfaction,4,0.0322,0.3926,0.2796,0.2956
1050_IEO_HAP_MD,1050,medium,satisfaction,4,satisfaction,4,0.1918,0.7699,0.0271,0.0113
1050_IEO_NEU_XX,1050,unspecified,neutral,3,neutral,3,0.0134,0.3423,0.2403,0.404
1050_IEO_SAD_HI,1050,high,sadness,2,sadness,2,0.0008,0.0752,0.4777,0.4463
1050_IEO_SAD_LO,1050,low,sadness,2,neutral,3,0.0008,0.0767,0.4404,0.4822
1050_IEO_SAD_MD,1050,medium,sadness,2,sadness,2,0.0001,0.0911,0.6528,0.256
1050_IOM_ANG_XX,1050,unspecified,anger,0,anger,0,0.8998,0.0816,0.0169,0.0018
1050_IOM_DIS_XX,1050,unspecified,anger,0,satisfaction,4,0.1183,0.5664,0.2807,0.0346
1050_IOM_HAP_XX,1050,unspecified,satisfaction,4,neutral,3,0.1915,0.2351,0.1524,0.421
1050_IOM_NEU_XX,1050,unspecified,neutral,3,sadness,2,0.0081,0.2163,0.5301,0.2455
1050_IOM_SAD_XX,1050,unspecified,sadness,2,sadness,2,0.0004,0.0223,0.6623,0.315
1050_ITH_ANG_XX,1050,unspecified,anger,0,anger,0,0.9969,0.003,0.0,0.0001
1050_ITH_DIS_XX,1050,unspecified,anger,0,sadness,2,0.0028,0.3693,0.5896,0.0383
1050_ITH_HAP_XX,1050,unspecified,satisfaction,4,anger,0,0.7173,0.181,0.0127,0.089
1050_ITH_NEU_XX,1050,unspecified,neutral,3,anger,0,0.5966,0.0648,0.0165,0.3221
1050_ITH_SAD_XX,1050,unspecified,sadness,2,sadness,2,0.0001,0.0548,0.8831,0.062
1050_ITS_ANG_XX,1050,unspecified,anger,0,anger,0,0.9936,0.0063,0.0001,0.0
1050_ITS_DIS_XX,1050,unspecified,anger,0,satisfaction,4,0.0032,0.4868,0.4228,0.0872
1050_ITS_HAP_XX,1050,unspecified,satisfaction,4,satisfaction,4,0.1501,0.752,0.0718,0.0261
1050_ITS_NEU_XX,1050,unspecified,neutral,3,sadness,2,0.0162,0.3026,0.3458,0.3353
1050_ITS_SAD_XX,1050,unspecified,sadness,2,sadness,2,0.0002,0.2214,0.6949,0.0835
1050_IWL_ANG_XX,1050,unspecified,anger,0,anger,0,0.9755,0.0244,0.0,0.0
1050_IWL_DIS_XX,1050,unspecified,anger,0,anger,0,0.5038,0.4751,0.02,0.0011
1050_IWL_HAP_XX,1050,unspecified,satisfaction,4,satisfaction,4,0.2379,0.6636,0.0767,0.0217
1050_IWL_NEU_XX,1050,unspecified,neutral,3,satisfaction,4,0.1647,0.6457,0.114,0.0756
1050_IWL_SAD_XX,1050,unspecified,sadness,2,sadness,2,0.0041,0.3203,0.4782,0.1974
1050_IWW_ANG_XX,1050,unspecified,anger,0,anger,0,0.9705,0.0228,0.0041,0.0026
1050_IWW_DIS_XX,1050,unspecified,anger,0,satisfaction,4,0.1821,0.3699,0.278,0.17
1050_IWW_HAP_XX,1050,unspecified,satisfaction,4,satisfaction,4,0.1613,0.3406,0.3066,0.1915
1050_IWW_NEU_XX,1050,unspecified,neutral,3,anger,0,0.3078,0.2165,0.1861,0.2896
1050_IWW_SAD_XX,1050,unspecified,sadness,2,sadness,2,0.0003,0.052,0.8229,0.1248
1050_MTI_ANG_XX,1050,unspecified,anger,0,anger,0,0.9911,0.0088,0.0,0.0
1050_MTI_DIS_XX,1050,unspecified,anger,0,sadness,2,0.4091,0.1068,0.4351,0.049
1050_MTI_HAP_XX,1050,unspecified,satisfaction,4,neutral,3,0.2967,0.0853,0.1183,0.4998
1050_MTI_NEU_XX,1050,unspecified,neutral,3,sadness,2,0.3078,0.0564,0.3994,0.2363
1050_MTI_SAD_XX,1050,unspecified,sadness,2,sadness,2,0.006,0.0188,0.8526,0.1226
1050_TAI_ANG_XX,1050,unspecified,anger,0,anger,0,0.9685,0.0314,0.0001,0.0001
1050_TAI_DIS_XX,1050,unspecified,anger,0,satisfaction,4,0.1443,0.6144,0.2215,0.0197
1050_TAI_HAP_XX,1050,unspecified,satisfaction,4,anger,0,0.6676,0.2298,0.0651,0.0375
1050_TAI_NEU_XX,1050,unspecified,neutral,3,neutral,3,0.0809,0.2987,0.1867,0.4337
1050_TAI_SAD_XX,1050,unspecified,sadness,2,sadness,2,0.0022,0.0663,0.7857,0.1458
1050_TIE_ANG_XX,1050,unspecified,anger,0,anger,0,0.9966,0.0027,0.0,0.0006
1050_TIE_DIS_XX,1050,unspecified,anger,0,sadness,2,0.0057,0.2691,0.6422,0.083
1050_TIE_HAP_XX,1050,unspecified,satisfaction,4,sadness,2,0.0686,0.1814,0.3816,0.3684
1050_TIE_NEU_XX,1050,unspecified,neutral,3,satisfaction,4,0.2355,0.4004,0.3196,0.0445
1050_TIE_SAD_XX,1050,unspecified,sadness,2,sadness,2,0.0005,0.053,0.7668,0.1797
1050_TSI_ANG_XX,1050,unspecified,anger,0,anger,0,0.5584,0.4401,0.001,0.0005
1050_TSI_DIS_XX,1050,unspecified,anger,0,satisfaction,4,0.0053,0.8316,0.1059,0.0572
1050_TSI_HAP_XX,1050,unspecified,satisfaction,4,satisfaction,4,0.1251,0.8572,0.0124,0.0053
1050_TSI_NEU_XX,1050,unspecified,neutral,3,neutral,3,0.0166,0.2558,0.0887,0.6388
1050_TSI_SAD_XX,1050,unspecified,sadness,2,sadness,2,0.0001,0.1195,0.7685,0.1118
1050_WSI_ANG_XX,1050,unspecified,anger,0,anger,0,0.9947,0.0052,0.0,0.0001
1050_WSI_DIS_XX,1050,unspecified,anger,0,sadness,2,0.0136,0.1454,0.7468,0.0941
1050_WSI_HAP_XX,1050,unspecified,satisfaction,4,anger,0,0.6104,0.2075,0.1808,0.0013
1050_WSI_NEU_XX,1050,unspecified,neutral,3,sadness,2,0.1509,0.0708,0.5997,0.1786
1050_WSI_SAD_XX,1050,unspecified,sadness,2,sadness,2,0.0006,0.0282,0.9314,0.0398
1051_DFA_ANG_XX,1051,unspecified,anger,0,anger,0,0.8737,0.0962,0.0026,0.0275
1051_DFA_DIS_XX,1051,unspecified,anger,0,satisfaction,4,0.0167,0.4942,0.145,0.344
1051_DFA_HAP_XX,1051,unspecified,satisfaction,4,satisfaction,4,0.0297,0.7144,0.0151,0.2408
1051_DFA_NEU_XX,1051,unspecified,neutral,3,neutral,3,0.0009,0.1276,0.2775,0.594
1051_DFA_SAD_XX,1051,unspecified,sadness,2,neutral,3,0.0003,0.127,0.3463,0.5264
1051_IEO_ANG_HI,1051,high,anger,0,anger,0,0.9501,0.0488,0.0001,0.001
1051_IEO_ANG_LO,1051,low,anger,0,satisfaction,4,0.404,0.4062,0.0742,0.1155
1051_IEO_ANG_MD,1051,medium,anger,0,anger,0,0.7986,0.1536,0.0138,0.034
1051_IEO_DIS_HI,1051,high,anger,0,satisfaction,4,0.1915,0.6908,0.0368,0.0809
1051_IEO_DIS_LO,1051,low,anger,0,sadness,2,0.0028,0.3528,0.406,0.2384
1051_IEO_DIS_MD,1051,medium,anger,0,satisfaction,4,0.0026,0.4715,0.3256,0.2003
1051_IEO_HAP_HI,1051,high,satisfaction,4,anger,0,0.5712,0.4109,0.0022,0.0157
1051_IEO_HAP_LO,1051,low,satisfaction,4,satisfaction,4,0.0015,0.5168,0.1854,0.2964
1051_IEO_HAP_MD,1051,medium,satisfaction,4,neutral,3,0.0494,0.4247,0.0467,0.4792
1051_IEO_NEU_XX,1051,unspecified,neutral,3,neutral,3,0.0001,0.165,0.3973,0.4376
1051_IEO_SAD_HI,1051,high,sadness,2,sadness,2,0.003,0.3325,0.4817,0.1827
1051_IEO_SAD_LO,1051,low,sadness,2,sadness,2,0.0002,0.1107,0.6461,0.243
1051_IEO_SAD_MD,1051,medium,sadness,2,sadness,2,0.0001,0.2401,0.4295,0.3303
1051_IOM_ANG_XX,1051,unspecified,anger,0,anger,0,0.7404,0.1709,0.018,0.0707
1051_IOM_DIS_XX,1051,unspecified,anger,0,sadness,2,0.0078,0.112,0.8321,0.0482
1051_IOM_HAP_XX,1051,unspecified,satisfaction,4,satisfaction,4,0.0093,0.3756,0.3084,0.3066
1051_IOM_NEU_XX,1051,unspecified,neutral,3,sadness,2,0.0,0.0635,0.8085,0.128
1051_IOM_SAD_XX,1051,unspecified,sadness,2,sadness,2,0.0,0.0787,0.8606,0.0607
1051_ITH_ANG_XX,1051,unspecified,anger,0,anger,0,0.5011,0.1807,0.0706,0.2476
1051_ITH_DIS_XX,1051,unspecified,anger,0,satisfaction,4,0.005,0.5397,0.3029,0.1525
1051_ITH_HAP_XX,1051,unspecified,satisfaction,4,satisfaction,4,0.2411,0.51,0.0261,0.2229
1051_ITH_NEU_XX,1051,unspecified,neutral,3,neutral,3,0.0007,0.0428,0.1917,0.7649
1051_ITH_SAD_XX,1051,unspecified,sadness,2,sadness,2,0.0,0.0131,0.9266,0.0603
1051_ITS_ANG_XX,1051,unspecified,anger,0,neutral,3,0.1524,0.2812,0.0591,0.5073
1051_ITS_DIS_XX,1051,unspecified,anger,0,satisfaction,4,0.0026,0.4649,0.413,0.1195
1051_ITS_HAP_XX,1051,unspecified,satisfaction,4,satisfaction,4,0.3586,0.5135,0.0133,0.1147
1051_ITS_NEU_XX,1051,unspecified,neutral,3,sadness,2,0.001,0.0968,0.4789,0.4233
1051_ITS_SAD_XX,1051,unspecified,sadness,2,sadness,2,0.0005,0.1221,0.5624,0.3151
1051_IWL_ANG_XX,1051,unspecified,anger,0,anger,0,0.8847,0.1006,0.0006,0.0141
1051_IWL_DIS_XX,1051,unspecified,anger,0,satisfaction,4,0.001,0.6582,0.1782,0.1626
1051_IWL_HAP_XX,1051,unspecified,satisfaction,4,anger,0,0.4421,0.3353,0.012,0.2106
1051_IWL_NEU_XX,1051,unspecified,neutral,3,satisfaction,4,0.0027,0.3554,0.3148,0.3271
1051_IWL_SAD_XX,1051,unspecified,sadness,2,sadness,2,0.0003,0.1984,0.5158,0.2855
1051_IWW_ANG_XX,1051,unspecified,anger,0,anger,0,0.6352,0.1233,0.0451,0.1964
1051_IWW_DIS_XX,1051,unspecified,anger,0,satisfaction,4,0.02,0.7338,0.2166,0.0295
1051_IWW_HAP_XX,1051,unspecified,satisfaction,4,anger,0,0.5855,0.1743,0.1127,0.1275
1051_IWW_NEU_XX,1051,unspecified,neutral,3,sadness,2,0.003,0.0686,0.6193,0.309
1051_IWW_SAD_XX,1051,unspecified,sadness,2,sadness,2,0.0,0.0329,0.8941,0.073
1051_MTI_ANG_XX,1051,unspecified,anger,0,anger,0,0.5899,0.2308,0.0379,0.1415
1051_MTI_DIS_XX,1051,unspecified,anger,0,sadness,2,0.0019,0.1696,0.642,0.1866
1051_MTI_HAP_XX,1051,unspecified,satisfaction,4,satisfaction,4,0.0243,0.7144,0.0411,0.2201
1051_MTI_NEU_XX,1051,unspecified,neutral,3,sadness,2,0.0005,0.0437,0.7238,0.2321
1051_MTI_SAD_XX,1051,unspecified,sadness,2,sadness,2,0.0001,0.035,0.8959,0.069
1051_TAI_ANG_XX,1051,unspecified,anger,0,anger,0,0.9552,0.0435,0.0003,0.001
1051_TAI_DIS_XX,1051,unspecified,anger,0,satisfaction,4,0.0168,0.8725,0.0695,0.0412
1051_TAI_HAP_XX,1051,unspecified,satisfaction,4,satisfaction,4,0.1655,0.758,0.0332,0.0433
1051_TAI_NEU_XX,1051,unspecified,neutral,3,neutral,3,0.0008,0.1541,0.3153,0.5298
1051_TAI_SAD_XX,1051,unspecified,sadness,2,sadness,2,0.0003,0.2308,0.6378,0.131
1051_TIE_ANG_XX,1051,unspecified,anger,0,anger,0,0.7547,0.1442,0.0336,0.0675
1051_TIE_DIS_XX,1051,unspecified,anger,0,anger,0,0.5423,0.3731,0.0369,0.0477
1051_TIE_HAP_XX,1051,unspecified,satisfaction,4,satisfaction,4,0.1554,0.3504,0.1688,0.3255
1051_TIE_NEU_XX,1051,unspecified,neutral,3,neutral,3,0.0005,0.0288,0.4036,0.5671
1051_TIE_SAD_XX,1051,unspecified,sadness,2,sadness,2,0.0,0.0494,0.8826,0.0679
1051_TSI_ANG_XX,1051,unspecified,anger,0,satisfaction,4,0.1468,0.8038,0.0035,0.0459
1051_TSI_DIS_XX,1051,unspecified,anger,0,satisfaction,4,0.0041,0.8197,0.0843,0.0919
1051_TSI_HAP_XX,1051,unspecified,satisfaction,4,satisfaction,4,0.1961,0.5957,0.0076,0.2006
1051_TSI_NEU_XX,1051,unspecified,neutral,3,neutral,3,0.0008,0.3261,0.2928,0.3804
1051_TSI_SAD_XX,1051,unspecified,sadness,2,sadness,2,0.0003,0.2979,0.4322,0.2696
1051_WSI_ANG_XX,1051,unspecified,anger,0,anger,0,0.81,0.1159,0.0317,0.0425
1051_WSI_DIS_XX,1051,unspecified,anger,0,satisfaction,4,0.0189,0.4372,0.4082,0.1357
1051_WSI_HAP_XX,1051,unspecified,satisfaction,4,satisfaction,4,0.2467,0.5822,0.0831,0.088
1051_WSI_NEU_XX,1051,unspecified,neutral,3,sadness,2,0.0022,0.0333,0.6764,0.2882
1051_WSI_SAD_XX,1051,unspecified,sadness,2,sadness,2,0.0,0.0241,0.9006,0.0753
1052_DFA_ANG_XX,1052,unspecified,anger,0,anger,0,0.9999,0.0001,0.0,0.0
1052_DFA_DIS_XX,1052,unspecified,anger,0,neutral,3,0.3413,0.1521,0.0316,0.475
1052_DFA_HAP_XX,1052,unspecified,satisfaction,4,anger,0,0.7643,0.2177,0.0009,0.0171
1052_DFA_NEU_XX,1052,unspecified,neutral,3,anger,0,0.4264,0.3464,0.034,0.1931
1052_DFA_SAD_XX,1052,unspecified,sadness,2,neutral,3,0.3162,0.1005,0.0999,0.4834
1052_IEO_ANG_HI,1052,high,anger,0,anger,0,0.9707,0.029,0.0001,0.0002
1052_IEO_ANG_LO,1052,low,anger,0,anger,0,0.9143,0.0541,0.0021,0.0295
1052_IEO_ANG_MD,1052,medium,anger,0,anger,0,0.9126,0.0859,0.0011,0.0004
1052_IEO_DIS_HI,1052,high,anger,0,neutral,3,0.0192,0.2824,0.1324,0.566
1052_IEO_DIS_LO,1052,low,anger,0,satisfaction,4,0.0054,0.3875,0.3271,0.28
1052_IEO_DIS_MD,1052,medium,anger,0,satisfaction,4,0.0019,0.5824,0.2081,0.2077
1052_IEO_HAP_HI,1052,high,satisfaction,4,satisfaction,4,0.0907,0.9007,0.0053,0.0033
1052_IEO_HAP_LO,1052,low,satisfaction,4,satisfaction,4,0.0468,0.752,0.0336,0.1676
1052_IEO_HAP_MD,1052,medium,satisfaction,4,satisfaction,4,0.0024,0.9107,0.033,0.0539
1052_IEO_NEU_XX,1052,unspecified,neutral,3,satisfaction,4,0.0092,0.6182,0.1709,0.2017
1052_IEO_SAD_HI,1052,high,sadness,2,satisfaction,4,0.0058,0.5023,0.3077,0.1842
1052_IEO_SAD_LO,1052,low,sadness,2,satisfaction,4,0.0015,0.4269,0.3884,0.1832
1052_IEO_SAD_MD,1052,medium,sadness,2,sadness,2,0.0048,0.2481,0.4843,0.2627
1052_IOM_ANG_XX,1052,unspecified,anger,0,anger,0,0.9851,0.0138,0.0005,0.0006
1052_IOM_DIS_XX,1052,unspecified,anger,0,neutral,3,0.0586,0.3238,0.252,0.3655
1052_IOM_HAP_XX,1052,unspecified,satisfaction,4,satisfaction,4,0.0038,0.7833,0.2049,0.008
1052_IOM_NEU_XX,1052,unspecified,neutral,3,sadness,2,0.0038,0.3066,0.4203,0.2694
1052_IOM_SAD_XX,1052,unspecified,sadness,2,satisfaction,4,0.0387,0.4151,0.2971,0.2492
1052_ITH_ANG_XX,1052,unspecified,anger,0,anger,0,0.9956,0.0032,0.0,0.0012
1052_ITH_DIS_XX,1052,unspecified,anger,0,satisfaction,4,0.0286,0.3989,0.2655,0.307
1052_ITH_HAP_XX,1052,unspecified,satisfaction,4,satisfaction,4,0.1746,0.5582,0.0511,0.2162
1052_ITH_NEU_XX,1052,unspecified,neutral,3,satisfaction,4,0.0442,0.3978,0.1948,0.3633
1052_ITH_SAD_XX,1052,unspecified,sadness,2,satisfaction,4,0.0403,0.5213,0.2052,0.2331
1052_ITS_ANG_XX,1052,unspecified,anger,0,anger,0,0.9947,0.0021,0.0003,0.0029
1052_ITS_DIS_XX,1052,unspecified,anger,0,sadness,2,0.037,0.3994,0.4746,0.0891
1052_ITS_HAP_XX,1052,unspecified,satisfaction,4,satisfaction,4,0.2065,0.7151,0.0597,0.0186
1052_ITS_NEU_XX,1052,unspecified,neutral,3,satisfaction,4,0.037,0.5159,0.1947,0.2524
1052_ITS_SAD_XX,1052,unspecified,sadness,2,sadness,2,0.0029,0.1746,0.7165,0.106
1052_IWL_ANG_XX,1052,unspecified,anger,0,anger,0,0.7799,0.209,0.0036,0.0076
1052_IWL_DIS_XX,1052,unspecified,anger,0,satisfaction,4,0.0134,0.6973,0.0369,0.2524
1052_IWL_HAP_XX,1052,unspecified,satisfaction,4,satisfaction,4,0.0092,0.9182,0.021,0.0516
1052_IWL_NEU_XX,1052,unspecified,neutral,3,satisfaction,4,0.0293,0.6131,0.074,0.2835
1052_IWL_SAD_XX,1052,unspecified,sadness,2,satisfaction,4,0.0116,0.7728,0.1367,0.0789
1052_IWW_ANG_XX,1052,unspecified,anger,0,anger,0,0.9936,0.0051,0.0002,0.0011
1052_IWW_DIS_XX,1052,unspecified,anger,0,sadness,2,0.0622,0.3169,0.3193,0.3016
1052_IWW_HAP_XX,1052,unspecified,satisfaction,4,satisfaction,4,0.0317,0.8762,0.0661,0.0259
1052_IWW_NEU_XX,1052,unspecified,neutral,3,sadness,2,0.0134,0.2917,0.5256,0.1693
1052_IWW_SAD_XX,1052,unspecified,sadness,2,satisfaction,4,0.0149,0.4444,0.4183,0.1224
1052_MTI_ANG_XX,1052,unspecified,anger,0,anger,0,0.9941,0.0057,0.0001,0.0001
1052_MTI_DIS_XX,1052,unspecified,anger,0,anger,0,0.6613,0.0788,0.2335,0.0265
1052_MTI_HAP_XX,1052,unspecified,satisfaction,4,satisfaction,4,0.2643,0.6029,0.07,0.0628
1052_MTI_NEU_XX,1052,unspecified,neutral,3,sadness,2,0.008,0.0842,0.7306,0.1771
1052_MTI_SAD_XX,1052,unspecified,sadness,2,sadness,2,0.0503,0.1814,0.723,0.0452
1052_TAI_ANG_XX,1052,unspecified,anger,0,anger,0,0.9965,0.0033,0.0001,0.0001
1052_TAI_DIS_XX,1052,unspecified,anger,0,satisfaction,4,0.1389,0.4982,0.296,0.0669
1052_TAI_HAP_XX,1052,unspecified,satisfaction,4,satisfaction,4,0.0183,0.8482,0.133,0.0005
1052_TAI_NEU_XX,1052,unspecified,neutral,3,satisfaction,4,0.0115,0.4226,0.3023,0.2636
1052_TAI_SAD_XX,1052,unspecified,sadness,2,sadness,2,0.0119,0.2588,0.6648,0.0645
1052_TIE_ANG_XX,1052,unspecified,anger,0,anger,0,0.9995,0.0005,0.0,0.0
1052_TIE_DIS_XX,1052,unspecified,anger,0,sadness,2,0.0074,0.1634,0.7795,0.0498
1052_TIE_HAP_XX,1052,unspecified,satisfaction,4,anger,0,0.9168,0.0598,0.0005,0.0229
1052_TIE_NEU_XX,1052,unspecified,neutral,3,neutral,3,0.054,0.209,0.2995,0.4375
1052_TIE_SAD_XX,1052,unspecified,sadness,2,sadness,2,0.0146,0.1376,0.6142,0.2337
1052_TSI_ANG_XX,1052,unspecified,anger,0,anger,0,0.9808,0.0189,0.0,0.0003
1052_TSI_DIS_XX,1052,unspecified,anger,0,satisfaction,4,0.0106,0.4855,0.1482,0.3557
1052_TSI_HAP_XX,1052,unspecified,satisfaction,4,satisfaction,4,0.1253,0.8675,0.0015,0.0058
1052_TSI_NEU_XX,1052,unspecified,neutral,3,satisfaction,4,0.0075,0.584,0.2196,0.1889
1052_TSI_SAD_XX,1052,unspecified,sadness,2,satisfaction,4,0.0012,0.4867,0.4097,0.1024
1052_WSI_ANG_XX,1052,unspecified,anger,0,anger,0,0.9944,0.0053,0.0001,0.0002
1052_WSI_DIS_XX,1052,unspecified,anger,0,neutral,3,0.0043,0.1764,0.3411,0.4782
1052_WSI_HAP_XX,1052,unspecified,satisfaction,4,satisfaction,4,0.0282,0.7181,0.2157,0.0381
1052_WSI_NEU_XX,1052,unspecified,neutral,3,sadness,2,0.0183,0.1108,0.476,0.3949
1052_WSI_SAD_XX,1052,unspecified,sadness,2,sadness,2,0.0016,0.0963,0.7247,0.1774
1053_DFA_ANG_XX,1053,unspecified,anger,0,anger,0,0.9975,0.0023,0.0,0.0001
1053_DFA_DIS_XX,1053,unspecified,anger,0,anger,0,0.7491,0.1927,0.003,0.0552
1053_DFA_HAP_XX,1053,unspecified,satisfaction,4,satisfaction,4,0.4599,0.5214,0.0162,0.0025
1053_DFA_NEU_XX,1053,unspecified,neutral,3,anger,0,0.8752,0.0694,0.0021,0.0533
1053_DFA_SAD_XX,1053,unspecified,sadness,2,anger,0,0.3442,0.2639,0.0691,0.3228
1053_IEO_ANG_HI,1053,high,anger,0,anger,0,0.939,0.0606,0.0,0.0004
1053_IEO_ANG_LO,1053,low,anger,0,neutral,3,0.1212,0.3466,0.0145,0.5178
1053_IEO_ANG_MD,1053,medium,anger,0,satisfaction,4,0.2396,0.5537,0.0735,0.1332
1053_IEO_DIS_HI,1053,high,anger,0,satisfaction,4,0.0097,0.7852,0.2,0.0051
1053_IEO_DIS_LO,1053,low,anger,0,sadness,2,0.0017,0.3512,0.5276,0.1195
1053_IEO_DIS_MD,1053,medium,anger,0,satisfaction,4,0.0021,0.768,0.2222,0.0076
1053_IEO_HAP_HI,1053,high,satisfaction,4,satisfaction,4,0.1436,0.8488,0.0071,0.0006
1053_IEO_HAP_LO,1053,low,satisfaction,4,satisfaction,4,0.0989,0.815,0.0232,0.063
1053_IEO_HAP_MD,1053,medium,satisfaction,4,satisfaction,4,0.2124,0.7761,0.0014,0.0101
1053_IEO_NEU_XX,1053,unspecified,neutral,3,satisfaction,4,0.0369,0.6674,0.0338,0.2619
1053_IEO_SAD_HI,1053,high,sadness,2,satisfaction,4,0.0052,0.5294,0.2979,0.1676
1053_IEO_SAD_LO,1053,low,sadness,2,sadness,2,0.0023,0.2196,0.3993,0.3787
1053_IEO_SAD_MD,1053,medium,sadness,2,sadness,2,0.0038,0.1762,0.4835,0.3365
1053_IOM_ANG_XX,1053,unspecified,anger,0,anger,0,0.9956,0.0036,0.0005,0.0003
1053_IOM_DIS_XX,1053,unspecified,anger,0,sadness,2,0.036,0.4298,0.4788,0.0554
1053_IOM_HAP_XX,1053,unspecified,satisfaction,4,satisfaction,4,0.11,0.7864,0.0108,0.0928
1053_IOM_NEU_XX,1053,unspecified,neutral,3,neutral,3,0.1237,0.1821,0.0185,0.6757
1053_IOM_SAD_XX,1053,unspecified,sadness,2,satisfaction,4,0.0057,0.3741,0.3336,0.2866
1053_ITH_ANG_XX,1053,unspecified,anger,0,anger,0,0.9919,0.007,0.0004,0.0007
1053_ITH_DIS_XX,1053,unspecified,anger,0,satisfaction,4,0.1861,0.372,0.1692,0.2726
1053_ITH_HAP_XX,1053,unspecified,satisfaction,4,satisfaction,4,0.3606,0.4203,0.202,0.017
1053_ITH_NEU_XX,1053,unspecified,neutral,3,anger,0,0.3759,0.2499,0.0648,0.3094
1053_ITH_SAD_XX,1053,unspecified,sadness,2,sadness,2,0.2167,0.119,0.4656,0.1988
1053_ITS_ANG_XX,1053,unspecified,anger,0,anger,0,0.9759,0.0229,0.0003,0.0009
1053_ITS_DIS_XX,1053,unspecified,anger,0,satisfaction,4,0.0769,0.4673,0.1642,0.2916
1053_ITS_HAP_XX,1053,unspecified,satisfaction,4,satisfaction,4,0.1661,0.8219,0.0097,0.0023
1053_ITS_NEU_XX,1053,unspecified,neutral,3,satisfaction,4,0.1513,0.397,0.0941,0.3575
1053_ITS_SAD_XX,1053,unspecified,sadness,2,sadness,2,0.0117,0.3595,0.4043,0.2245
1053_IWL_ANG_XX,1053,unspecified,anger,0,anger,0,0.9783,0.0212,0.0001,0.0004
1053_IWL_DIS_XX,1053,unspecified,anger,0,anger,0,0.7416,0.2513,0.0027,0.0044
1053_IWL_HAP_XX,1053,unspecified,satisfaction,4,anger,0,0.6102,0.3762,0.0007,0.0129
1053_IWL_NEU_XX,1053,unspecified,neutral,3,neutral,3,0.0569,0.3165,0.0229,0.6037
1053_IWL_SAD_XX,1053,unspecified,sadness,2,sadness,2,0.0292,0.2256,0.6037,0.1416
1053_IWW_ANG_XX,1053,unspecified,anger,0,anger,0,0.98,0.0139,0.0001,0.006
1053_IWW_DIS_XX,1053,unspecified,anger,0,neutral,3,0.2113,0.2324,0.2396,0.3168
1053_IWW_HAP_XX,1053,unspecified,satisfaction,4,satisfaction,4,0.3249,0.5629,0.0167,0.0956
1053_IWW_NEU_XX,1053,unspecified,neutral,3,neutral,3,0.0989,0.3089,0.0955,0.4966
1053_IWW_SAD_XX,1053,unspecified,sadness,2,sadness,2,0.0074,0.1409,0.7525,0.0991
1053_MTI_ANG_XX,1053,unspecified,anger,0,anger,0,0.9821,0.0116,0.004,0.0023
1053_MTI_DIS_XX,1053,unspecified,anger,0,sadness,2,0.1072,0.1611,0.7277,0.0039
1053_MTI_HAP_XX,1053,unspecified,satisfaction,4,anger,0,0.8142,0.0492,0.123,0.0136
1053_MTI_NEU_XX,1053,unspecified,neutral,3,neutral,3,0.2795,0.1446,0.2874,0.2885
1053_MTI_SAD_XX,1053,unspecified,sadness,2,sadness,2,0.0051,0.0168,0.8664,0.1118
1053_TAI_ANG_XX,1053,unspecified,anger,0,anger,0,0.9829,0.017,0.0001,0.0001
1053_TAI_DIS_XX,1053,unspecified,anger,0,anger,0,0.868,0.1201,0.005,0.0069
1053_TAI_HAP_XX,1053,unspecified,satisfaction,4,satisfaction,4,0.0408,0.9034,0.0538,0.002
1053_TAI_NEU_XX,1053,unspecified,neutral,3,satisfaction,4,0.2214,0.4803,0.0717,0.2267
1053_TAI_SAD_XX,1053,unspecified,sadness,2,sadness,2,0.0503,0.1556,0.7841,0.0101
1053_TIE_ANG_XX,1053,unspecified,anger,0,anger,0,0.9997,0.0002,0.0,0.0001
1053_TIE_DIS_XX,1053,unspecified,anger,0,neutral,3,0.3382,0.0797,0.1555,0.4266
1053_TIE_HAP_XX,1053,unspecified,satisfaction,4,satisfaction,4,0.4046,0.4855,0.0239,0.0861
1053_TIE_NEU_XX,1053,unspecified,neutral,3,neutral,3,0.3275,0.1567,0.0213,0.4944
1053_TIE_SAD_XX,1053,unspecified,sadness,2,sadness,2,0.0013,0.029,0.8904,0.0793
1053_TSI_ANG_XX,1053,unspecified,anger,0,anger,0,0.9649,0.0328,0.0001,0.0022
1053_TSI_DIS_XX,1053,unspecified,anger,0,satisfaction,4,0.175,0.7248,0.0316,0.0685
1053_TSI_HAP_XX,1053,unspecified,satisfaction,4,anger,0,0.8739,0.1099,0.0003,0.0159
1053_TSI_NEU_XX,1053,unspecified,neutral,3,anger,0,0.5971,0.2742,0.0021,0.1265
1053_TSI_SAD_XX,1053,unspecified,sadness,2,satisfaction,4,0.0263,0.7474,0.134,0.0923
1053_WSI_ANG_XX,1053,unspecified,anger,0,anger,0,0.9851,0.014,0.0006,0.0003
1053_WSI_DIS_XX,1053,unspecified,anger,0,anger,0,0.5119,0.2303,0.1694,0.0885
1053_WSI_HAP_XX,1053,unspecified,satisfaction,4,anger,0,0.8693,0.0685,0.0283,0.0339
1053_WSI_NEU_XX,1053,unspecified,neutral,3,anger,0,0.3407,0.1767,0.153,0.3296
1053_WSI_SAD_XX,1053,unspecified,sadness,2,sadness,2,0.0211,0.1021,0.682,0.1949
1054_DFA_ANG_XX,1054,unspecified,anger,0,anger,0,0.9894,0.0096,0.0002,0.0007
1054_DFA_DIS_XX,1054,unspecified,anger,0,anger,0,0.8926,0.0595,0.0014,0.0465
1054_DFA_HAP_XX,1054,unspecified,satisfaction,4,neutral,3,0.2246,0.0302,0.0025,0.7428
1054_DFA_NEU_XX,1054,unspecified,neutral,3,anger,0,0.6547,0.1093,0.0145,0.2215
1054_DFA_SAD_XX,1054,unspecified,sadness,2,sadness,2,0.0018,0.0466,0.7687,0.1829
1054_IEO_ANG_HI,1054,high,anger,0,satisfaction,4,0.4571,0.5218,0.0205,0.0006
1054_IEO_ANG_LO,1054,low,anger,0,anger,0,0.4949,0.4714,0.0131,0.0206
1054_IEO_ANG_MD,1054,medium,anger,0,satisfaction,4,0.2424,0.6744,0.021,0.0622
1054_IEO_DIS_HI,1054,high,anger,0,satisfaction,4,0.3189,0.5936,0.0566,0.0308
1054_IEO_DIS_LO,1054,low,anger,0,sadness,2,0.0017,0.3752,0.5419,0.0812
1054_IEO_DIS_MD,1054,medium,anger,0,satisfaction,4,0.0028,0.8907,0.055,0.0515
1054_IEO_HAP_HI,1054,high,satisfaction,4,satisfaction,4,0.0028,0.905,0.0877,0.0045
1054_IEO_HAP_LO,1054,low,satisfaction,4,satisfaction,4,0.017,0.4144,0.3989,0.1697
1054_IEO_HAP_MD,1054,medium,satisfaction,4,satisfaction,4,0.0015,0.7054,0.2573,0.0358
1054_IEO_NEU_XX,1054,unspecified,neutral,3,neutral,3,0.0018,0.1815,0.2956,0.5211
1054_IEO_SAD_HI,1054,high,sadness,2,sadness,2,0.0003,0.2564,0.7225,0.0209
1054_IEO_SAD_LO,1054,low,sadness,2,satisfaction,4,0.0005,0.3909,0.3877,0.2208
1054_IEO_SAD_MD,1054,medium,sadness,2,neutral,3,0.009,0.2569,0.072,0.6622
1054_IOM_ANG_XX,1054,unspecified,anger,0,anger,0,0.9163,0.0499,0.0263,0.0076
1054_IOM_DIS_XX,1054,unspecified,anger,0,satisfaction,4,0.0539,0.4441,0.4311,0.071
1054_IOM_HAP_XX,1054,unspecified,satisfaction,4,sadness,2,0.0256,0.3033,0.4822,0.1888
1054_IOM_NEU_XX,1054,unspecified,neutral,3,neutral,3,0.0031,0.1446,0.3414,0.5109
1054_IOM_SAD_XX,1054,unspecified,sadness,2,neutral,3,0.0094,0.0937,0.4048,0.4922
1054_ITH_ANG_XX,1054,unspecified,anger,0,anger,0,0.9737,0.0149,0.0058,0.0057
1054_ITH_DIS_XX,1054,unspecified,anger,0,sadness,2,0.0038,0.1506,0.6324,0.2132
1054_ITH_HAP_XX,1054,unspecified,satisfaction,4,neutral,3,0.1437,0.2461,0.0946,0.5155
1054_ITH_NEU_XX,1054,unspecified,neutral,3,neutral,3,0.0043,0.2793,0.3313,0.3851
1054_ITH_SAD_XX,1054,unspecified,sadness,2,sadness,2,0.0007,0.0272,0.8983,0.0738
1054_ITS_ANG_XX,1054,unspecified,anger,0,anger,0,0.8983,0.0791,0.0173,0.0053
1054_ITS_DIS_XX,1054,unspecified,anger,0,sadness,2,0.0199,0.3702,0.4486,0.1613
1054_ITS_HAP_XX,1054,unspecified,satisfaction,4,satisfaction,4,0.1601,0.6813,0.0408,0.1178
1054_ITS_NEU_XX,1054,unspecified,neutral,3,neutral,3,0.0171,0.2285,0.2061,0.5483
1054_ITS_SAD_XX,1054,unspecified,sadness,2,sadness,2,0.0042,0.1912,0.6652,0.1394
1054_IWL_ANG_XX,1054,unspecified,anger,0,anger,0,0.6606,0.2913,0.0119,0.0362
1054_IWL_DIS_XX,1054,unspecified,anger,0,satisfaction,4,0.0407,0.5901,0.0727,0.2966
1054_IWL_HAP_XX,1054,unspecified,satisfaction,4,satisfaction,4,0.0281,0.8062,0.0971,0.0687
1054_IWL_NEU_XX,1054,unspecified,neutral,3,sadness,2,0.0035,0.2784,0.4748,0.2432
1054_IWL_SAD_XX,1054,unspecified,sadness,2,sadness,2,0.0008,0.1572,0.4947,0.3473
1054_IWW_ANG_XX,1054,unspecified,anger,0,anger,0,0.9884,0.0075,0.0026,0.0015
1054_IWW_DIS_XX,1054,unspecified,anger,0,sadness,2,0.0144,0.2497,0.4728,0.2631
1054_IWW_HAP_XX,1054,unspecified,satisfaction,4,satisfaction,4,0.4068,0.4957,0.0536,0.0438
1054_IWW_NEU_XX,1054,unspecified,neutral,3,neutral,3,0.0322,0.1378,0.0933,0.7367
1054_IWW_SAD_XX,1054,unspecified,sadness,2,sadness,2,0.0023,0.0465,0.9299,0.0213
1054_MTI_ANG_XX,1054,unspecified,anger,0,anger,0,0.9289,0.0181,0.05,0.003
1054_MTI_DIS_XX,1054,unspecified,anger,0,sadness,2,0.0762,0.0437,0.831,0.0492
1054_MTI_HAP_XX,1054,unspecified,satisfaction,4,sadness,2,0.0947,0.1246,0.617,0.1638
1054_MTI_NEU_XX,1054,unspecified,neutral,3,neutral,3,0.2605,0.0386,0.3453,0.3556
1054_MTI_SAD_XX,1054,unspecified,sadness,2,sadness,2,0.0003,0.0176,0.9717,0.0104
1054_TAI_ANG_XX,1054,unspecified,anger,0,anger,0,0.9423,0.0466,0.0098,0.0013
1054_TAI_DIS_XX,1054,unspecified,anger,0,sadness,2,0.0187,0.2899,0.5876,0.1037
1054_TAI_HAP_XX,1054,unspecified,satisfaction,4,satisfaction,4,0.036,0.7451,0.1527,0.0662
1054_TAI_NEU_XX,1054,unspecified,neutral,3,sadness,2,0.0013,0.1595,0.733,0.1062
1054_TAI_SAD_XX,1054,unspecified,sadness,2,sadness,2,0.0027,0.1148,0.8388,0.0437
1054_TIE_ANG_XX,1054,unspecified,anger,0,anger,0,0.8877,0.095,0.008,0.0093
1054_TIE_DIS_XX,1054,unspecified,anger,0,sadness,2,0.3993,0.091,0.4031,0.1067
1054_TIE_HAP_XX,1054,unspecified,satisfaction,4,satisfaction,4,0.1049,0.405,0.283,0.2071
1054_TIE_NEU_XX,1054,unspecified,neutral,3,sadness,2,0.0072,0.0658,0.5865,0.3405
1054_TIE_SAD_XX,1054,unspecified,sadness,2,sadness,2,0.0089,0.1794,0.536,0.2757
1054_TSI_ANG_XX,1054,unspecified,anger,0,anger,0,0.6839,0.3035,0.0101,0.0025
1054_TSI_DIS_XX,1054,unspecified,anger,0,satisfaction,4,0.1591,0.6845,0.0445,0.1119
1054_TSI_HAP_XX,1054,unspecified,satisfaction,4,satisfaction,4,0.0513,0.7071,0.1959,0.0458
1054_TSI_NEU_XX,1054,unspecified,neutral,3,satisfaction,4,0.1996,0.4049,0.0491,0.3463
1054_TSI_SAD_XX,1054,unspecified,sadness,2,sadness,2,0.0006,0.089,0.8627,0.0477
1054_WSI_ANG_XX,1054,unspecified,anger,0,anger,0,0.9938,0.0036,0.0014,0.0012
1054_WSI_DIS_XX,1054,unspecified,anger,0,sadness,2,0.058,0.3924,0.4428,0.1068
1054_WSI_HAP_XX,1054,unspecified,satisfaction,4,sadness,2,0.0965,0.2611,0.568,0.0744
1054_WSI_NEU_XX,1054,unspecified,neutral,3,sadness,2,0.0347,0.0315,0.7604,0.1735
1054_WSI_SAD_XX,1054,unspecified,sadness,2,sadness,2,0.0007,0.1149,0.4609,0.4234
1055_DFA_ANG_XX,1055,unspecified,anger,0,anger,0,0.9995,0.0005,0.0,0.0001
1055_DFA_DIS_XX,1055,unspecified,anger,0,satisfaction,4,0.2499,0.6027,0.014,0.1334
1055_DFA_HAP_XX,1055,unspecified,satisfaction,4,anger,0,0.9578,0.0329,0.0001,0.0091
1055_DFA_NEU_XX,1055,unspecified,neutral,3,anger,0,0.9511,0.0155,0.0013,0.0321
1055_DFA_SAD_XX,1055,unspecified,sadness,2,neutral,3,0.2398,0.2346,0.192,0.3336
1055_IEO_ANG_HI,1055,high,anger,0,anger,0,0.9865,0.0135,0.0,0.0
1055_IEO_ANG_LO,1055,low,anger,0,satisfaction,4,0.0578,0.71,0.09,0.1422
1055_IEO_ANG_MD,1055,medium,anger,0,anger,0,0.9411,0.0479,0.0058,0.0051
1055_IEO_DIS_HI,1055,high,anger,0,satisfaction,4,0.4175,0.5733,0.0023,0.0069
1055_IEO_DIS_LO,1055,low,anger,0,satisfaction,4,0.0021,0.6608,0.2789,0.0582
1055_IEO_DIS_MD,1055,medium,anger,0,satisfaction,4,0.0795,0.6564,0.1661,0.098
1055_IEO_HAP_HI,1055,high,satisfaction,4,satisfaction,4,0.1204,0.5973,0.0711,0.2112
1055_IEO_HAP_LO,1055,low,satisfaction,4,anger,0,0.8456,0.1537,0.0004,0.0003
1055_IEO_HAP_MD,1055,medium,satisfaction,4,satisfaction,4,0.19,0.7512,0.0226,0.0363
1055_IEO_NEU_XX,1055,unspecified,neutral,3,satisfaction,4,0.0724,0.4791,0.0164,0.4321
1055_IEO_SAD_HI,1055,high,sadness,2,sadness,2,0.0114,0.2022,0.65,0.1364
1055_IEO_SAD_LO,1055,low,sadness,2,satisfaction,4,0.0119,0.7416,0.0479,0.1986
1055_IEO_SAD_MD,1055,medium,sadness,2,satisfaction,4,0.0069,0.7834,0.1233,0.0864
1055_IOM_ANG_XX,1055,unspecified,anger,0,anger,0,0.4129,0.2658,0.0329,0.2884
1055_IOM_DIS_XX,1055,unspecified,anger,0,sadness,2,0.1158,0.2889,0.4195,0.1757
1055_IOM_HAP_XX,1055,unspecified,satisfaction,4,anger,0,0.8087,0.1371,0.0067,0.0476
1055_IOM_NEU_XX,1055,unspecified,neutral,3,neutral,3,0.1581,0.1169,0.0527,0.6723
1055_IOM_SAD_XX,1055,unspecified,sadness,2,sadness,2,0.0082,0.1665,0.4178,0.4075
1055_ITH_ANG_XX,1055,unspecified,anger,0,anger,0,0.9731,0.0207,0.0013,0.005
1055_ITH_DIS_XX,1055,unspecified,anger,0,sadness,2,0.0082,0.1866,0.7246,0.0805
1055_ITH_HAP_XX,1055,unspecified,satisfaction,4,anger,0,0.4893,0.408,0.0349,0.0678
1055_ITH_NEU_XX,1055,unspecified,neutral,3,neutral,3,0.0822,0.1816,0.2749,0.4613
1055_ITH_SAD_XX,1055,unspecified,sadness,2,sadness,2,0.0018,0.0315,0.8738,0.0928
1055_ITS_ANG_XX,1055,unspecified,anger,0,anger,0,0.947,0.0386,0.0006,0.0138
1055_ITS_DIS_XX,1055,unspecified,anger,0,satisfaction,4,0.1764,0.7199,0.0322,0.0715
1055_ITS_HAP_XX,1055,unspecified,satisfaction,4,satisfaction,4,0.1669,0.7106,0.0462,0.0763
1055_ITS_NEU_XX,1055,unspecified,neutral,3,anger,0,0.4136,0.2485,0.2621,0.0757
1055_ITS_SAD_XX,1055,unspecified,sadness,2,sadness,2,0.0027,0.0946,0.8363,0.0664
1055_IWL_ANG_XX,1055,unspecified,anger,0,anger,0,0.9897,0.0092,0.0006,0.0004
1055_IWL_DIS_XX,1055,unspecified,anger,0,satisfaction,4,0.0974,0.4527,0.1127,0.3372
1055_IWL_HAP_XX,1055,unspecified,satisfaction,4,satisfaction,4,0.2417,0.4587,0.0046,0.295
1055_IWL_NEU_XX,1055,unspecified,neutral,3,neutral,3,0.0095,0.2882,0.2023,0.5
1055_IWL_SAD_XX,1055,unspecified,sadness,2,neutral,3,0.0117,0.1174,0.1034,0.7675
1055_IWW_ANG_XX,1055,unspecified,anger,0,anger,0,0.9115,0.0313,0.0144,0.0429
1055_IWW_DIS_XX,1055,unspecified,anger,0,sadness,2,0.0227,0.1922,0.596,0.1891
1055_IWW_HAP_XX,1055,unspecified,satisfaction,4,satisfaction,4,0.2186,0.691,0.0213,0.0691
1055_IWW_NEU_XX,1055,unspecified,neutral,3,neutral,3,0.1271,0.3079,0.0579,0.5071
1055_IWW_SAD_XX,1055,unspecified,sadness,2,sadness,2,0.0046,0.1054,0.8064,0.0836
1055_MTI_ANG_XX,1055,unspecified,anger,0,anger,0,0.9268,0.0555,0.0043,0.0133
1055_MTI_DIS_XX,1055,unspecified,anger,0,anger,0,0.8501,0.0257,0.0098,0.1144
1055_MTI_HAP_XX,1055,unspecified,satisfaction,4,satisfaction,4,0.1983,0.3713,0.2044,0.2261
1055_MTI_NEU_XX,1055,unspecified,neutral,3,neutral,3,0.0372,0.0587,0.2795,0.6246
1055_MTI_SAD_XX,1055,unspecified,sadness,2,neutral,3,0.0788,0.0269,0.1984,0.6959
1055_TAI_ANG_XX,1055,unspecified,anger,0,anger,0,0.7328,0.2536,0.0115,0.0021
1055_TAI_DIS_XX,1055,unspecified,anger,0,sadness,2,0.0031,0.0345,0.9513,0.011
1055_TAI_HAP_XX,1055,unspecified,satisfaction,4,satisfaction,4,0.0285,0.8287,0.081,0.0618
1055_TAI_NEU_XX,1055,unspecified,neutral,3,sadness,2,0.0094,0.3782,0.5229,0.0895
1055_TAI_SAD_XX,1055,unspecified,sadness,2,sadness,2,0.0013,0.0764,0.8949,0.0274
1055_TIE_ANG_XX,1055,unspecified,anger,0,anger,0,0.9331,0.0558,0.0018,0.0093
1055_TIE_DIS_XX,1055,unspecified,anger,0,satisfaction,4,0.4011,0.5602,0.0172,0.0214
1055_TIE_HAP_XX,1055,unspecified,satisfaction,4,anger,0,0.9157,0.0796,0.0019,0.0029
1055_TIE_NEU_XX,1055,unspecified,neutral,3,anger,0,0.4285,0.178,0.0862,0.3074
1055_TIE_SAD_XX,1055,unspecified,sadness,2,sadness,2,0.177,0.2639,0.4778,0.0813
1055_TSI_ANG_XX,1055,unspecified,anger,0,anger,0,0.9757,0.0236,0.0,0.0007
1055_TSI_DIS_XX,1055,unspecified,anger,0,satisfaction,4,0.023,0.9347,0.0222,0.0201
1055_TSI_HAP_XX,1055,unspecified,satisfaction,4,anger,0,0.5472,0.4385,0.0025,0.0118
1055_TSI_NEU_XX,1055,unspecified,neutral,3,satisfaction,4,0.4358,0.4639,0.0049,0.0953
1055_TSI_SAD_XX,1055,unspecified,sadness,2,satisfaction,4,0.0086,0.6264,0.2795,0.0854
1055_WSI_ANG_XX,1055,unspecified,anger,0,anger,0,0.9852,0.0116,0.0002,0.0031
1055_WSI_DIS_XX,1055,unspecified,anger,0,sadness,2,0.1202,0.3486,0.424,0.1072
1055_WSI_HAP_XX,1055,unspecified,satisfaction,4,anger,0,0.9467,0.0389,0.0007,0.0137
1055_WSI_NEU_XX,1055,unspecified,neutral,3,anger,0,0.4471,0.1325,0.1009,0.3195
1055_WSI_SAD_XX,1055,unspecified,sadness,2,neutral,3,0.1905,0.2507,0.2546,0.3042
1056_DFA_ANG_XX,1056,unspecified,anger,0,anger,0,0.996,0.0036,0.0001,0.0003
1056_DFA_DIS_XX,1056,unspecified,anger,0,anger,0,0.9978,0.0015,0.0,0.0007
1056_DFA_HAP_XX,1056,unspecified,satisfaction,4,anger,0,0.7496,0.0836,0.0011,0.1657
1056_DFA_NEU_XX,1056,unspecified,neutral,3,neutral,3,0.3598,0.2492,0.0071,0.3839
1056_DFA_SAD_XX,1056,unspecified,sadness,2,neutral,3,0.0079,0.318,0.0966,0.5774
1056_IEO_ANG_HI,1056,high,anger,0,anger,0,0.975,0.0248,0.0001,0.0001
1056_IEO_ANG_LO,1056,low,anger,0,anger,0,0.9702,0.018,0.0009,0.0109
1056_IEO_ANG_MD,1056,medium,anger,0,anger,0,0.9988,0.001,0.0,0.0001
1056_IEO_DIS_HI,1056,high,anger,0,satisfaction,4,0.2128,0.5488,0.1157,0.1227
1056_IEO_DIS_LO,1056,low,anger,0,satisfaction,4,0.2815,0.3241,0.0774,0.317
1056_IEO_DIS_MD,1056,medium,anger,0,anger,0,0.6151,0.2948,0.0109,0.0793
1056_IEO_HAP_HI,1056,high,satisfaction,4,anger,0,0.8489,0.1497,0.0007,0.0007
1056_IEO_HAP_LO,1056,low,satisfaction,4,satisfaction,4,0.0013,0.9118,0.0037,0.0832
1056_IEO_HAP_MD,1056,medium,satisfaction,4,satisfaction,4,0.0052,0.66,0.1075,0.2273
1056_IEO_NEU_XX,1056,unspecified,neutral,3,neutral,3,0.0411,0.3906,0.0991,0.4693
1056_IEO_SAD_HI,1056,high,sadness,2,sadness,2,0.0038,0.1061,0.6186,0.2715
1056_IEO_SAD_LO,1056,low,sadness,2,satisfaction,4,0.0086,0.6158,0.1344,0.2411
1056_IEO_SAD_MD,1056,medium,sadness,2,neutral,3,0.0013,0.1623,0.3679,0.4685
1056_IOM_ANG_XX,1056,unspecified,anger,0,anger,0,0.9803,0.0129,0.0008,0.006
1056_IOM_DIS_XX,1056,unspecified,anger,0,anger,0,0.9016,0.0592,0.0064,0.0327
1056_IOM_HAP_XX,1056,unspecified,satisfaction,4,satisfaction,4,0.0232,0.4916,0.1523,0.3329
1056_IOM_NEU_XX,1056,unspecified,neutral,3,neutral,3,0.0468,0.215,0.1583,0.5799
1056_IOM_SAD_XX,1056,unspecified,sadness,2,neutral,3,0.0077,0.0839,0.4035,0.5049
1056_ITH_ANG_XX,1056,unspecified,anger,0,anger,0,0.8006,0.0491,0.0039,0.1465
1056_ITH_DIS_XX,1056,unspecified,anger,0,anger,0,0.9331,0.0479,0.0014,0.0176
1056_ITH_HAP_XX,1056,unspecified,satisfaction,4,satisfaction,4,0.3213,0.5821,0.0139,0.0827
1056_ITH_NEU_XX,1056,unspecified,neutral,3,neutral,3,0.1643,0.0715,0.0117,0.7525
1056_ITH_SAD_XX,1056,unspecified,sadness,2,neutral,3,0.0251,0.2931,0.2116,0.4702
1056_ITS_ANG_XX,1056,unspecified,anger,0,anger,0,0.9783,0.0153,0.0017,0.0048
1056_ITS_DIS_XX,1056,unspecified,anger,0,anger,0,0.7295,0.1286,0.0211,0.1208
1056_ITS_HAP_XX,1056,unspecified,satisfaction,4,satisfaction,4,0.1009,0.6985,0.0302,0.1704
1056_ITS_NEU_XX,1056,unspecified,neutral,3,satisfaction,4,0.0673,0.5175,0.161,0.2542
1056_ITS_SAD_XX,1056,unspecified,sadness,2,sadness,2,0.005,0.4283,0.463,0.1037
1056_IWL_ANG_XX,1056,unspecified,anger,0,anger,0,0.9311,0.0622,0.0015,0.0052
1056_IWL_DIS_XX,1056,unspecified,anger,0,anger,0,0.8092,0.1842,0.0004,0.0062
1056_IWL_HAP_XX,1056,unspecified,satisfaction,4,satisfaction,4,0.1408,0.8404,0.0034,0.0154
1056_IWL_NEU_XX,1056,unspecified,neutral,3,anger,0,0.4133,0.2991,0.0078,0.2798
1056_IWL_SAD_XX,1056,unspecified,sadness,2,neutral,3,0.0169,0.3665,0.0369,0.5797
1056_IWW_ANG_XX,1056,unspecified,anger,0,anger,0,0.991,0.0042,0.0003,0.0044
1056_IWW_DIS_XX,1056,unspecified,anger,0,anger,0,0.9706,0.0133,0.001,0.0151
1056_IWW_HAP_XX,1056,unspecified,satisfaction,4,satisfaction,4,0.0715,0.853,0.0124,0.0631
1056_IWW_NEU_XX,1056,unspecified,neutral,3,neutral,3,0.2354,0.1572,0.0419,0.5656
1056_IWW_SAD_XX,1056,unspecified,sadness,2,neutral,3,0.027,0.0739,0.0386,0.8605
1056_MTI_ANG_XX,1056,unspecified,anger,0,anger,0,0.8887,0.0462,0.0233,0.0418
1056_MTI_DIS_XX,1056,unspecified,anger,0,anger,0,0.9892,0.0042,0.0004,0.0062
1056_MTI_HAP_XX,1056,unspecified,satisfaction,4,satisfaction,4,0.0652,0.8701,0.05,0.0147
1056_MTI_NEU_XX,1056,unspecified,neutral,3,anger,0,0.6039,0.042,0.0326,0.3216
1056_MTI_SAD_XX,1056,unspecified,sadness,2,satisfaction,4,0.2711,0.321,0.2192,0.1887
1056_TAI_ANG_XX,1056,unspecified,anger,0,anger,0,0.9211,0.0368,0.0102,0.0319
1056_TAI_DIS_XX,1056,unspecified,anger,0,anger,0,0.968,0.0269,0.0031,0.002
1056_TAI_HAP_XX,1056,unspecified,satisfaction,4,satisfaction,4,0.1706,0.662,0.0692,0.0982
1056_TAI_NEU_XX,1056,unspecified,neutral,3,neutral,3,0.0612,0.4127,0.0635,0.4627
1056_TAI_SAD_XX,1056,unspecified,sadness,2,satisfaction,4,0.0789,0.4693,0.3443,0.1076
1056_TIE_ANG_XX,1056,unspecified,anger,0,anger,0,0.9986,0.0006,0.0001,0.0007
1056_TIE_DIS_XX,1056,unspecified,anger,0,anger,0,0.9871,0.0096,0.0005,0.0028
1056_TIE_HAP_XX,1056,unspecified,satisfaction,4,anger,0,0.5403,0.3113,0.0181,0.1303
1056_TIE_NEU_XX,1056,unspecified,neutral,3,neutral,3,0.1292,0.2024,0.1968,0.4716
1056_TIE_SAD_XX,1056,unspecified,sadness,2,sadness,2,0.0012,0.0811,0.8678,0.0499
1056_TSI_ANG_XX,1056,unspecified,anger,0,anger,0,0.9907,0.009,0.0,0.0002
1056_TSI_DIS_XX,1056,unspecified,anger,0,satisfaction,4,0.2728,0.6472,0.0085,0.0715
1056_TSI_HAP_XX,1056,unspecified,satisfaction,4,anger,0,0.9023,0.0954,0.0,0.0022
1056_TSI_NEU_XX,1056,unspecified,neutral,3,anger,0,0.4871,0.1675,0.0074,0.3381
1056_TSI_SAD_XX,1056,unspecified,sadness,2,satisfaction,4,0.0193,0.4916,0.0807,0.4084
1056_WSI_ANG_XX,1056,unspecified,anger,0,anger,0,0.9931,0.0052,0.0004,0.0013
1056_WSI_DIS_XX,1056,unspecified,anger,0,anger,0,0.5146,0.2432,0.0262,0.216
1056_WSI_HAP_XX,1056,unspecified,satisfaction,4,anger,0,0.4422,0.368,0.1235,0.0663
1056_WSI_NEU_XX,1056,unspecified,neutral,3,anger,0,0.4622,0.0893,0.037,0.4115
1056_WSI_SAD_XX,1056,unspecified,sadness,2,neutral,3,0.112,0.1809,0.1327,0.5745
1057_DFA_ANG_XX,1057,unspecified,anger,0,anger,0,0.9891,0.0097,0.0002,0.001
1057_DFA_DIS_XX,1057,unspecified,anger,0,satisfaction,4,0.0167,0.3763,0.2688,0.3381
1057_DFA_HAP_XX,1057,unspecified,satisfaction,4,satisfaction,4,0.0053,0.4515,0.1825,0.3607
1057_DFA_NEU_XX,1057,unspecified,neutral,3,sadness,2,0.1332,0.1016,0.4183,0.347
1057_DFA_SAD_XX,1057,unspecified,sadness,2,neutral,3,0.0065,0.0434,0.377,0.5731
1057_IEO_ANG_HI,1057,high,anger,0,satisfaction,4,0.3327,0.6344,0.0284,0.0045
1057_IEO_ANG_LO,1057,low,anger,0,anger,0,0.6695,0.3057,0.008,0.0167
1057_IEO_ANG_MD,1057,medium,anger,0,anger,0,0.7327,0.2399,0.0157,0.0116
1057_IEO_DIS_HI,1057,high,anger,0,anger,0,0.6728,0.2107,0.0594,0.0571
1057_IEO_DIS_LO,1057,low,anger,0,sadness,2,0.005,0.3013,0.3746,0.3192
1057_IEO_DIS_MD,1057,medium,anger,0,satisfaction,4,0.3468,0.5231,0.0495,0.0806
1057_IEO_HAP_HI,1057,high,satisfaction,4,satisfaction,4,0.0587,0.9196,0.0121,0.0096
1057_IEO_HAP_LO,1057,low,satisfaction,4,sadness,2,0.0021,0.1455,0.5461,0.3063
1057_IEO_HAP_MD,1057,medium,satisfaction,4,sadness,2,0.0005,0.4595,0.4981,0.0419
1057_IEO_NEU_XX,1057,unspecified,neutral,3,sadness,2,0.0165,0.128,0.7213,0.1342
1057_IEO_SAD_HI,1057,high,sadness,2,sadness,2,0.0009,0.119,0.6321,0.248
1057_IEO_SAD_LO,1057,low,sadness,2,sadness,2,0.0007,0.034,0.4862,0.4791
1057_IEO_SAD_MD,1057,medium,sadness,2,sadness,2,0.0011,0.243,0.4282,0.3277
1057_IOM_ANG_XX,1057,unspecified,anger,0,anger,0,0.9639,0.0116,0.0158,0.0087
1057_IOM_DIS_XX,1057,unspecified,anger,0,sadness,2,0.0301,0.2743,0.5206,0.175
1057_IOM_HAP_XX,1057,unspecified,satisfaction,4,satisfaction,4,0.1458,0.398,0.2151,0.2412
1057_IOM_NEU_XX,1057,unspecified,neutral,3,sadness,2,0.0003,0.0152,0.96,0.0244
1057_IOM_SAD_XX,1057,unspecified,sadness,2,sadness,2,0.0,0.008,0.9849,0.0071
1057_ITH_ANG_XX,1057,unspecified,anger,0,anger,0,0.9689,0.0204,0.0026,0.0081
1057_ITH_DIS_XX,1057,unspecified,anger,0,sadness,2,0.0004,0.0851,0.8725,0.042
1057_ITH_HAP_XX,1057,unspecified,satisfaction,4,sadness,2,0.0006,0.0957,0.8697,0.0341
1057_ITH_NEU_XX,1057,unspecified,neutral,3,sadness,2,0.0082,0.0915,0.6746,0.2257
1057_ITH_SAD_XX,1057,unspecified,sadness,2,sadness,2,0.0012,0.0562,0.8592,0.0833
1057_ITS_ANG_XX,1057,unspecified,anger,0,anger,0,0.9584,0.0221,0.0002,0.0193
1057_ITS_DIS_XX,1057,unspecified,anger,0,satisfaction,4,0.0224,0.6229,0.1766,0.1781
1057_ITS_HAP_XX,1057,unspecified,satisfaction,4,sadness,2,0.0149,0.4463,0.4708,0.068
1057_ITS_NEU_XX,1057,unspecified,neutral,3,sadness,2,0.0002,0.0282,0.88,0.0916
1057_ITS_SAD_XX,1057,unspecified,sadness,2,sadness,2,0.0001,0.034,0.8609,0.105
1057_IWL_ANG_XX,1057,unspecified,anger,0,anger,0,0.724,0.148,0.0632,0.0649
1057_IWL_DIS_XX,1057,unspecified,anger,0,anger,0,0.7078,0.1783,0.0669,0.0469
1057_IWL_HAP_XX,1057,unspecified,satisfaction,4,anger,0,0.6109,0.3451,0.0391,0.0049
1057_IWL_NEU_XX,1057,unspecified,neutral,3,sadness,2,0.0084,0.1205,0.7459,0.1252
1057_IWL_SAD_XX,1057,unspecified,sadness,2,sadness,2,0.0015,0.0594,0.667,0.272
1057_IWW_ANG_XX,1057,unspecified,anger,0,anger,0,0.9779,0.0123,0.0036,0.0062
1057_IWW_DIS_XX,1057,unspecified,anger,0,sadness,2,0.1411,0.3001,0.3373,0.2215
1057_IWW_HAP_XX,1057,unspecified,satisfaction,4,satisfaction,4,0.2572,0.5789,0.1466,0.0173
1057_IWW_NEU_XX,1057,unspecified,neutral,3,sadness,2,0.0131,0.0578,0.8313,0.0978
1057_IWW_SAD_XX,1057,unspecified,sadness,2,sadness,2,0.0199,0.082,0.776,0.1221
1057_MTI_ANG_XX,1057,unspecified,anger,0,anger,0,0.8669,0.0237,0.0831,0.0263
1057_MTI_DIS_XX,1057,unspecified,anger,0,sadness,2,0.1473,0.3656,0.3989,0.0881
1057_MTI_HAP_XX,1057,unspecified,satisfaction,4,anger,0,0.4548,0.1844,0.2866,0.0743
1057_MTI_NEU_XX,1057,unspecified,neutral,3,sadness,2,0.0357,0.0133,0.8562,0.0947
1057_MTI_SAD_XX,1057,unspecified,sadness,2,sadness,2,0.0083,0.0197,0.9597,0.0124
1057_TAI_ANG_XX,1057,unspecified,anger,0,anger,0,0.5817,0.2207,0.1633,0.0343
1057_TAI_DIS_XX,1057,unspecified,anger,0,sadness,2,0.0789,0.2098,0.5641,0.1472
1057_TAI_HAP_XX,1057,unspecified,satisfaction,4,sadness,2,0.0141,0.3293,0.5321,0.1245
1057_TAI_NEU_XX,1057,unspecified,neutral,3,sadness,2,0.001,0.1221,0.7285,0.1484
1057_TAI_SAD_XX,1057,unspecified,sadness,2,sadness,2,0.0012,0.1617,0.5951,0.242
1057_TIE_ANG_XX,1057,unspecified,anger,0,anger,0,0.969,0.0286,0.0023,0.0002
1057_TIE_DIS_XX,1057,unspecified,anger,0,sadness,2,0.0028,0.068,0.8574,0.0718
1057_TIE_HAP_XX,1057,unspecified,satisfaction,4,satisfaction,4,0.2617,0.5797,0.1468,0.0118
1057_TIE_NEU_XX,1057,unspecified,neutral,3,sadness,2,0.0046,0.0873,0.7369,0.1712
1057_TIE_SAD_XX,1057,unspecified,sadness,2,sadness,2,0.0005,0.018,0.9686,0.0129
1057_TSI_ANG_XX,1057,unspecified,anger,0,anger,0,0.9464,0.045,0.0001,0.0085
1057_TSI_DIS_XX,1057,unspecified,anger,0,satisfaction,4,0.2176,0.6907,0.0522,0.0395
1057_TSI_HAP_XX,1057,unspecified,satisfaction,4,satisfaction,4,0.1984,0.739,0.0197,0.0429
1057_TSI_NEU_XX,1057,unspecified,neutral,3,neutral,3,0.2255,0.1436,0.147,0.4838
1057_TSI_SAD_XX,1057,unspecified,sadness,2,sadness,2,0.0071,0.2675,0.604,0.1213
1057_WSI_ANG_XX,1057,unspecified,anger,0,anger,0,0.9827,0.0111,0.0035,0.0026
1057_WSI_DIS_XX,1057,unspecified,anger,0,sadness,2,0.0416,0.0812,0.61,0.2672
1057_WSI_HAP_XX,1057,unspecified,satisfaction,4,satisfaction,4,0.1058,0.5243,0.2301,0.1399
1057_WSI_NEU_XX,1057,unspecified,neutral,3,sadness,2,0.0356,0.0833,0.6826,0.1985
1057_WSI_SAD_XX,1057,unspecified,sadness,2,sadness,2,0.0005,0.0253,0.8228,0.1514
1058_DFA_ANG_XX,1058,unspecified,anger,0,anger,0,0.996,0.0038,0.0,0.0001
1058_DFA_DIS_XX,1058,unspecified,anger,0,satisfaction,4,0.1371,0.4798,0.177,0.2061
1058_DFA_HAP_XX,1058,unspecified,satisfaction,4,anger,0,0.4255,0.4004,0.0168,0.1574
1058_DFA_NEU_XX,1058,unspecified,neutral,3,anger,0,0.637,0.1851,0.0382,0.1397
1058_DFA_SAD_XX,1058,unspecified,sadness,2,satisfaction,4,0.0278,0.3667,0.2472,0.3583
1058_IEO_ANG_HI,1058,high,anger,0,anger,0,0.833,0.1667,0.0001,0.0003
1058_IEO_ANG_LO,1058,low,anger,0,satisfaction,4,0.3816,0.4139,0.1008,0.1036
1058_IEO_ANG_MD,1058,medium,anger,0,anger,0,0.9989,0.0011,0.0,0.0
1058_IEO_DIS_HI,1058,high,anger,0,satisfaction,4,0.2158,0.5954,0.0785,0.1103
1058_IEO_DIS_LO,1058,low,anger,0,satisfaction,4,0.0095,0.7416,0.1356,0.1133
1058_IEO_DIS_MD,1058,medium,anger,0,satisfaction,4,0.0105,0.6987,0.2578,0.033
1058_IEO_HAP_HI,1058,high,satisfaction,4,anger,0,0.7016,0.2952,0.0025,0.0007
1058_IEO_HAP_LO,1058,low,satisfaction,4,satisfaction,4,0.1977,0.6379,0.0487,0.1157
1058_IEO_HAP_MD,1058,medium,satisfaction,4,satisfaction,4,0.149,0.7386,0.1042,0.0081
1058_IEO_NEU_XX,1058,unspecified,neutral,3,neutral,3,0.2552,0.3032,0.0236,0.4181
1058_IEO_SAD_HI,1058,high,sadness,2,satisfaction,4,0.0142,0.8421,0.1123,0.0313
1058_IEO_SAD_LO,1058,low,sadness,2,sadness,2,0.0015,0.0411,0.7553,0.2021
1058_IEO_SAD_MD,1058,medium,sadness,2,satisfaction,4,0.0031,0.5547,0.3983,0.0439
1058_IOM_ANG_XX,1058,unspecified,anger,0,satisfaction,4,0.2903,0.6213,0.0517,0.0367
1058_IOM_DIS_XX,1058,unspecified,anger,0,sadness,2,0.004,0.1453,0.7663,0.0844
1058_IOM_HAP_XX,1058,unspecified,satisfaction,4,satisfaction,4,0.1824,0.6709,0.133,0.0137
1058_IOM_NEU_XX,1058,unspecified,neutral,3,neutral,3,0.2335,0.1803,0.2275,0.3587
1058_IOM_SAD_XX,1058,unspecified,sadness,2,satisfaction,4,0.0035,0.5109,0.2056,0.2801
1058_ITH_ANG_XX,1058,unspecified,anger,0,anger,0,0.9712,0.0208,0.0072,0.0008
1058_ITH_DIS_XX,1058,unspecified,anger,0,sadness,2,0.0121,0.1932,0.6308,0.1639
1058_ITH_HAP_XX,1058,unspecified,satisfaction,4,satisfaction,4,0.0683,0.5837,0.3102,0.0378
1058_ITH_NEU_XX,1058,unspecified,neutral,3,neutral,3,0.0421,0.0805,0.1994,0.678
1058_ITH_SAD_XX,1058,unspecified,sadness,2,sadness,2,0.0023,0.0289,0.9259,0.0429
1058_ITS_ANG_XX,1058,unspecified,anger,0,anger,0,0.8319,0.1338,0.0121,0.0222
1058_ITS_DIS_XX,1058,unspecified,anger,0,sadness,2,0.0216,0.3659,0.4741,0.1383
1058_ITS_HAP_XX,1058,unspecified,satisfaction,4,satisfaction,4,0.0348,0.9153,0.0439,0.0061
1058_ITS_NEU_XX,1058,unspecified,neutral,3,neutral,3,0.0369,0.2932,0.2912,0.3787
1058_ITS_SAD_XX,1058,unspecified,sadness,2,sadness,2,0.0073,0.2192,0.7004,0.0732
1058_IWL_ANG_XX,1058,unspecified,anger,0,anger,0,0.9637,0.0338,0.0016,0.0009
1058_IWL_DIS_XX,1058,unspecified,anger,0,sadness,2,0.0044,0.3526,0.4216,0.2214
1058_IWL_HAP_XX,1058,unspecified,satisfaction,4,satisfaction,4,0.0623,0.9095,0.0251,0.0031
1058_IWL_NEU_XX,1058,unspecified,neutral,3,sadness,2,0.0072,0.2403,0.3827,0.3698
1058_IWL_SAD_XX,1058,unspecified,sadness,2,sadness,2,0.0004,0.2437,0.5996,0.1562
1058_IWW_ANG_XX,1058,unspecified,anger,0,anger,0,0.9941,0.0058,0.0,0.0001
1058_IWW_DIS_XX,1058,unspecified,anger,0,satisfaction,4,0.2324,0.3983,0.1107,0.2586
1058_IWW_HAP_XX,1058,unspecified,satisfaction,4,satisfaction,4,0.1595,0.7605,0.0716,0.0083
1058_IWW_NEU_XX,1058,unspecified,neutral,3,neutral,3,0.2939,0.2543,0.0362,0.4156
1058_IWW_SAD_XX,1058,unspecified,sadness,2,sadness,2,0.0088,0.0941,0.8197,0.0774
1058_MTI_ANG_XX,1058,unspecified,anger,0,anger,0,0.9784,0.0069,0.0125,0.0022
1058_MTI_DIS_XX,1058,unspecified,anger,0,sadness,2,0.0151,0.1009,0.828,0.056
1058_MTI_HAP_XX,1058,unspecified,satisfaction,4,anger,0,0.5908,0.2804,0.1128,0.0159
1058_MTI_NEU_XX,1058,unspecified,neutral,3,sadness,2,0.1099,0.1163,0.6431,0.1307
1058_MTI_SAD_XX,1058,unspecified,sadness,2,sadness,2,0.0281,0.1292,0.6449,0.1978
1058_TAI_ANG_XX,1058,unspecified,anger,0,anger,0,0.9127,0.0814,0.0057,0.0002
1058_TAI_DIS_XX,1058,unspecified,anger,0,satisfaction,4,0.0173,0.5098,0.4183,0.0546
1058_TAI_HAP_XX,1058,unspecified,satisfaction,4,satisfaction,4,0.0341,0.4929,0.4679,0.005
1058_TAI_NEU_XX,1058,unspecified,neutral,3,neutral,3,0.1678,0.1783,0.2993,0.3546
1058_TAI_SAD_XX,1058,unspecified,sadness,2,sadness,2,0.009,0.157,0.8166,0.0175
1058_TIE_ANG_XX,1058,unspecified,anger,0,anger,0,0.9904,0.0082,0.0005,0.0009
1058_TIE_DIS_XX,1058,unspecified,anger,0,sadness,2,0.2079,0.1525,0.4254,0.2142
1058_TIE_HAP_XX,1058,unspecified,satisfaction,4,anger,0,0.9323,0.0418,0.0075,0.0183
1058_TIE_NEU_XX,1058,unspecified,neutral,3,anger,0,0.513,0.0946,0.0963,0.296
1058_TIE_SAD_XX,1058,unspecified,sadness,2,sadness,2,0.0101,0.0874,0.8589,0.0436
1058_TSI_ANG_XX,1058,unspecified,anger,0,anger,0,0.9783,0.0213,0.0001,0.0003
1058_TSI_DIS_XX,1058,unspecified,anger,0,satisfaction,4,0.0036,0.533,0.3047,0.1587
1058_TSI_HAP_XX,1058,unspecified,satisfaction,4,anger,0,0.9339,0.065,0.0003,0.0009
1058_TSI_NEU_XX,1058,unspecified,neutral,3,anger,0,0.4151,0.3905,0.0532,0.1412
1058_TSI_SAD_XX,1058,unspecified,sadness,2,satisfaction,4,0.0194,0.4383,0.2863,0.256
1058_WSI_ANG_XX,1058,unspecified,anger,0,anger,0,0.9923,0.0065,0.0006,0.0005
1058_WSI_DIS_XX,1058,unspecified,anger,0,satisfaction,4,0.1971,0.349,0.2327,0.2213
1058_WSI_HAP_XX,1058,unspecified,satisfaction,4,anger,0,0.7166,0.242,0.0297,0.0117
1058_WSI_NEU_XX,1058,unspecified,neutral,3,sadness,2,0.1455,0.2362,0.4354,0.1829
1058_WSI_SAD_XX,1058,unspecified,sadness,2,sadness,2,0.0257,0.0547,0.7494,0.1702
1059_DFA_ANG_XX,1059,unspecified,anger,0,anger,0,0.9946,0.0053,0.0,0.0001
1059_DFA_DIS_XX,1059,unspecified,anger,0,anger,0,0.9498,0.0418,0.0007,0.0076
1059_DFA_HAP_XX,1059,unspecified,satisfaction,4,anger,0,0.9594,0.0383,0.0004,0.0019
1059_DFA_NEU_XX,1059,unspecified,neutral,3,anger,0,0.8932,0.0407,0.0063,0.0598
1059_DFA_SAD_XX,1059,unspecified,sadness,2,satisfaction,4,0.0607,0.4153,0.2365,0.2875
1059_IEO_ANG_HI,1059,high,anger,0,anger,0,0.9967,0.0032,0.0,0.0
1059_IEO_ANG_LO,1059,low,anger,0,anger,0,0.6946,0.2834,0.0027,0.0194
1059_IEO_ANG_MD,1059,medium,anger,0,anger,0,0.9865,0.0129,0.0002,0.0003
1059_IEO_DIS_HI,1059,high,anger,0,satisfaction,4,0.0235,0.5439,0.3982,0.0345
1059_IEO_DIS_LO,1059,low,anger,0,satisfaction,4,0.0066,0.7552,0.1821,0.0561
1059_IEO_DIS_MD,1059,medium,anger,0,satisfaction,4,0.0119,0.6192,0.2628,0.1062
1059_IEO_HAP_HI,1059,high,satisfaction,4,anger,0,0.9253,0.0716,0.0003,0.0028
1059_IEO_HAP_LO,1059,low,satisfaction,4,sadness,2,0.0046,0.1993,0.5417,0.2543
1059_IEO_HAP_MD,1059,medium,satisfaction,4,anger,0,0.5561,0.401,0.0253,0.0176
1059_IEO_NEU_XX,1059,unspecified,neutral,3,sadness,2,0.0176,0.1765,0.4163,0.3895
1059_IEO_SAD_HI,1059,high,sadness,2,sadness,2,0.0068,0.3392,0.651,0.003
1059_IEO_SAD_LO,1059,low,sadness,2,sadness,2,0.0025,0.3829,0.5044,0.1102
1059_IEO_SAD_MD,1059,medium,sadness,2,sadness,2,0.0005,0.2593,0.6083,0.1319
1059_IOM_ANG_XX,1059,unspecified,anger,0,anger,0,0.998,0.0017,0.0001,0.0002
1059_IOM_DIS_XX,1059,unspecified,anger,0,sadness,2,0.007,0.3739,0.4169,0.2023
1059_IOM_HAP_XX,1059,unspecified,satisfaction,4,anger,0,0.785,0.1454,0.0417,0.0279
1059_IOM_NEU_XX,1059,unspecified,neutral,3,satisfaction,4,0.1576,0.4611,0.3036,0.0777
1059_IOM_SAD_XX,1059,unspecified,sadness,2,satisfaction,4,0.198,0.4438,0.2919,0.0663
1059_ITH_ANG_XX,1059,unspecified,anger,0,anger,0,0.9981,0.0018,0.0,0.0001
1059_ITH_DIS_XX,1059,unspecified,anger,0,satisfaction,4,0.1808,0.5086,0.1768,0.1338
1059_ITH_HAP_XX,1059,unspecified,satisfaction,4,anger,0,0.9539,0.0386,0.0014,0.0061
1059_ITH_NEU_XX,1059,unspecified,neutral,3,anger,0,0.3224,0.2307,0.1558,0.291
1059_ITH_SAD_XX,1059,unspecified,sadness,2,sadness,2,0.0548,0.2869,0.5954,0.0628
1059_ITS_ANG_XX,1059,unspecified,anger,0,anger,0,0.9886,0.011,0.0,0.0004
1059_ITS_DIS_XX,1059,unspecified,anger,0,satisfaction,4,0.1857,0.426,0.2467,0.1416
1059_ITS_HAP_XX,1059,unspecified,satisfaction,4,anger,0,0.9539,0.0409,0.0003,0.0049
1059_ITS_NEU_XX,1059,unspecified,neutral,3,satisfaction,4,0.2657,0.4138,0.1943,0.1262
1059_ITS_SAD_XX,1059,unspecified,sadness,2,sadness,2,0.0028,0.105,0.7932,0.099
1059_IWL_ANG_XX,1059,unspecified,anger,0,anger,0,0.9855,0.0143,0.0001,0.0002
1059_IWL_DIS_XX,1059,unspecified,anger,0,anger,0,0.7429,0.2438,0.0062,0.0072
1059_IWL_HAP_XX,1059,unspecified,satisfaction,4,anger,0,0.9667,0.0301,0.0004,0.0028
1059_IWL_NEU_XX,1059,unspecified,neutral,3,satisfaction,4,0.4342,0.4423,0.0175,0.1059
1059_IWL_SAD_XX,1059,unspecified,sadness,2,sadness,2,0.0245,0.3127,0.3845,0.2783
1059_IWW_ANG_XX,1059,unspecified,anger,0,anger,0,0.9971,0.0025,0.0,0.0004
1059_IWW_DIS_XX,1059,unspecified,anger,0,anger,0,0.8438,0.1249,0.0038,0.0274
1059_IWW_HAP_XX,1059,unspecified,satisfaction,4,anger,0,0.9068,0.0859,0.0007,0.0066
1059_IWW_NEU_XX,1059,unspecified,neutral,3,anger,0,0.5538,0.2853,0.0319,0.1289
1059_IWW_SAD_XX,1059,unspecified,sadness,2,sadness,2,0.0141,0.1031,0.5587,0.324
1059_MTI_ANG_XX,1059,unspecified,anger,0,anger,0,0.9948,0.0046,0.0001,0.0006
1059_MTI_DIS_XX,1059,unspecified,anger,0,anger,0,0.4059,0.3381,0.1537,0.1023
1059_MTI_HAP_XX,1059,unspecified,satisfaction,4,anger,0,0.9928,0.005,0.0006,0.0016
1059_MTI_NEU_XX,1059,unspecified,neutral,3,anger,0,0.5341,0.0848,0.1256,0.2555
1059_MTI_SAD_XX,1059,unspecified,sadness,2,anger,0,0.6041,0.1393,0.1809,0.0757
1059_TAI_ANG_XX,1059,unspecified,anger,0,anger,0,0.9939,0.0057,0.0003,0.0001
1059_TAI_DIS_XX,1059,unspecified,anger,0,satisfaction,4,0.1748,0.6433,0.171,0.0108
1059_TAI_HAP_XX,1059,unspecified,satisfaction,4,anger,0,0.5293,0.4585,0.0064,0.0059
1059_TAI_NEU_XX,1059,unspecified,neutral,3,satisfaction,4,0.2832,0.6039,0.0852,0.0277
1059_TAI_SAD_XX,1059,unspecified,sadness,2,satisfaction,4,0.0017,0.5655,0.3985,0.0343
1059_TIE_ANG_XX,1059,unspecified,anger,0,anger,0,0.9911,0.0088,0.0001,0.0
1059_TIE_DIS_XX,1059,unspecified,anger,0,anger,0,0.8645,0.127,0.007,0.0014
1059_TIE_HAP_XX,1059,unspecified,satisfaction,4,anger,0,0.6809,0.3132,0.0035,0.0025
1059_TIE_NEU_XX,1059,unspecified,neutral,3,sadness,2,0.0084,0.1733,0.7104,0.108
1059_TIE_SAD_XX,1059,unspecified,sadness,2,anger,0,0.7905,0.0974,0.1108,0.0012
1059_TSI_ANG_XX,1059,unspecified,anger,0,anger,0,0.9953,0.0044,0.0,0.0003
1059_TSI_DIS_XX,1059,unspecified,anger,0,anger,0,0.8244,0.1651,0.0003,0.0102
1059_TSI_HAP_XX,1059,unspecified,satisfaction,4,anger,0,0.9741,0.025,0.0,0.0009
1059_TSI_NEU_XX,1059,unspecified,neutral,3,anger,0,0.6762,0.3027,0.006,0.015
1059_TSI_SAD_XX,1059,unspecified,sadness,2,satisfaction,4,0.2084,0.6008,0.1291,0.0617
1059_WSI_ANG_XX,1059,unspecified,anger,0,anger,0,0.9947,0.0052,0.0,0.0001
1059_WSI_DIS_XX,1059,unspecified,anger,0,anger,0,0.864,0.0964,0.0145,0.0251
1059_WSI_HAP_XX,1059,unspecified,satisfaction,4,anger,0,0.9856,0.0116,0.0006,0.0022
1059_WSI_NEU_XX,1059,unspecified,neutral,3,anger,0,0.9485,0.0092,0.0225,0.0197
1059_WSI_SAD_XX,1059,unspecified,sadness,2,anger,0,0.7589,0.0714,0.1163,0.0534
1060_DFA_ANG_XX,1060,unspecified,anger,0,anger,0,0.6269,0.316,0.0263,0.0308
1060_DFA_DIS_XX,1060,unspecified,anger,0,neutral,3,0.0109,0.3224,0.2675,0.3992
1060_DFA_HAP_XX,1060,unspecified,satisfaction,4,satisfaction,4,0.0027,0.8193,0.1375,0.0404
1060_DFA_NEU_XX,1060,unspecified,neutral,3,sadness,2,0.0307,0.2136,0.5303,0.2253
1060_DFA_SAD_XX,1060,unspecified,sadness,2,neutral,3,0.0558,0.3533,0.1299,0.461
1060_IEO_ANG_HI,1060,high,anger,0,anger,0,0.9965,0.0031,0.0,0.0003
1060_IEO_ANG_LO,1060,low,anger,0,satisfaction,4,0.2697,0.662,0.0329,0.0354
1060_IEO_ANG_MD,1060,medium,anger,0,satisfaction,4,0.3005,0.6676,0.0097,0.0222
1060_IEO_DIS_HI,1060,high,anger,0,satisfaction,4,0.0017,0.6468,0.2336,0.1179
1060_IEO_DIS_LO,1060,low,anger,0,sadness,2,0.0005,0.3889,0.4392,0.1714
1060_IEO_DIS_MD,1060,medium,anger,0,satisfaction,4,0.0286,0.4947,0.0649,0.4118
1060_IEO_HAP_HI,1060,high,satisfaction,4,satisfaction,4,0.0296,0.9024,0.006,0.062
1060_IEO_HAP_LO,1060,low,satisfaction,4,satisfaction,4,0.0055,0.8359,0.146,0.0125
1060_IEO_HAP_MD,1060,medium,satisfaction,4,satisfaction,4,0.0192,0.8978,0.0627,0.0204
1060_IEO_NEU_XX,1060,unspecified,neutral,3,satisfaction,4,0.0039,0.7208,0.0493,0.226
1060_IEO_SAD_HI,1060,high,sadness,2,sadness,2,0.0002,0.2903,0.6079,0.1015
1060_IEO_SAD_LO,1060,low,sadness,2,satisfaction,4,0.0018,0.4275,0.2184,0.3523
1060_IEO_SAD_MD,1060,medium,sadness,2,neutral,3,0.0023,0.2874,0.3262,0.384
1060_IOM_ANG_XX,1060,unspecified,anger,0,anger,0,0.525,0.2078,0.086,0.1812
1060_IOM_DIS_XX,1060,unspecified,anger,0,sadness,2,0.0081,0.0953,0.5512,0.3455
1060_IOM_HAP_XX,1060,unspecified,satisfaction,4,sadness,2,0.022,0.3482,0.5883,0.0415
1060_IOM_NEU_XX,1060,unspecified,neutral,3,neutral,3,0.0047,0.0282,0.3185,0.6486
1060_IOM_SAD_XX,1060,unspecified,sadness,2,neutral,3,0.0002,0.0094,0.167,0.8234
1060_ITH_ANG_XX,1060,unspecified,anger,0,anger,0,0.9552,0.0069,0.0035,0.0344
1060_ITH_DIS_XX,1060,unspecified,anger,0,neutral,3,0.0005,0.0964,0.1785,0.7246
1060_ITH_HAP_XX,1060,unspecified,satisfaction,4,satisfaction,4,0.0512,0.6575,0.1102,0.1811
1060_ITH_NEU_XX,1060,unspecified,neutral,3,sadness,2,0.0128,0.2156,0.5265,0.2451
1060_ITH_SAD_XX,1060,unspecified,sadness,2,sadness,2,0.0052,0.1882,0.6095,0.1971
1060_ITS_ANG_XX,1060,unspecified,anger,0,anger,0,0.9801,0.0078,0.0006,0.0115
1060_ITS_DIS_XX,1060,unspecified,anger,0,sadness,2,0.0054,0.2373,0.5952,0.1621
1060_ITS_HAP_XX,1060,unspecified,satisfaction,4,satisfaction,4,0.0537,0.8159,0.1034,0.027
1060_ITS_NEU_XX,1060,unspecified,neutral,3,sadness,2,0.0069,0.1632,0.5825,0.2473
1060_ITS_SAD_XX,1060,unspecified,sadness,2,sadness,2,0.0018,0.0957,0.6686,0.2339
1060_IWL_ANG_XX,1060,unspecified,anger,0,anger,0,0.9341,0.056,0.0027,0.0072
1060_IWL_DIS_XX,1060,unspecified,anger,0,satisfaction,4,0.0011,0.4367,0.3437,0.2185
1060_IWL_HAP_XX,1060,unspecified,satisfaction,4,anger,0,0.604,0.2245,0.0368,0.1347
1060_IWL_NEU_XX,1060,unspecified,neutral,3,neutral,3,0.0247,0.1581,0.0729,0.7444
1060_IWL_SAD_XX,1060,unspecified,sadness,2,sadness,2,0.0006,0.1756,0.563,0.2608
1060_IWW_ANG_XX,1060,unspecified,anger,0,anger,0,0.9672,0.0106,0.0027,0.0195
1060_IWW_DIS_XX,1060,unspecified,anger,0,satisfaction,4,0.0058,0.4887,0.208,0.2974
1060_IWW_HAP_XX,1060,unspecified,satisfaction,4,satisfaction,4,0.0499,0.6352,0.1847,0.1302
1060_IWW_NEU_XX,1060,unspecified,neutral,3,neutral,3,0.04,0.1428,0.0229,0.7942
1060_IWW_SAD_XX,1060,unspecified,sadness,2,sadness,2,0.0008,0.0992,0.6199,0.2802
1060_MTI_ANG_XX,1060,unspecified,anger,0,anger,0,0.9235,0.0114,0.0418,0.0233
1060_MTI_DIS_XX,1060,unspecified,anger,0,neutral,3,0.2909,0.0444,0.1227,0.542
1060_MTI_HAP_XX,1060,unspecified,satisfaction,4,anger,0,0.4759,0.0972,0.2839,0.143
1060_MTI_NEU_XX,1060,unspecified,neutral,3,sadness,2,0.0044,0.1478,0.577,0.2708
1060_MTI_SAD_XX,1060,unspecified,sadness,2,sadness,2,0.0106,0.0383,0.7951,0.156
1060_TAI_ANG_XX,1060,unspecified,anger,0,anger,0,0.9035,0.0834,0.0125,0.0006
1060_TAI_DIS_XX,1060,unspecified,anger,0,sadness,2,0.0009,0.1514,0.6866,0.1611
1060_TAI_HAP_XX,1060,unspecified,satisfaction,4,satisfaction,4,0.0295,0.607,0.345,0.0185
1060_TAI_NEU_XX,1060,unspecified,neutral,3,sadness,2,0.0008,0.2405,0.6504,0.1084
1060_TAI_SAD_XX,1060,unspecified,sadness,2,sadness,2,0.0001,0.0981,0.8935,0.0082
1060_TIE_ANG_XX,1060,unspecified,anger,0,anger,0,0.8163,0.1639,0.0093,0.0105
1060_TIE_DIS_XX,1060,unspecified,anger,0,sadness,2,0.0142,0.3008,0.5135,0.1715
1060_TIE_HAP_XX,1060,unspecified,satisfaction,4,satisfaction,4,0.0076,0.6766,0.1796,0.1362
1060_TIE_NEU_XX,1060,unspecified,neutral,3,neutral,3,0.0076,0.265,0.2686,0.4587
1060_TIE_SAD_XX,1060,unspecified,sadness,2,sadness,2,0.0052,0.2113,0.5229,0.2605
1060_TSI_ANG_XX,1060,unspecified,anger,0,anger,0,0.8556,0.1296,0.0019,0.0129
1060_TSI_DIS_XX,1060,unspecified,anger,0,sadness,2,0.0001,0.1829,0.7349,0.0821
1060_TSI_HAP_XX,1060,unspecified,satisfaction,4,satisfaction,4,0.0503,0.8647,0.0396,0.0454
1060_TSI_NEU_XX,1060,unspecified,neutral,3,neutral,3,0.0137,0.3498,0.1838,0.4527
1060_TSI_SAD_XX,1060,unspecified,sadness,2,satisfaction,4,0.0016,0.4058,0.2958,0.2967
1060_WSI_ANG_XX,1060,unspecified,anger,0,anger,0,0.9306,0.023,0.0266,0.0198
1060_WSI_DIS_XX,1060,unspecified,anger,0,sadness,2,0.0153,0.0564,0.6252,0.3031
1060_WSI_HAP_XX,1060,unspecified,satisfaction,4,anger,0,0.4359,0.1374,0.1747,0.252
1060_WSI_NEU_XX,1060,unspecified,neutral,3,sadness,2,0.0077,0.1332,0.4562,0.4028
1060_WSI_SAD_XX,1060,unspecified,sadness,2,sadness,2,0.0005,0.072,0.6672,0.2603
1061_DFA_ANG_XX,1061,unspecified,anger,0,anger,0,0.9256,0.0693,0.0014,0.0037
1061_DFA_DIS_XX,1061,unspecified,anger,0,satisfaction,4,0.1537,0.7141,0.0111,0.1211
1061_DFA_HAP_XX,1061,unspecified,satisfaction,4,satisfaction,4,0.0882,0.6597,0.0031,0.249
1061_DFA_NEU_XX,1061,unspecified,neutral,3,anger,0,0.7634,0.186,0.0072,0.0434
1061_DFA_SAD_XX,1061,unspecified,sadness,2,neutral,3,0.0137,0.2246,0.2851,0.4767
1061_IEO_ANG_HI,1061,high,anger,0,anger,0,0.5012,0.4982,0.0004,0.0002
1061_IEO_ANG_LO,1061,low,anger,0,anger,0,0.5228,0.4332,0.0267,0.0172
1061_IEO_ANG_MD,1061,medium,anger,0,anger,0,0.961,0.0369,0.0012,0.0008
1061_IEO_DIS_HI,1061,high,anger,0,satisfaction,4,0.0064,0.9312,0.0129,0.0495
1061_IEO_DIS_LO,1061,low,anger,0,sadness,2,0.0029,0.4171,0.5139,0.0661
1061_IEO_DIS_MD,1061,medium,anger,0,satisfaction,4,0.0116,0.8128,0.0557,0.1198
1061_IEO_HAP_HI,1061,high,satisfaction,4,satisfaction,4,0.0224,0.9188,0.0218,0.037
1061_IEO_HAP_LO,1061,low,satisfaction,4,satisfaction,4,0.0533,0.8051,0.0464,0.0953
1061_IEO_HAP_MD,1061,medium,satisfaction,4,satisfaction,4,0.0545,0.7274,0.0031,0.215
1061_IEO_NEU_XX,1061,unspecified,neutral,3,satisfaction,4,0.1392,0.5216,0.1934,0.1457
1061_IEO_SAD_HI,1061,high,sadness,2,neutral,3,0.002,0.23,0.2992,0.4688
1061_IEO_SAD_LO,1061,low,sadness,2,satisfaction,4,0.0181,0.4608,0.2885,0.2326
1061_IEO_SAD_MD,1061,medium,sadness,2,neutral,3,0.0113,0.4152,0.1191,0.4544
1061_IOM_ANG_XX,1061,unspecified,anger,0,anger,0,0.7989,0.1725,0.0167,0.0119
1061_IOM_DIS_XX,1061,unspecified,anger,0,anger,0,0.4359,0.2992,0.056,0.2089
1061_IOM_HAP_XX,1061,unspecified,satisfaction,4,neutral,3,0.3915,0.1754,0.0244,0.4087
1061_IOM_NEU_XX,1061,unspecified,neutral,3,satisfaction,4,0.1139,0.4486,0.0997,0.3378
1061_IOM_SAD_XX,1061,unspecified,sadness,2,neutral,3,0.0207,0.1526,0.2833,0.5435
1061_ITH_ANG_XX,1061,unspecified,anger,0,anger,0,0.8734,0.0561,0.0087,0.0618
1061_ITH_DIS_XX,1061,unspecified,anger,0,satisfaction,4,0.2167,0.5252,0.1164,0.1417
1061_ITH_HAP_XX,1061,unspecified,satisfaction,4,neutral,3,0.1596,0.3401,0.1239,0.3764
1061_ITH_NEU_XX,1061,unspecified,neutral,3,neutral,3,0.1023,0.2214,0.1165,0.5598
1061_ITH_SAD_XX,1061,unspecified,sadness,2,sadness,2,0.0044,0.044,0.513,0.4386
1061_ITS_ANG_XX,1061,unspecified,anger,0,anger,0,0.9449,0.0356,0.0013,0.0182
1061_ITS_DIS_XX,1061,unspecified,anger,0,satisfaction,4,0.0888,0.5765,0.0693,0.2654
1061_ITS_HAP_XX,1061,unspecified,satisfaction,4,satisfaction,4,0.3355,0.4443,0.0496,0.1706
1061_ITS_NEU_XX,1061,unspecified,neutral,3,neutral,3,0.1615,0.2488,0.1208,0.4689
1061_ITS_SAD_XX,1061,unspecified,sadness,2,neutral,3,0.0086,0.2713,0.1597,0.5604
1061_IWL_ANG_XX,1061,unspecified,anger,0,anger,0,0.9981,0.0014,0.0,0.0005
1061_IWL_DIS_XX,1061,unspecified,anger,0,satisfaction,4,0.0853,0.6118,0.061,0.2419
1061_IWL_HAP_XX,1061,unspecified,satisfaction,4,satisfaction,4,0.0543,0.5223,0.1125,0.3109
1061_IWL_NEU_XX,1061,unspecified,neutral,3,satisfaction,4,0.2778,0.4723,0.0538,0.1961
1061_IWL_SAD_XX,1061,unspecified,sadness,2,satisfaction,4,0.005,0.5551,0.3169,0.123
1061_IWW_ANG_XX,1061,unspecified,anger,0,anger,0,0.9835,0.012,0.0007,0.0039
1061_IWW_DIS_XX,1061,unspecified,anger,0,satisfaction,4,0.167,0.4168,0.1394,0.2768
1061_IWW_HAP_XX,1061,unspecified,satisfaction,4,satisfaction,4,0.3462,0.5542,0.0228,0.0768
1061_IWW_NEU_XX,1061,unspecified,neutral,3,neutral,3,0.1313,0.2495,0.1444,0.4748
1061_IWW_SAD_XX,1061,unspecified,sadness,2,satisfaction,4,0.0043,0.4451,0.2865,0.2641
1061_MTI_ANG_XX,1061,unspecified,anger,0,anger,0,0.9923,0.0068,0.0006,0.0003
1061_MTI_DIS_XX,1061,unspecified,anger,0,sadness,2,0.331,0.1468,0.3666,0.1555
1061_MTI_HAP_XX,1061,unspecified,satisfaction,4,satisfaction,4,0.2976,0.6144,0.0458,0.0422
1061_MTI_NEU_XX,1061,unspecified,neutral,3,sadness,2,0.0447,0.1482,0.5365,0.2706
1061_MTI_SAD_XX,1061,unspecified,sadness,2,sadness,2,0.0672,0.061,0.7911,0.0807
1061_TAI_ANG_XX,1061,unspecified,anger,0,satisfaction,4,0.2591,0.6894,0.0464,0.0051
1061_TAI_DIS_XX,1061,unspecified,anger,0,satisfaction,4,0.0474,0.8582,0.0724,0.022
1061_TAI_HAP_XX,1061,unspecified,satisfaction,4,satisfaction,4,0.1051,0.842,0.0333,0.0195
1061_TAI_NEU_XX,1061,unspecified,neutral,3,satisfaction,4,0.0413,0.7754,0.073,0.1103
1061_TAI_SAD_XX,1061,unspecified,sadness,2,sadness,2,0.0184,0.2618,0.5602,0.1596
1061_TIE_ANG_XX,1061,unspecified,anger,0,anger,0,0.8719,0.0191,0.0085,0.1004
1061_TIE_DIS_XX,1061,unspecified,anger,0,satisfaction,4,0.036,0.4716,0.301,0.1913
1061_TIE_HAP_XX,1061,unspecified,satisfaction,4,satisfaction,4,0.1648,0.4787,0.0603,0.2963
1061_TIE_NEU_XX,1061,unspecified,neutral,3,neutral,3,0.0216,0.1718,0.2456,0.561
1061_TIE_SAD_XX,1061,unspecified,sadness,2,sadness,2,0.0379,0.1361,0.4873,0.3387
1061_TSI_ANG_XX,1061,unspecified,anger,0,anger,0,0.678,0.3116,0.0011,0.0092
1061_TSI_DIS_XX,1061,unspecified,anger,0,satisfaction,4,0.0368,0.8985,0.0144,0.0504
1061_TSI_HAP_XX,1061,unspecified,satisfaction,4,satisfaction,4,0.0194,0.5868,0.1394,0.2544
1061_TSI_NEU_XX,1061,unspecified,neutral,3,neutral,3,0.1017,0.144,0.0326,0.7216
1061_TSI_SAD_XX,1061,unspecified,sadness,2,sadness,2,0.0005,0.0565,0.6956,0.2474
1061_WSI_ANG_XX,1061,unspecified,anger,0,anger,0,0.9824,0.0158,0.0009,0.0009
1061_WSI_DIS_XX,1061,unspecified,anger,0,anger,0,0.5873,0.1417,0.0287,0.2423
1061_WSI_HAP_XX,1061,unspecified,satisfaction,4,anger,0,0.5214,0.3955,0.007,0.0761
1061_WSI_NEU_XX,1061,unspecified,neutral,3,anger,0,0.6038,0.0538,0.0572,0.2852
1061_WSI_SAD_XX,1061,unspecified,sadness,2,neutral,3,0.0112,0.0416,0.3472,0.6
1062_DFA_ANG_XX,1062,unspecified,anger,0,anger,0,0.8376,0.1556,0.0001,0.0066
1062_DFA_DIS_XX,1062,unspecified,anger,0,satisfaction,4,0.0116,0.7376,0.0549,0.1959
1062_DFA_HAP_XX,1062,unspecified,satisfaction,4,neutral,3,0.0191,0.1845,0.0065,0.7899
1062_DFA_NEU_XX,1062,unspecified,neutral,3,neutral,3,0.0616,0.2676,0.205,0.4657
1062_DFA_SAD_XX,1062,unspecified,sadness,2,sadness,2,0.0006,0.1889,0.6459,0.1646
1062_IEO_ANG_HI,1062,high,anger,0,anger,0,0.6847,0.3129,0.0018,0.0006
1062_IEO_ANG_LO,1062,low,anger,0,satisfaction,4,0.1157,0.7403,0.0604,0.0837
1062_IEO_ANG_MD,1062,medium,anger,0,anger,0,0.7238,0.2469,0.0165,0.0128
1062_IEO_DIS_HI,1062,high,anger,0,sadness,2,0.001,0.1256,0.8433,0.0302
1062_IEO_DIS_LO,1062,low,anger,0,sadness,2,0.0002,0.0889,0.8867,0.0242
1062_IEO_DIS_MD,1062,medium,anger,0,satisfaction,4,0.0059,0.5114,0.4448,0.0378
1062_IEO_HAP_HI,1062,high,satisfaction,4,anger,0,0.5309,0.3618,0.0809,0.0264
1062_IEO_HAP_LO,1062,low,satisfaction,4,sadness,2,0.0079,0.3904,0.4646,0.1371
1062_IEO_HAP_MD,1062,medium,satisfaction,4,satisfaction,4,0.016,0.5751,0.3736,0.0354
1062_IEO_NEU_XX,1062,unspecified,neutral,3,sadness,2,0.0278,0.2883,0.5245,0.1595
1062_IEO_SAD_HI,1062,high,sadness,2,sadness,2,0.0001,0.0954,0.8547,0.0498
1062_IEO_SAD_LO,1062,low,sadness,2,sadness,2,0.0003,0.0964,0.823,0.0802
1062_IEO_SAD_MD,1062,medium,sadness,2,sadness,2,0.0016,0.1233,0.7651,0.1099
1062_IOM_ANG_XX,1062,unspecified,anger,0,anger,0,0.7624,0.1374,0.0651,0.0351
1062_IOM_DIS_XX,1062,unspecified,anger,0,sadness,2,0.0001,0.0268,0.9342,0.039
1062_IOM_HAP_XX,1062,unspecified,satisfaction,4,satisfaction,4,0.0057,0.6383,0.3289,0.027
1062_IOM_NEU_XX,1062,unspecified,neutral,3,sadness,2,0.0013,0.0926,0.8177,0.0884
1062_IOM_SAD_XX,1062,unspecified,sadness,2,sadness,2,0.0,0.0219,0.974,0.0041
1062_ITH_ANG_XX,1062,unspecified,anger,0,anger,0,0.7798,0.2062,0.0076,0.0064
1062_ITH_DIS_XX,1062,unspecified,anger,0,satisfaction,4,0.0114,0.627,0.3227,0.0388
1062_ITH_HAP_XX,1062,unspecified,satisfaction,4,satisfaction,4,0.0313,0.5322,0.1008,0.3357
1062_ITH_NEU_XX,1062,unspecified,neutral,3,sadness,2,0.0022,0.0937,0.7441,0.16
1062_ITH_SAD_XX,1062,unspecified,sadness,2,sadness,2,0.0,0.0267,0.9409,0.0324
1062_ITS_ANG_XX,1062,unspecified,anger,0,anger,0,0.9843,0.015,0.0,0.0006
1062_ITS_DIS_XX,1062,unspecified,anger,0,sadness,2,0.0009,0.1319,0.766,0.1013
1062_ITS_HAP_XX,1062,unspecified,satisfaction,4,satisfaction,4,0.3945,0.514,0.0036,0.0879
1062_ITS_NEU_XX,1062,unspecified,neutral,3,satisfaction,4,0.1303,0.4911,0.1627,0.216
1062_ITS_SAD_XX,1062,unspecified,sadness,2,sadness,2,0.0027,0.1675,0.5287,0.3011
1062_IWL_ANG_XX,1062,unspecified,anger,0,anger,0,0.7165,0.2719,0.0035,0.0081
1062_IWL_DIS_XX,1062,unspecified,anger,0,satisfaction,4,0.0036,0.6101,0.3504,0.0359
1062_IWL_HAP_XX,1062,unspecified,satisfaction,4,satisfaction,4,0.0172,0.4388,0.3975,0.1466
1062_IWL_NEU_XX,1062,unspecified,neutral,3,satisfaction,4,0.0331,0.4006,0.3766,0.1897
1062_IWL_SAD_XX,1062,unspecified,sadness,2,sadness,2,0.0,0.0348,0.9518,0.0134
1062_IWW_ANG_XX,1062,unspecified,anger,0,anger,0,0.9911,0.0041,0.0,0.0047
1062_IWW_DIS_XX,1062,unspecified,anger,0,sadness,2,0.0001,0.0342,0.9499,0.0158
1062_IWW_HAP_XX,1062,unspecified,satisfaction,4,neutral,3,0.0624,0.0947,0.0234,0.8196
1062_IWW_NEU_XX,1062,unspecified,neutral,3,neutral,3,0.0252,0.1312,0.3091,0.5345
1062_IWW_SAD_XX,1062,unspecified,sadness,2,sadness,2,0.0,0.0795,0.895,0.0254
1062_MTI_ANG_XX,1062,unspecified,anger,0,anger,0,0.9097,0.07,0.0086,0.0117
1062_MTI_DIS_XX,1062,unspecified,anger,0,sadness,2,0.0005,0.0516,0.8784,0.0695
1062_MTI_HAP_XX,1062,unspecified,satisfaction,4,neutral,3,0.0104,0.2087,0.2315,0.5495
1062_MTI_NEU_XX,1062,unspecified,neutral,3,sadness,2,0.0072,0.2247,0.5618,0.2062
1062_MTI_SAD_XX,1062,unspecified,sadness,2,sadness,2,0.0,0.0181,0.9763,0.0056
1062_TAI_ANG_XX,1062,unspecified,anger,0,anger,0,0.7545,0.232,0.0065,0.007
1062_TAI_DIS_XX,1062,unspecified,anger,0,sadness,2,0.0,0.0524,0.9006,0.047
1062_TAI_HAP_XX,1062,unspecified,satisfaction,4,satisfaction,4,0.0067,0.8002,0.1501,0.0431
1062_TAI_NEU_XX,1062,unspecified,neutral,3,sadness,2,0.0012,0.2381,0.6688,0.092
1062_TAI_SAD_XX,1062,unspecified,sadness,2,sadness,2,0.0,0.0459,0.9479,0.0061
1062_TIE_ANG_XX,1062,unspecified,anger,0,anger,0,0.851,0.1032,0.013,0.0328
1062_TIE_DIS_XX,1062,unspecified,anger,0,sadness,2,0.0035,0.0816,0.7532,0.1618
1062_TIE_HAP_XX,1062,unspecified,satisfaction,4,satisfaction,4,0.1498,0.4747,0.1706,0.2049
1062_TIE_NEU_XX,1062,unspecified,neutral,3,sadness,2,0.0329,0.2605,0.5077,0.1988
1062_TIE_SAD_XX,1062,unspecified,sadness,2,sadness,2,0.0002,0.0265,0.8345,0.1388
1062_TSI_ANG_XX,1062,unspecified,anger,0,anger,0,0.659,0.2941,0.0005,0.0464
1062_TSI_DIS_XX,1062,unspecified,anger,0,satisfaction,4,0.0024,0.4606,0.3335,0.2034
1062_TSI_HAP_XX,1062,unspecified,satisfaction,4,sadness,2,0.0003,0.1565,0.6255,0.2177
1062_TSI_NEU_XX,1062,unspecified,neutral,3,satisfaction,4,0.0014,0.3713,0.3169,0.3105
1062_TSI_SAD_XX,1062,unspecified,sadness,2,sadness,2,0.0,0.0316,0.9493,0.0191
1062_WSI_ANG_XX,1062,unspecified,anger,0,anger,0,0.986,0.0127,0.0001,0.0013
1062_WSI_DIS_XX,1062,unspecified,anger,0,sadness,2,0.0171,0.3504,0.4861,0.1465
1062_WSI_HAP_XX,1062,unspecified,satisfaction,4,anger,0,0.596,0.2732,0.0239,0.107
1062_WSI_NEU_XX,1062,unspecified,neutral,3,sadness,2,0.037,0.0586,0.7338,0.1706
1062_WSI_SAD_XX,1062,unspecified,sadness,2,sadness,2,0.0023,0.0571,0.8616,0.079
1063_DFA_ANG_XX,1063,unspecified,anger,0,anger,0,0.9902,0.0068,0.0,0.003
1063_DFA_DIS_XX,1063,unspecified,anger,0,neutral,3,0.0078,0.213,0.009,0.7702
1063_DFA_HAP_XX,1063,unspecified,satisfaction,4,satisfaction,4,0.1881,0.5752,0.003,0.2337
1063_DFA_NEU_XX,1063,unspecified,neutral,3,neutral,3,0.3935,0.1559,0.0148,0.4358
1063_DFA_SAD_XX,1063,unspecified,sadness,2,neutral,3,0.0003,0.0951,0.2993,0.6053
1063_IEO_ANG_HI,1063,high,anger,0,anger,0,0.9776,0.0219,0.0001,0.0003
1063_IEO_ANG_LO,1063,low,anger,0,satisfaction,4,0.1099,0.8115,0.0275,0.051
1063_IEO_ANG_MD,1063,medium,anger,0,anger,0,0.8767,0.0294,0.0433,0.0505
1063_IEO_DIS_HI,1063,high,anger,0,satisfaction,4,0.0036,0.7906,0.0733,0.1325
1063_IEO_DIS_LO,1063,low,anger,0,satisfaction,4,0.0037,0.4553,0.275,0.2661
1063_IEO_DIS_MD,1063,medium,anger,0,satisfaction,4,0.059,0.7167,0.0339,0.1903
1063_IEO_HAP_HI,1063,high,satisfaction,4,satisfaction,4,0.2623,0.6295,0.0043,0.1039
1063_IEO_HAP_LO,1063,low,satisfaction,4,satisfaction,4,0.0507,0.7876,0.0154,0.1464
1063_IEO_HAP_MD,1063,medium,satisfaction,4,satisfaction,4,0.0085,0.9138,0.0065,0.0711
1063_IEO_NEU_XX,1063,unspecified,neutral,3,neutral,3,0.0531,0.2904,0.0267,0.6297
1063_IEO_SAD_HI,1063,high,sadness,2,sadness,2,0.0009,0.4367,0.4569,0.1054
1063_IEO_SAD_LO,1063,low,sadness,2,neutral,3,0.0013,0.1526,0.1825,0.6635
1063_IEO_SAD_MD,1063,medium,sadness,2,sadness,2,0.0007,0.3447,0.3749,0.2796
1063_IOM_ANG_XX,1063,unspecified,anger,0,anger,0,0.8053,0.1523,0.0297,0.0127
1063_IOM_DIS_XX,1063,unspecified,anger,0,sadness,2,0.009,0.2816,0.4932,0.2162
1063_IOM_HAP_XX,1063,unspecified,satisfaction,4,satisfaction,4,0.324,0.5244,0.0355,0.1161
1063_IOM_NEU_XX,1063,unspecified,neutral,3,neutral,3,0.1606,0.2094,0.1166,0.5135
1063_IOM_SAD_XX,1063,unspecified,sadness,2,sadness,2,0.0044,0.1333,0.4376,0.4247
1063_ITH_ANG_XX,1063,unspecified,anger,0,anger,0,0.8103,0.1176,0.0463,0.0258
1063_ITH_DIS_XX,1063,unspecified,anger,0,sadness,2,0.0005,0.1591,0.5696,0.2707
1063_ITH_HAP_XX,1063,unspecified,satisfaction,4,satisfaction,4,0.0009,0.7215,0.1067,0.1709
1063_ITH_NEU_XX,1063,unspecified,neutral,3,neutral,3,0.0247,0.3303,0.1682,0.4768
1063_ITH_SAD_XX,1063,unspecified,sadness,2,sadness,2,0.0003,0.0949,0.8053,0.0995
1063_ITS_ANG_XX,1063,unspecified,anger,0,anger,0,0.6729,0.1775,0.0047,0.1449
1063_ITS_DIS_XX,1063,unspecified,anger,0,satisfaction,4,0.0076,0.7169,0.2174,0.0581
1063_ITS_HAP_XX,1063,unspecified,satisfaction,4,satisfaction,4,0.0445,0.8998,0.0109,0.0449
1063_ITS_NEU_XX,1063,unspecified,neutral,3,satisfaction,4,0.0254,0.4548,0.189,0.3308
1063_ITS_SAD_XX,1063,unspecified,sadness,2,sadness,2,0.0012,0.2259,0.6856,0.0873
1063_IWL_ANG_XX,1063,unspecified,anger,0,anger,0,0.8599,0.1234,0.0032,0.0135
1063_IWL_DIS_XX,1063,unspecified,anger,0,neutral,3,0.0211,0.3682,0.0195,0.5913
1063_IWL_HAP_XX,1063,unspecified,satisfaction,4,satisfaction,4,0.0337,0.6163,0.0258,0.3242
1063_IWL_NEU_XX,1063,unspecified,neutral,3,satisfaction,4,0.0214,0.464,0.1213,0.3933
1063_IWL_SAD_XX,1063,unspecified,sadness,2,neutral,3,0.0012,0.2415,0.2914,0.4659
1063_IWW_ANG_XX,1063,unspecified,anger,0,anger,0,0.9464,0.028,0.0085,0.017
1063_IWW_DIS_XX,1063,unspecified,anger,0,sadness,2,0.0149,0.2989,0.379,0.3072
1063_IWW_HAP_XX,1063,unspecified,satisfaction,4,satisfaction,4,0.0047,0.9447,0.046,0.0046
1063_IWW_NEU_XX,1063,unspecified,neutral,3,neutral,3,0.3284,0.106,0.0478,0.5178
1063_IWW_SAD_XX,1063,unspecified,sadness,2,sadness,2,0.0009,0.1283,0.6398,0.231
1063_MTI_ANG_XX,1063,unspecified,anger,0,anger,0,0.8567,0.05,0.0539,0.0394
1063_MTI_DIS_XX,1063,unspecified,anger,0,neutral,3,0.0839,0.2286,0.2645,0.423
1063_MTI_HAP_XX,1063,unspecified,satisfaction,4,satisfaction,4,0.095,0.6292,0.2439,0.0319
1063_MTI_NEU_XX,1063,unspecified,neutral,3,sadness,2,0.1457,0.0782,0.4364,0.3397
1063_MTI_SAD_XX,1063,unspecified,sadness,2,sadness,2,0.0138,0.0187,0.6863,0.2812
1063_TAI_ANG_XX,1063,unspecified,anger,0,satisfaction,4,0.1643,0.7163,0.1148,0.0046
1063_TAI_DIS_XX,1063,unspecified,anger,0,sadness,2,0.0021,0.2189,0.7551,0.024
1063_TAI_HAP_XX,1063,unspecified,satisfaction,4,satisfaction,4,0.0007,0.9177,0.0804,0.0011
1063_TAI_NEU_XX,1063,unspecified,neutral,3,neutral,3,0.0243,0.2177,0.3697,0.3884
1063_TAI_SAD_XX,1063,unspecified,sadness,2,sadness,2,0.0126,0.25,0.6232,0.1142
1063_TIE_ANG_XX,1063,unspecified,anger,0,anger,0,0.9936,0.0056,0.0003,0.0004
1063_TIE_DIS_XX,1063,unspecified,anger,0,neutral,3,0.1903,0.2495,0.086,0.4742
1063_TIE_HAP_XX,1063,unspecified,satisfaction,4,satisfaction,4,0.3445,0.4057,0.0248,0.225
1063_TIE_NEU_XX,1063,unspecified,neutral,3,neutral,3,0.0707,0.2384,0.2074,0.4835
1063_TIE_SAD_XX,1063,unspecified,sadness,2,sadness,2,0.0092,0.3112,0.373,0.3065
1063_TSI_ANG_XX,1063,unspecified,anger,0,anger,0,0.9776,0.0119,0.0016,0.0089
1063_TSI_DIS_XX,1063,unspecified,anger,0,satisfaction,4,0.0054,0.7145,0.1736,0.1064
1063_TSI_HAP_XX,1063,unspecified,satisfaction,4,satisfaction,4,0.0155,0.962,0.008,0.0145
1063_TSI_NEU_XX,1063,unspecified,neutral,3,satisfaction,4,0.0124,0.716,0.0343,0.2373
1063_TSI_SAD_XX,1063,unspecified,sadness,2,satisfaction,4,0.0028,0.5485,0.3011,0.1476
1063_WSI_ANG_XX,1063,unspecified,anger,0,anger,0,0.9987,0.0012,0.0,0.0
1063_WSI_DIS_XX,1063,unspecified,anger,0,sadness,2,0.0186,0.1066,0.8329,0.0419
1063_WSI_HAP_XX,1063,unspecified,satisfaction,4,neutral,3,0.1042,0.3162,0.0209,0.5587
1063_WSI_NEU_XX,1063,unspecified,neutral,3,sadness,2,0.0771,0.1271,0.5049,0.2909
1063_WSI_SAD_XX,1063,unspecified,sadness,2,sadness,2,0.0009,0.0353,0.9168,0.047
1064_DFA_ANG_XX,1064,unspecified,anger,0,anger,0,0.9989,0.001,0.0,0.0001
1064_DFA_DIS_XX,1064,unspecified,anger,0,satisfaction,4,0.0847,0.854,0.0235,0.0377
1064_DFA_HAP_XX,1064,unspecified,satisfaction,4,neutral,3,0.0296,0.4032,0.0926,0.4746
1064_DFA_NEU_XX,1064,unspecified,neutral,3,satisfaction,4,0.0222,0.4533,0.1742,0.3502
1064_DFA_SAD_XX,1064,unspecified,sadness,2,sadness,2,0.0011,0.2833,0.5866,0.129
1064_IEO_ANG_HI,1064,high,anger,0,anger,0,0.9879,0.0113,0.0001,0.0007
1064_IEO_ANG_LO,1064,low,anger,0,anger,0,0.9898,0.0085,0.0002,0.0015
1064_IEO_ANG_MD,1064,medium,anger,0,anger,0,0.9653,0.033,0.0005,0.0012
1064_IEO_DIS_HI,1064,high,anger,0,satisfaction,4,0.3156,0.6593,0.0193,0.0058
1064_IEO_DIS_LO,1064,low,anger,0,satisfaction,4,0.0159,0.672,0.2145,0.0976
1064_IEO_DIS_MD,1064,medium,anger,0,satisfaction,4,0.1778,0.6042,0.1206,0.0973
1064_IEO_HAP_HI,1064,high,satisfaction,4,satisfaction,4,0.0067,0.9727,0.0172,0.0034
1064_IEO_HAP_LO,1064,low,satisfaction,4,neutral,3,0.0038,0.2766,0.3263,0.3932
1064_IEO_HAP_MD,1064,medium,satisfaction,4,satisfaction,4,0.0074,0.4885,0.1738,0.3302
1064_IEO_NEU_XX,1064,unspecified,neutral,3,sadness,2,0.0016,0.2417,0.4906,0.2662
1064_IEO_SAD_HI,1064,high,sadness,2,sadness,2,0.003,0.4197,0.5084,0.069
1064_IEO_SAD_LO,1064,low,sadness,2,sadness,2,0.0007,0.1795,0.534,0.2857
1064_IEO_SAD_MD,1064,medium,sadness,2,sadness,2,0.0001,0.0182,0.8649,0.1169
1064_IOM_ANG_XX,1064,unspecified,anger,0,anger,0,0.983,0.014,0.0016,0.0014
1064_IOM_DIS_XX,1064,unspecified,anger,0,sadness,2,0.0087,0.2346,0.6128,0.1439
1064_IOM_HAP_XX,1064,unspecified,satisfaction,4,satisfaction,4,0.0068,0.6943,0.2105,0.0884
1064_IOM_NEU_XX,1064,unspecified,neutral,3,sadness,2,0.007,0.171,0.735,0.087
1064_IOM_SAD_XX,1064,unspecified,sadness,2,sadness,2,0.0002,0.0564,0.5862,0.3572
1064_ITH_ANG_XX,1064,unspecified,anger,0,anger,0,0.9269,0.0691,0.0012,0.0028
1064_ITH_DIS_XX,1064,unspecified,anger,0,sadness,2,0.0022,0.1628,0.7406,0.0944
1064_ITH_HAP_XX,1064,unspecified,satisfaction,4,satisfaction,4,0.0457,0.7253,0.0802,0.1487
1064_ITH_NEU_XX,1064,unspecified,neutral,3,sadness,2,0.0044,0.1807,0.4465,0.3683
1064_ITH_SAD_XX,1064,unspecified,sadness,2,sadness,2,0.0001,0.0896,0.8473,0.063
1064_ITS_ANG_XX,1064,unspecified,anger,0,anger,0,0.9486,0.0434,0.0017,0.0062
1064_ITS_DIS_XX,1064,unspecified,anger,0,satisfaction,4,0.1034,0.5258,0.3239,0.0469
1064_ITS_HAP_XX,1064,unspecified,satisfaction,4,satisfaction,4,0.2544,0.6787,0.0217,0.0452
1064_ITS_NEU_XX,1064,unspecified,neutral,3,neutral,3,0.0181,0.1108,0.0921,0.779
1064_ITS_SAD_XX,1064,unspecified,sadness,2,sadness,2,0.0002,0.0553,0.9196,0.0249
1064_IWL_ANG_XX,1064,unspecified,anger,0,satisfaction,4,0.0157,0.7565,0.1559,0.072
1064_IWL_DIS_XX,1064,unspecified,anger,0,satisfaction,4,0.006,0.6616,0.186,0.1464
1064_IWL_HAP_XX,1064,unspecified,satisfaction,4,neutral,3,0.0008,0.2423,0.1429,0.6139
1064_IWL_NEU_XX,1064,unspecified,neutral,3,sadness,2,0.0097,0.3112,0.3953,0.2839
1064_IWL_SAD_XX,1064,unspecified,sadness,2,neutral,3,0.0017,0.1995,0.3112,0.4875
1064_IWW_ANG_XX,1064,unspecified,anger,0,anger,0,0.9672,0.0226,0.0014,0.0088
1064_IWW_DIS_XX,1064,unspecified,anger,0,satisfaction,4,0.0924,0.4903,0.2637,0.1535
1064_IWW_HAP_XX,1064,unspecified,satisfaction,4,sadness,2,0.0005,0.3809,0.5558,0.0628
1064_IWW_NEU_XX,1064,unspecified,neutral,3,neutral,3,0.021,0.0752,0.2126,0.6912
1064_IWW_SAD_XX,1064,unspecified,sadness,2,sadness,2,0.001,0.0806,0.8763,0.0421
1064_MTI_ANG_XX,1064,unspecified,anger,0,anger,0,0.458,0.3974,0.0887,0.0559
1064_MTI_DIS_XX,1064,unspecified,anger,0,sadness,2,0.0213,0.0921,0.6609,0.2258
1064_MTI_HAP_XX,1064,unspecified,satisfaction,4,satisfaction,4,0.0149,0.5393,0.3728,0.073
1064_MTI_NEU_XX,1064,unspecified,neutral,3,neutral,3,0.0592,0.0596,0.1307,0.7505
1064_MTI_SAD_XX,1064,unspecified,sadness,2,sadness,2,0.0039,0.1382,0.6068,0.2512
1064_TAI_ANG_XX,1064,unspecified,anger,0,anger,0,0.7995,0.1806,0.0097,0.0102
1064_TAI_DIS_XX,1064,unspecified,anger,0,satisfaction,4,0.1559,0.5627,0.2195,0.0619
1064_TAI_HAP_XX,1064,unspecified,satisfaction,4,satisfaction,4,0.0239,0.6857,0.1961,0.0942
1064_TAI_NEU_XX,1064,unspecified,neutral,3,satisfaction,4,0.0051,0.4373,0.2362,0.3214
1064_TAI_SAD_XX,1064,unspecified,sadness,2,sadness,2,0.004,0.3693,0.5063,0.1205
1064_TIE_ANG_XX,1064,unspecified,anger,0,anger,0,0.9981,0.0018,0.0,0.0001
1064_TIE_DIS_XX,1064,unspecified,anger,0,satisfaction,4,0.2721,0.4025,0.2297,0.0957
1064_TIE_HAP_XX,1064,unspecified,satisfaction,4,satisfaction,4,0.0028,0.5011,0.4861,0.0099
1064_TIE_NEU_XX,1064,unspecified,neutral,3,sadness,2,0.009,0.1516,0.6189,0.2205
1064_TIE_SAD_XX,1064,unspecified,sadness,2,sadness,2,0.0049,0.1129,0.7691,0.1131
1064_TSI_ANG_XX,1064,unspecified,anger,0,anger,0,0.9305,0.0642,0.0001,0.0053
1064_TSI_DIS_XX,1064,unspecified,anger,0,satisfaction,4,0.0017,0.9169,0.0604,0.0209
1064_TSI_HAP_XX,1064,unspecified,satisfaction,4,satisfaction,4,0.0003,0.9282,0.0609,0.0106
1064_TSI_NEU_XX,1064,unspecified,neutral,3,satisfaction,4,0.0441,0.4676,0.0799,0.4085
1064_TSI_SAD_XX,1064,unspecified,sadness,2,sadness,2,0.0012,0.2365,0.5697,0.1926
1064_WSI_ANG_XX,1064,unspecified,anger,0,anger,0,0.9952,0.0047,0.0,0.0
1064_WSI_DIS_XX,1064,unspecified,anger,0,satisfaction,4,0.0499,0.4614,0.087,0.4017
1064_WSI_HAP_XX,1064,unspecified,satisfaction,4,neutral,3,0.0129,0.3561,0.238,0.393
1064_WSI_NEU_XX,1064,unspecified,neutral,3,neutral,3,0.1214,0.2863,0.2142,0.3781
1064_WSI_SAD_XX,1064,unspecified,sadness,2,sadness,2,0.0006,0.098,0.728,0.1734
1065_DFA_ANG_XX,1065,unspecified,anger,0,anger,0,0.9963,0.0036,0.0,0.0001
1065_DFA_DIS_XX,1065,unspecified,anger,0,anger,0,0.4369,0.2951,0.0082,0.2598
1065_DFA_HAP_XX,1065,unspecified,satisfaction,4,satisfaction,4,0.365,0.3799,0.0344,0.2206
1065_DFA_NEU_XX,1065,unspecified,neutral,3,neutral,3,0.0172,0.3069,0.2461,0.4298
1065_DFA_SAD_XX,1065,unspecified,sadness,2,neutral,3,0.0091,0.4122,0.137,0.4416
1065_IEO_ANG_HI,1065,high,anger,0,anger,0,0.9947,0.0053,0.0,0.0
1065_IEO_ANG_LO,1065,low,anger,0,anger,0,0.6614,0.218,0.0319,0.0887
1065_IEO_ANG_MD,1065,medium,anger,0,anger,0,0.6761,0.2988,0.0025,0.0225
1065_IEO_DIS_HI,1065,high,anger,0,satisfaction,4,0.0073,0.8803,0.0623,0.0501
1065_IEO_DIS_LO,1065,low,anger,0,satisfaction,4,0.0017,0.5183,0.2693,0.2107
1065_IEO_DIS_MD,1065,medium,anger,0,satisfaction,4,0.0023,0.5624,0.3378,0.0975
1065_IEO_HAP_HI,1065,high,satisfaction,4,satisfaction,4,0.0022,0.8739,0.04,0.0839
1065_IEO_HAP_LO,1065,low,satisfaction,4,satisfaction,4,0.0075,0.5652,0.1444,0.2828
1065_IEO_HAP_MD,1065,medium,satisfaction,4,satisfaction,4,0.003,0.9458,0.0391,0.0121
1065_IEO_NEU_XX,1065,unspecified,neutral,3,neutral,3,0.0136,0.2787,0.1972,0.5104
1065_IEO_SAD_HI,1065,high,sadness,2,satisfaction,4,0.001,0.5472,0.2305,0.2212
1065_IEO_SAD_LO,1065,low,sadness,2,neutral,3,0.0,0.0149,0.1496,0.8354
1065_IEO_SAD_MD,1065,medium,sadness,2,neutral,3,0.0008,0.2232,0.3637,0.4122
1065_IOM_ANG_XX,1065,unspecified,anger,0,anger,0,0.9885,0.0084,0.001,0.0021
1065_IOM_DIS_XX,1065,unspecified,anger,0,sadness,2,0.0055,0.1456,0.7579,0.091
1065_IOM_HAP_XX,1065,unspecified,satisfaction,4,satisfaction,4,0.0078,0.7846,0.1811,0.0265
1065_IOM_NEU_XX,1065,unspecified,neutral,3,sadness,2,0.0212,0.2271,0.3939,0.3578
1065_IOM_SAD_XX,1065,unspecified,sadness,2,sadness,2,0.0005,0.1498,0.8168,0.0328
1065_ITH_ANG_XX,1065,unspecified,anger,0,anger,0,0.9826,0.0167,0.0002,0.0005
1065_ITH_DIS_XX,1065,unspecified,anger,0,neutral,3,0.0073,0.39,0.1864,0.4163
1065_ITH_HAP_XX,1065,unspecified,satisfaction,4,satisfaction,4,0.3148,0.6522,0.0266,0.0064
1065_ITH_NEU_XX,1065,unspecified,neutral,3,satisfaction,4,0.0198,0.3953,0.2874,0.2976
1065_ITH_SAD_XX,1065,unspecified,sadness,2,neutral,3,0.0068,0.2357,0.2564,0.5012
1065_ITS_ANG_XX,1065,unspecified,anger,0,anger,0,0.9885,0.0092,0.0001,0.0022
1065_ITS_DIS_XX,1065,unspecified,anger,0,satisfaction,4,0.014,0.4005,0.3337,0.2517
1065_ITS_HAP_XX,1065,unspecified,satisfaction,4,satisfaction,4,0.0347,0.9239,0.0279,0.0135
1065_ITS_NEU_XX,1065,unspecified,neutral,3,neutral,3,0.0668,0.3102,0.2064,0.4166
1065_ITS_SAD_XX,1065,unspecified,sadness,2,satisfaction,4,0.0245,0.4571,0.3689,0.1495
1065_IWL_ANG_XX,1065,unspecified,anger,0,anger,0,0.9244,0.0666,0.0009,0.0081
1065_IWL_DIS_XX,1065,unspecified,anger,0,satisfaction,4,0.074,0.3842,0.2288,0.3129
1065_IWL_HAP_XX,1065,unspecified,satisfaction,4,satisfaction,4,0.034,0.7002,0.2612,0.0045
1065_IWL_NEU_XX,1065,unspecified,neutral,3,satisfaction,4,0.006,0.3992,0.3261,0.2687
1065_IWL_SAD_XX,1065,unspecified,sadness,2,sadness,2,0.0006,0.1963,0.6097,0.1935
1065_IWW_ANG_XX,1065,unspecified,anger,0,anger,0,0.9947,0.0042,0.0001,0.0011
1065_IWW_DIS_XX,1065,unspecified,anger,0,satisfaction,4,0.0597,0.4178,0.3524,0.1702
1065_IWW_HAP_XX,1065,unspecified,satisfaction,4,satisfaction,4,0.0202,0.9582,0.0094,0.0122
1065_IWW_NEU_XX,1065,unspecified,neutral,3,neutral,3,0.0091,0.1788,0.1859,0.6262
1065_IWW_SAD_XX,1065,unspecified,sadness,2,sadness,2,0.001,0.1016,0.6633,0.234
1065_MTI_ANG_XX,1065,unspecified,anger,0,anger,0,0.9783,0.0213,0.0001,0.0003
1065_MTI_DIS_XX,1065,unspecified,anger,0,satisfaction,4,0.1273,0.428,0.3298,0.1149
1065_MTI_HAP_XX,1065,unspecified,satisfaction,4,satisfaction,4,0.079,0.6541,0.169,0.0979
1065_MTI_NEU_XX,1065,unspecified,neutral,3,sadness,2,0.0096,0.105,0.6767,0.2087
1065_MTI_SAD_XX,1065,unspecified,sadness,2,sadness,2,0.0019,0.2032,0.5846,0.2103
1065_TAI_ANG_XX,1065,unspecified,anger,0,anger,0,0.9687,0.0304,0.0003,0.0007
1065_TAI_DIS_XX,1065,unspecified,anger,0,sadness,2,0.0642,0.3123,0.5571,0.0663
1065_TAI_HAP_XX,1065,unspecified,satisfaction,4,satisfaction,4,0.0031,0.8551,0.1383,0.0035
1065_TAI_NEU_XX,1065,unspecified,neutral,3,sadness,2,0.0033,0.387,0.4843,0.1254
1065_TAI_SAD_XX,1065,unspecified,sadness,2,satisfaction,4,0.0134,0.445,0.1623,0.3794
1065_TIE_ANG_XX,1065,unspecified,anger,0,anger,0,0.9963,0.0034,0.0,0.0003
1065_TIE_DIS_XX,1065,unspecified,anger,0,sadness,2,0.0532,0.1869,0.5986,0.1613
1065_TIE_HAP_XX,1065,unspecified,satisfaction,4,satisfaction,4,0.0159,0.8886,0.0752,0.0203
1065_TIE_NEU_XX,1065,unspecified,neutral,3,neutral,3,0.0865,0.2888,0.0989,0.5257
1065_TIE_SAD_XX,1065,unspecified,sadness,2,neutral,3,0.0005,0.0336,0.3759,0.59
1065_TSI_ANG_XX,1065,unspecified,anger,0,anger,0,0.9957,0.0039,0.0,0.0004
1065_TSI_DIS_XX,1065,unspecified,anger,0,satisfaction,4,0.018,0.6176,0.1018,0.2626
1065_TSI_HAP_XX,1065,unspecified,satisfaction,4,satisfaction,4,0.049,0.887,0.0481,0.0159
1065_TSI_NEU_XX,1065,unspecified,neutral,3,satisfaction,4,0.0266,0.5364,0.0908,0.3461
1065_TSI_SAD_XX,1065,unspecified,sadness,2,sadness,2,0.002,0.2554,0.5446,0.1981
1065_WSI_ANG_XX,1065,unspecified,anger,0,anger,0,0.9944,0.0051,0.0,0.0005
1065_WSI_DIS_XX,1065,unspecified,anger,0,neutral,3,0.3634,0.1912,0.0486,0.3968
1065_WSI_HAP_XX,1065,unspecified,satisfaction,4,satisfaction,4,0.3249,0.5825,0.0355,0.0571
1065_WSI_NEU_XX,1065,unspecified,neutral,3,sadness,2,0.054,0.1366,0.5453,0.2641
1065_WSI_SAD_XX,1065,unspecified,sadness,2,neutral,3,0.0191,0.1528,0.3982,0.4299
1066_DFA_ANG_XX,1066,unspecified,anger,0,anger,0,0.99,0.0084,0.0001,0.0015
1066_DFA_DIS_XX,1066,unspecified,anger,0,satisfaction,4,0.0245,0.3667,0.2566,0.3521
1066_DFA_HAP_XX,1066,unspecified,satisfaction,4,neutral,3,0.0308,0.4718,0.0084,0.4889
1066_DFA_NEU_XX,1066,unspecified,neutral,3,neutral,3,0.0234,0.1394,0.0917,0.7455
1066_DFA_SAD_XX,1066,unspecified,sadness,2,sadness,2,0.006,0.1955,0.4289,0.3696
1066_IEO_ANG_HI,1066,high,anger,0,anger,0,0.7947,0.2014,0.0024,0.0015
1066_IEO_ANG_LO,1066,low,anger,0,satisfaction,4,0.0361,0.5564,0.2792,0.1283
1066_IEO_ANG_MD,1066,medium,anger,0,satisfaction,4,0.0363,0.8451,0.066,0.0526
1066_IEO_DIS_HI,1066,high,anger,0,satisfaction,4,0.0285,0.7528,0.1262,0.0925
1066_IEO_DIS_LO,1066,low,anger,0,sadness,2,0.0008,0.2203,0.4841,0.2948
1066_IEO_DIS_MD,1066,medium,anger,0,satisfaction,4,0.0022,0.8411,0.1511,0.0057
1066_IEO_HAP_HI,1066,high,satisfaction,4,satisfaction,4,0.3392,0.6268,0.013,0.021
1066_IEO_HAP_LO,1066,low,satisfaction,4,satisfaction,4,0.0163,0.5858,0.1413,0.2566
1066_IEO_HAP_MD,1066,medium,satisfaction,4,satisfaction,4,0.0242,0.5303,0.2821,0.1634
1066_IEO_NEU_XX,1066,unspecified,neutral,3,sadness,2,0.0253,0.2198,0.3989,0.356
1066_IEO_SAD_HI,1066,high,sadness,2,neutral,3,0.0047,0.137,0.1521,0.7062
1066_IEO_SAD_LO,1066,low,sadness,2,satisfaction,4,0.0012,0.3655,0.352,0.2813
1066_IEO_SAD_MD,1066,medium,sadness,2,satisfaction,4,0.0015,0.3873,0.3238,0.2875
1066_IOM_ANG_XX,1066,unspecified,anger,0,anger,0,0.4714,0.452,0.0226,0.054
1066_IOM_DIS_XX,1066,unspecified,anger,0,sadness,2,0.0017,0.2721,0.6379,0.0883
1066_IOM_HAP_XX,1066,unspecified,satisfaction,4,neutral,3,0.0041,0.4024,0.0571,0.5364
1066_IOM_NEU_XX,1066,unspecified,neutral,3,sadness,2,0.0003,0.392,0.4004,0.2073
1066_IOM_SAD_XX,1066,unspecified,sadness,2,sadness,2,0.0002,0.424,0.5063,0.0696
1066_ITH_ANG_XX,1066,unspecified,anger,0,neutral,3,0.2152,0.2142,0.1373,0.4333
1066_ITH_DIS_XX,1066,unspecified,anger,0,satisfaction,4,0.0055,0.4869,0.4543,0.0533
1066_ITH_HAP_XX,1066,unspecified,satisfaction,4,satisfaction,4,0.1763,0.576,0.0764,0.1713
1066_ITH_NEU_XX,1066,unspecified,neutral,3,neutral,3,0.0056,0.0895,0.1559,0.749
1066_ITH_SAD_XX,1066,unspecified,sadness,2,sadness,2,0.0001,0.0478,0.8579,0.0942
1066_ITS_ANG_XX,1066,unspecified,anger,0,satisfaction,4,0.0799,0.6065,0.0861,0.2275
1066_ITS_DIS_XX,1066,unspecified,anger,0,satisfaction,4,0.009,0.6548,0.2461,0.0901
1066_ITS_HAP_XX,1066,unspecified,satisfaction,4,satisfaction,4,0.0239,0.6709,0.0557,0.2495
1066_ITS_NEU_XX,1066,unspecified,neutral,3,neutral,3,0.0013,0.2625,0.3411,0.3951
1066_ITS_SAD_XX,1066,unspecified,sadness,2,sadness,2,0.0006,0.0539,0.8432,0.1023
1066_IWL_ANG_XX,1066,unspecified,anger,0,anger,0,0.7421,0.233,0.0032,0.0217
1066_IWL_DIS_XX,1066,unspecified,anger,0,satisfaction,4,0.0017,0.7302,0.1725,0.0956
1066_IWL_HAP_XX,1066,unspecified,satisfaction,4,sadness,2,0.0033,0.3291,0.4813,0.1863
1066_IWL_NEU_XX,1066,unspecified,neutral,3,neutral,3,0.002,0.3657,0.2425,0.3899
1066_IWL_SAD_XX,1066,unspecified,sadness,2,sadness,2,0.0006,0.1929,0.5476,0.2589
1066_IWW_ANG_XX,1066,unspecified,anger,0,anger,0,0.6207,0.1881,0.0444,0.1468
1066_IWW_DIS_XX,1066,unspecified,anger,0,sadness,2,0.0018,0.3951,0.5314,0.0716
1066_IWW_HAP_XX,1066,unspecified,satisfaction,4,satisfaction,4,0.002,0.4196,0.2812,0.2972
1066_IWW_NEU_XX,1066,unspecified,neutral,3,sadness,2,0.0008,0.134,0.4645,0.4007
1066_IWW_SAD_XX,1066,unspecified,sadness,2,sadness,2,0.0011,0.0964,0.5586,0.3438
1066_MTI_ANG_XX,1066,unspecified,anger,0,satisfaction,4,0.3639,0.5447,0.0275,0.064
1066_MTI_DIS_XX,1066,unspecified,anger,0,sadness,2,0.0283,0.2337,0.6183,0.1197
1066_MTI_HAP_XX,1066,unspecified,satisfaction,4,satisfaction,4,0.0381,0.4668,0.0691,0.4259
1066_MTI_NEU_XX,1066,unspecified,neutral,3,sadness,2,0.0015,0.0422,0.7122,0.2441
1066_MTI_SAD_XX,1066,unspecified,sadness,2,sadness,2,0.0009,0.0369,0.8634,0.0988
1066_TAI_ANG_XX,1066,unspecified,anger,0,anger,0,0.9231,0.0554,0.0097,0.0119
1066_TAI_DIS_XX,1066,unspecified,anger,0,satisfaction,4,0.0448,0.4702,0.3805,0.1046
1066_TAI_HAP_XX,1066,unspecified,satisfaction,4,satisfaction,4,0.0091,0.701,0.0745,0.2154
1066_TAI_NEU_XX,1066,unspecified,neutral,3,neutral,3,0.007,0.2588,0.3228,0.4115
1066_TAI_SAD_XX,1066,unspecified,sadness,2,sadness,2,0.0015,0.428,0.4456,0.1249
1066_TIE_ANG_XX,1066,unspecified,anger,0,anger,0,0.7703,0.0955,0.0569,0.0773
1066_TIE_DIS_XX,1066,unspecified,anger,0,satisfaction,4,0.0048,0.5363,0.3695,0.0893
1066_TIE_HAP_XX,1066,unspecified,satisfaction,4,sadness,2,0.0117,0.346,0.3793,0.2631
1066_TIE_NEU_XX,1066,unspecified,neutral,3,sadness,2,0.0006,0.2946,0.4794,0.2254
1066_TIE_SAD_XX,1066,unspecified,sadness,2,neutral,3,0.0012,0.1833,0.344,0.4716
1066_TSI_ANG_XX,1066,unspecified,anger,0,anger,0,0.5853,0.3957,0.0023,0.0167
1066_TSI_DIS_XX,1066,unspecified,anger,0,satisfaction,4,0.0381,0.8797,0.0423,0.0399
1066_TSI_HAP_XX,1066,unspecified,satisfaction,4,satisfaction,4,0.362,0.6223,0.0005,0.0153
1066_TSI_NEU_XX,1066,unspecified,neutral,3,satisfaction,4,0.0078,0.6056,0.115,0.2716
1066_TSI_SAD_XX,1066,unspecified,sadness,2,sadness,2,0.0019,0.261,0.6011,0.136
1066_WSI_ANG_XX,1066,unspecified,anger,0,anger,0,0.9866,0.0092,0.0014,0.0028
1066_WSI_DIS_XX,1066,unspecified,anger,0,sadness,2,0.1532,0.3413,0.4412,0.0644
1066_WSI_HAP_XX,1066,unspecified,satisfaction,4,satisfaction,4,0.0984,0.5176,0.3259,0.0581
1066_WSI_NEU_XX,1066,unspecified,neutral,3,sadness,2,0.0481,0.3088,0.4451,0.1981
1066_WSI_SAD_XX,1066,unspecified,sadness,2,sadness,2,0.0072,0.2002,0.529,0.2637
1067_DFA_ANG_XX,1067,unspecified,anger,0,anger,0,0.6974,0.1725,0.0208,0.1093
1067_DFA_DIS_XX,1067,unspecified,anger,0,satisfaction,4,0.0671,0.7041,0.0638,0.165
1067_DFA_HAP_XX,1067,unspecified,satisfaction,4,neutral,3,0.0118,0.3677,0.1516,0.469
1067_DFA_NEU_XX,1067,unspecified,neutral,3,neutral,3,0.0227,0.1439,0.2506,0.5828
1067_DFA_SAD_XX,1067,unspecified,sadness,2,satisfaction,4,0.0462,0.6227,0.1071,0.224
1067_IEO_ANG_HI,1067,high,anger,0,satisfaction,4,0.1116,0.849,0.036,0.0033
1067_IEO_ANG_LO,1067,low,anger,0,sadness,2,0.2071,0.222,0.527,0.0439
1067_IEO_ANG_MD,1067,medium,anger,0,sadness,2,0.102,0.1933,0.6186,0.0861
1067_IEO_DIS_HI,1067,high,anger,0,satisfaction,4,0.0058,0.7438,0.2487,0.0018
1067_IEO_DIS_LO,1067,low,anger,0,sadness,2,0.0413,0.0925,0.6788,0.1874
1067_IEO_DIS_MD,1067,medium,anger,0,sadness,2,0.0016,0.4133,0.5296,0.0555
1067_IEO_HAP_HI,1067,high,satisfaction,4,satisfaction,4,0.0081,0.9048,0.0857,0.0014
1067_IEO_HAP_LO,1067,low,satisfaction,4,sadness,2,0.017,0.1947,0.6585,0.1298
1067_IEO_HAP_MD,1067,medium,satisfaction,4,sadness,2,0.007,0.3833,0.4319,0.1778
1067_IEO_NEU_XX,1067,unspecified,neutral,3,sadness,2,0.0143,0.4005,0.4304,0.1547
1067_IEO_SAD_HI,1067,high,sadness,2,neutral,3,0.0219,0.2265,0.2827,0.4689
1067_IEO_SAD_LO,1067,low,sadness,2,sadness,2,0.0017,0.3755,0.4894,0.1335
1067_IEO_SAD_MD,1067,medium,sadness,2,sadness,2,0.0002,0.1871,0.7843,0.0283
1067_IOM_ANG_XX,1067,unspecified,anger,0,anger,0,0.9038,0.0417,0.0404,0.0142
1067_IOM_DIS_XX,1067,unspecified,anger,0,sadness,2,0.0001,0.0189,0.9763,0.0047
1067_IOM_HAP_XX,1067,unspecified,satisfaction,4,sadness,2,0.0127,0.0549,0.7351,0.1974
1067_IOM_NEU_XX,1067,unspecified,neutral,3,sadness,2,0.0005,0.0371,0.8569,0.1056
1067_IOM_SAD_XX,1067,unspecified,sadness,2,sadness,2,0.0002,0.0223,0.9371,0.0403
1067_ITH_ANG_XX,1067,unspecified,anger,0,sadness,2,0.1892,0.1413,0.6069,0.0626
1067_ITH_DIS_XX,1067,unspecified,anger,0,sadness,2,0.0002,0.1567,0.8212,0.0218
1067_ITH_HAP_XX,1067,unspecified,satisfaction,4,satisfaction,4,0.0217,0.7131,0.153,0.1122
1067_ITH_NEU_XX,1067,unspecified,neutral,3,sadness,2,0.0007,0.2847,0.5838,0.1308
1067_ITH_SAD_XX,1067,unspecified,sadness,2,sadness,2,0.0001,0.024,0.9689,0.0071
1067_ITS_ANG_XX,1067,unspecified,anger,0,anger,0,0.8689,0.0919,0.0329,0.0062
1067_ITS_DIS_XX,1067,unspecified,anger,0,sadness,2,0.0003,0.0328,0.9522,0.0147
1067_ITS_HAP_XX,1067,unspecified,satisfaction,4,sadness,2,0.0012,0.1781,0.7346,0.0861
1067_ITS_NEU_XX,1067,unspecified,neutral,3,sadness,2,0.0013,0.2038,0.7331,0.0619
1067_ITS_SAD_XX,1067,unspecified,sadness,2,sadness,2,0.0012,0.2954,0.6009,0.1025
1067_IWL_ANG_XX,1067,unspecified,anger,0,satisfaction,4,0.3561,0.5464,0.0325,0.065
1067_IWL_DIS_XX,1067,unspecified,anger,0,sadness,2,0.0056,0.2688,0.6873,0.0383
1067_IWL_HAP_XX,1067,unspecified,satisfaction,4,satisfaction,4,0.0094,0.4257,0.1579,0.4069
1067_IWL_NEU_XX,1067,unspecified,neutral,3,satisfaction,4,0.0212,0.3837,0.2495,0.3457
1067_IWL_SAD_XX,1067,unspecified,sadness,2,sadness,2,0.0115,0.359,0.4858,0.1437
1067_IWW_ANG_XX,1067,unspecified,anger,0,sadness,2,0.0001,0.0078,0.9829,0.0093
1067_IWW_DIS_XX,1067,unspecified,anger,0,sadness,2,0.0022,0.1766,0.8083,0.0128
1067_IWW_HAP_XX,1067,unspecified,satisfaction,4,satisfaction,4,0.0409,0.4704,0.3267,0.162
1067_IWW_NEU_XX,1067,unspecified,neutral,3,sadness,2,0.0009,0.0783,0.8859,0.0349
1067_IWW_SAD_XX,1067,unspecified,sadness,2,anger,0,0.7584,0.1628,0.047,0.0319
1067_MTI_ANG_XX,1067,unspecified,anger,0,anger,0,0.5778,0.3553,0.0502,0.0166
1067_MTI_DIS_XX,1067,unspecified,anger,0,satisfaction,4,0.012,0.7495,0.2041,0.0344
1067_MTI_HAP_XX,1067,unspecified,satisfaction,4,sadness,2,0.0024,0.0865,0.8945,0.0165
1067_MTI_NEU_XX,1067,unspecified,neutral,3,sadness,2,0.0015,0.0978,0.5079,0.3929
1067_MTI_SAD_XX,1067,unspecified,sadness,2,sadness,2,0.0009,0.0347,0.9549,0.0095
1067_TAI_ANG_XX,1067,unspecified,anger,0,satisfaction,4,0.2681,0.6923,0.0238,0.0158
1067_TAI_DIS_XX,1067,unspecified,anger,0,satisfaction,4,0.0212,0.5281,0.4375,0.0132
1067_TAI_HAP_XX,1067,unspecified,satisfaction,4,sadness,2,0.0002,0.043,0.9384,0.0185
1067_TAI_NEU_XX,1067,unspecified,neutral,3,sadness,2,0.0039,0.2065,0.6713,0.1183
1067_TAI_SAD_XX,1067,unspecified,sadness,2,sadness,2,0.0,0.0359,0.9598,0.0042
1067_TIE_ANG_XX,1067,unspecified,anger,0,anger,0,0.7434,0.1058,0.1161,0.0348
1067_TIE_DIS_XX,1067,unspecified,anger,0,sadness,2,0.0007,0.0929,0.8868,0.0196
1067_TIE_HAP_XX,1067,unspecified,satisfaction,4,sadness,2,0.0008,0.0631,0.8742,0.0618
1067_TIE_NEU_XX,1067,unspecified,neutral,3,sadness,2,0.0517,0.1529,0.5246,0.2707
1067_TIE_SAD_XX,1067,unspecified,sadness,2,sadness,2,0.0002,0.1009,0.8869,0.012
1067_TSI_ANG_XX,1067,unspecified,anger,0,anger,0,0.5014,0.4366,0.0226,0.0394
1067_TSI_DIS_XX,1067,unspecified,anger,0,sadness,2,0.0009,0.3308,0.6484,0.0199
1067_TSI_HAP_XX,1067,unspecified,satisfaction,4,satisfaction,4,0.0035,0.5098,0.3734,0.1133
1067_TSI_NEU_XX,1067,unspecified,neutral,3,satisfaction,4,0.0044,0.5722,0.3424,0.081
1067_TSI_SAD_XX,1067,unspecified,sadness,2,satisfaction,4,0.0018,0.4797,0.4402,0.0783
1067_WSI_ANG_XX,1067,unspecified,anger,0,anger,0,0.8156,0.0978,0.0588,0.0278
1067_WSI_DIS_XX,1067,unspecified,anger,0,sadness,2,0.0019,0.0289,0.9617,0.0075
1067_WSI_HAP_XX,1067,unspecified,satisfaction,4,sadness,2,0.0145,0.116,0.8224,0.047
1067_WSI_NEU_XX,1067,unspecified,neutral,3,sadness,2,0.0005,0.1352,0.8463,0.0181
1067_WSI_SAD_XX,1067,unspecified,sadness,2,sadness,2,0.0003,0.0883,0.8931,0.0183
1068_DFA_ANG_XX,1068,unspecified,anger,0,anger,0,0.9782,0.0214,0.0,0.0004
1068_DFA_DIS_XX,1068,unspecified,anger,0,neutral,3,0.0074,0.1358,0.0863,0.7704
1068_DFA_HAP_XX,1068,unspecified,satisfaction,4,anger,0,0.4521,0.4075,0.0104,0.1301
1068_DFA_NEU_XX,1068,unspecified,neutral,3,satisfaction,4,0.3616,0.3827,0.1197,0.136
1068_DFA_SAD_XX,1068,unspecified,sadness,2,neutral,3,0.0185,0.1213,0.1842,0.676
1068_IEO_ANG_HI,1068,high,anger,0,anger,0,0.8871,0.111,0.0013,0.0006
1068_IEO_ANG_LO,1068,low,anger,0,anger,0,0.8992,0.0914,0.0035,0.006
1068_IEO_ANG_MD,1068,medium,anger,0,anger,0,0.9849,0.015,0.0,0.0001
1068_IEO_DIS_HI,1068,high,anger,0,satisfaction,4,0.0273,0.9536,0.0113,0.0078
1068_IEO_DIS_LO,1068,low,anger,0,satisfaction,4,0.0032,0.5423,0.4268,0.0276
1068_IEO_DIS_MD,1068,medium,anger,0,satisfaction,4,0.0174,0.8487,0.095,0.039
1068_IEO_HAP_HI,1068,high,satisfaction,4,anger,0,0.8772,0.1217,0.0,0.0011
1068_IEO_HAP_LO,1068,low,satisfaction,4,satisfaction,4,0.0595,0.6248,0.0768,0.2389
1068_IEO_HAP_MD,1068,medium,satisfaction,4,satisfaction,4,0.0366,0.8787,0.0553,0.0294
1068_IEO_NEU_XX,1068,unspecified,neutral,3,sadness,2,0.0154,0.3265,0.3636,0.2944
1068_IEO_SAD_HI,1068,high,sadness,2,satisfaction,4,0.0072,0.4415,0.2218,0.3295
1068_IEO_SAD_LO,1068,low,sadness,2,neutral,3,0.0036,0.3319,0.3041,0.3604
1068_IEO_SAD_MD,1068,medium,sadness,2,sadness,2,0.0033,0.2174,0.5327,0.2466
1068_IOM_ANG_XX,1068,unspecified,anger,0,anger,0,0.6892,0.2349,0.044,0.0319
1068_IOM_DIS_XX,1068,unspecified,anger,0,sadness,2,0.0344,0.3198,0.4527,0.193
1068_IOM_HAP_XX,1068,unspecified,satisfaction,4,satisfaction,4,0.2369,0.5852,0.1085,0.0695
1068_IOM_NEU_XX,1068,unspecified,neutral,3,sadness,2,0.0153,0.1192,0.6778,0.1877
1068_IOM_SAD_XX,1068,unspecified,sadness,2,sadness,2,0.0023,0.0336,0.7096,0.2545
1068_ITH_ANG_XX,1068,unspecified,anger,0,anger,0,0.974,0.0237,0.0001,0.0023
1068_ITH_DIS_XX,1068,unspecified,anger,0,satisfaction,4,0.1155,0.4936,0.1864,0.2045
1068_ITH_HAP_XX,1068,unspecified,satisfaction,4,satisfaction,4,0.1709,0.3561,0.1928,0.2803
1068_ITH_NEU_XX,1068,unspecified,neutral,3,sadness,2,0.0049,0.1507,0.6066,0.2378
1068_ITH_SAD_XX,1068,unspecified,sadness,2,sadness,2,0.0006,0.1194,0.7475,0.1325
1068_ITS_ANG_XX,1068,unspecified,anger,0,anger,0,0.8591,0.1267,0.0033,0.011
1068_ITS_DIS_XX,1068,unspecified,anger,0,satisfaction,4,0.169,0.5583,0.167,0.1057
1068_ITS_HAP_XX,1068,unspecified,satisfaction,4,satisfaction,4,0.3691,0.4852,0.0295,0.1162
1068_ITS_NEU_XX,1068,unspecified,neutral,3,neutral,3,0.091,0.2038,0.1554,0.5498
1068_ITS_SAD_XX,1068,unspecified,sadness,2,sadness,2,0.0021,0.0683,0.6313,0.2983
1068_IWL_ANG_XX,1068,unspecified,anger,0,anger,0,0.9495,0.0471,0.0004,0.0029
1068_IWL_DIS_XX,1068,unspecified,anger,0,satisfaction,4,0.0174,0.5873,0.1495,0.2459
1068_IWL_HAP_XX,1068,unspecified,satisfaction,4,satisfaction,4,0.0199,0.7635,0.1291,0.0875
1068_IWL_NEU_XX,1068,unspecified,neutral,3,sadness,2,0.0019,0.2705,0.4566,0.271
1068_IWL_SAD_XX,1068,unspecified,sadness,2,sadness,2,0.0022,0.1481,0.7067,0.1431
1068_IWW_ANG_XX,1068,unspecified,anger,0,anger,0,0.8282,0.1584,0.0011,0.0123
1068_IWW_DIS_XX,1068,unspecified,anger,0,satisfaction,4,0.0849,0.6692,0.066,0.1798
1068_IWW_HAP_XX,1068,unspecified,satisfaction,4,satisfaction,4,0.0337,0.947,0.0145,0.0048
1068_IWW_NEU_XX,1068,unspecified,neutral,3,neutral,3,0.0441,0.3042,0.2526,0.3992
1068_IWW_SAD_XX,1068,unspecified,sadness,2,sadness,2,0.0014,0.1115,0.5964,0.2908
1068_MTI_ANG_XX,1068,unspecified,anger,0,anger,0,0.9285,0.0556,0.0033,0.0126
1068_MTI_DIS_XX,1068,unspecified,anger,0,sadness,2,0.3066,0.2127,0.3996,0.081
1068_MTI_HAP_XX,1068,unspecified,satisfaction,4,sadness,2,0.0121,0.3565,0.4527,0.1786
1068_MTI_NEU_XX,1068,unspecified,neutral,3,sadness,2,0.0148,0.065,0.6837,0.2364
1068_MTI_SAD_XX,1068,unspecified,sadness,2,sadness,2,0.0019,0.0372,0.754,0.2068
1068_TAI_ANG_XX,1068,unspecified,anger,0,anger,0,0.9779,0.0193,0.0007,0.0021
1068_TAI_DIS_XX,1068,unspecified,anger,0,satisfaction,4,0.0425,0.6794,0.1444,0.1337
1068_TAI_HAP_XX,1068,unspecified,satisfaction,4,satisfaction,4,0.1766,0.781,0.0059,0.0365
1068_TAI_NEU_XX,1068,unspecified,neutral,3,sadness,2,0.0347,0.1823,0.4572,0.3258
1068_TAI_SAD_XX,1068,unspecified,sadness,2,sadness,2,0.0218,0.3945,0.4071,0.1766
1068_TIE_ANG_XX,1068,unspecified,anger,0,anger,0,0.9862,0.0101,0.0007,0.003
1068_TIE_DIS_XX,1068,unspecified,anger,0,satisfaction,4,0.3395,0.3495,0.0526,0.2585
1068_TIE_HAP_XX,1068,unspecified,satisfaction,4,anger,0,0.7908,0.185,0.0034,0.0208
1068_TIE_NEU_XX,1068,unspecified,neutral,3,neutral,3,0.0112,0.2229,0.1572,0.6087
1068_TIE_SAD_XX,1068,unspecified,sadness,2,sadness,2,0.0058,0.1586,0.613,0.2227
1068_TSI_ANG_XX,1068,unspecified,anger,0,anger,0,0.9573,0.0412,0.0001,0.0015
1068_TSI_DIS_XX,1068,unspecified,anger,0,satisfaction,4,0.2921,0.6705,0.0039,0.0335
1068_TSI_HAP_XX,1068,unspecified,satisfaction,4,satisfaction,4,0.3319,0.6493,0.005,0.0137
1068_TSI_NEU_XX,1068,unspecified,neutral,3,satisfaction,4,0.021,0.4765,0.1002,0.4023
1068_TSI_SAD_XX,1068,unspecified,sadness,2,sadness,2,0.0065,0.1977,0.6046,0.1912
1068_WSI_ANG_XX,1068,unspecified,anger,0,anger,0,0.7878,0.2043,0.0028,0.0051
1068_WSI_DIS_XX,1068,unspecified,anger,0,satisfaction,4,0.1796,0.6325,0.078,0.1099
1068_WSI_HAP_XX,1068,unspecified,satisfaction,4,satisfaction,4,0.312,0.5716,0.0182,0.0983
1068_WSI_NEU_XX,1068,unspecified,neutral,3,anger,0,0.3765,0.1602,0.255,0.2083
1068_WSI_SAD_XX,1068,unspecified,sadness,2,sadness,2,0.009,0.1502,0.6746,0.1662
1069_DFA_ANG_XX,1069,unspecified,anger,0,anger,0,0.9072,0.0877,0.0002,0.0049
1069_DFA_DIS_XX,1069,unspecified,anger,0,satisfaction,4,0.0092,0.8063,0.0579,0.1266
1069_DFA_HAP_XX,1069,unspecified,satisfaction,4,satisfaction,4,0.2654,0.5301,0.0026,0.202
1069_DFA_NEU_XX,1069,unspecified,neutral,3,anger,0,0.8013,0.0599,0.01,0.1288
1069_DFA_SAD_XX,1069,unspecified,sadness,2,neutral,3,0.0313,0.2506,0.3575,0.3605
1069_IEO_ANG_HI,1069,high,anger,0,anger,0,0.7512,0.2446,0.0031,0.0011
1069_IEO_ANG_LO,1069,low,anger,0,sadness,2,0.0804,0.2517,0.586,0.0819
1069_IEO_ANG_MD,1069,medium,anger,0,anger,0,0.8862,0.105,0.0048,0.004
1069_IEO_DIS_HI,1069,high,anger,0,satisfaction,4,0.2986,0.6491,0.0421,0.0101
1069_IEO_DIS_LO,1069,low,anger,0,satisfaction,4,0.0465,0.8889,0.0445,0.0201
1069_IEO_DIS_MD,1069,medium,anger,0,satisfaction,4,0.0161,0.9722,0.0089,0.0027
1069_IEO_HAP_HI,1069,high,satisfaction,4,anger,0,0.9414,0.0559,0.0005,0.0022
1069_IEO_HAP_LO,1069,low,satisfaction,4,anger,0,0.5003,0.3741,0.0298,0.0957
1069_IEO_HAP_MD,1069,medium,satisfaction,4,satisfaction,4,0.089,0.8834,0.0153,0.0122
1069_IEO_NEU_XX,1069,unspecified,neutral,3,neutral,3,0.3355,0.0957,0.2112,0.3576
1069_IEO_SAD_HI,1069,high,sadness,2,satisfaction,4,0.1612,0.5707,0.2116,0.0565
1069_IEO_SAD_LO,1069,low,sadness,2,sadness,2,0.001,0.2598,0.4073,0.3319
1069_IEO_SAD_MD,1069,medium,sadness,2,sadness,2,0.0069,0.3231,0.4642,0.2058
1069_IOM_ANG_XX,1069,unspecified,anger,0,anger,0,0.9339,0.0554,0.0052,0.0055
1069_IOM_DIS_XX,1069,unspecified,anger,0,sadness,2,0.0007,0.0778,0.7317,0.1898
1069_IOM_HAP_XX,1069,unspecified,satisfaction,4,satisfaction,4,0.1953,0.4795,0.0539,0.2713
1069_IOM_NEU_XX,1069,unspecified,neutral,3,sadness,2,0.0969,0.2992,0.3816,0.2223
1069_IOM_SAD_XX,1069,unspecified,sadness,2,sadness,2,0.0021,0.3764,0.4126,0.2088
1069_ITH_ANG_XX,1069,unspecified,anger,0,anger,0,0.9806,0.0188,0.0003,0.0004
1069_ITH_DIS_XX,1069,unspecified,anger,0,sadness,2,0.0014,0.4142,0.5437,0.0407
1069_ITH_HAP_XX,1069,unspecified,satisfaction,4,anger,0,0.6047,0.3512,0.0042,0.04
1069_ITH_NEU_XX,1069,unspecified,neutral,3,neutral,3,0.1064,0.1951,0.2371,0.4615
1069_ITH_SAD_XX,1069,unspecified,sadness,2,sadness,2,0.0006,0.0899,0.8449,0.0645
1069_ITS_ANG_XX,1069,unspecified,anger,0,anger,0,0.9813,0.0179,0.0003,0.0005
1069_ITS_DIS_XX,1069,unspecified,anger,0,sadness,2,0.0006,0.0994,0.7448,0.1552
1069_ITS_HAP_XX,1069,unspecified,satisfaction,4,anger,0,0.676,0.2602,0.0045,0.0593
1069_ITS_NEU_XX,1069,unspecified,neutral,3,anger,0,0.3187,0.315,0.1542,0.2121
1069_ITS_SAD_XX,1069,unspecified,sadness,2,sadness,2,0.0242,0.0751,0.7779,0.1228
1069_IWL_ANG_XX,1069,unspecified,anger,0,satisfaction,4,0.0942,0.7732,0.095,0.0376
1069_IWL_DIS_XX,1069,unspecified,anger,0,satisfaction,4,0.0169,0.6559,0.2089,0.1184
1069_IWL_HAP_XX,1069,unspecified,satisfaction,4,satisfaction,4,0.2078,0.7799,0.0007,0.0116
1069_IWL_NEU_XX,1069,unspecified,neutral,3,satisfaction,4,0.0487,0.467,0.2614,0.2229
1069_IWL_SAD_XX,1069,unspecified,sadness,2,satisfaction,4,0.0007,0.4932,0.4194,0.0866
1069_IWW_ANG_XX,1069,unspecified,anger,0,anger,0,0.9895,0.0097,0.0001,0.0008
1069_IWW_DIS_XX,1069,unspecified,anger,0,satisfaction,4,0.0323,0.6218,0.3147,0.0312
1069_IWW_HAP_XX,1069,unspecified,satisfaction,4,satisfaction,4,0.0619,0.8681,0.0199,0.0502
1069_IWW_NEU_XX,1069,unspecified,neutral,3,neutral,3,0.0655,0.2451,0.209,0.4805
1069_IWW_SAD_XX,1069,unspecified,sadness,2,sadness,2,0.0001,0.0718,0.9055,0.0226
1069_MTI_ANG_XX,1069,unspecified,anger,0,anger,0,0.9446,0.0473,0.0018,0.0063
1069_MTI_DIS_XX,1069,unspecified,anger,0,sadness,2,0.0424,0.061,0.8546,0.042
1069_MTI_HAP_XX,1069,unspecified,satisfaction,4,satisfaction,4,0.0864,0.777,0.078,0.0586
1069_MTI_NEU_XX,1069,unspecified,neutral,3,sadness,2,0.031,0.1381,0.5033,0.3276
1069_MTI_SAD_XX,1069,unspecified,sadness,2,sadness,2,0.0003,0.1165,0.8533,0.03
1069_TAI_ANG_XX,1069,unspecified,anger,0,satisfaction,4,0.3423,0.6261,0.0227,0.0089
1069_TAI_DIS_XX,1069,unspecified,anger,0,sadness,2,0.01,0.4355,0.478,0.0764
1069_TAI_HAP_XX,1069,unspecified,satisfaction,4,satisfaction,4,0.0788,0.8803,0.0176,0.0232
1069_TAI_NEU_XX,1069,unspecified,neutral,3,sadness,2,0.0014,0.1677,0.7039,0.127
1069_TAI_SAD_XX,1069,unspecified,sadness,2,sadness,2,0.0001,0.0591,0.8859,0.0549
1069_TIE_ANG_XX,1069,unspecified,anger,0,anger,0,0.9699,0.0297,0.0001,0.0004
1069_TIE_DIS_XX,1069,unspecified,anger,0,satisfaction,4,0.3614,0.5734,0.0588,0.0064
1069_TIE_HAP_XX,1069,unspecified,satisfaction,4,anger,0,0.7445,0.231,0.0007,0.0239
1069_TIE_NEU_XX,1069,unspecified,neutral,3,neutral,3,0.1514,0.1228,0.3043,0.4215
1069_TIE_SAD_XX,1069,unspecified,sadness,2,sadness,2,0.0003,0.0261,0.96,0.0136
1069_TSI_ANG_XX,1069,unspecified,anger,0,anger,0,0.9056,0.0934,0.0002,0.0008
1069_TSI_DIS_XX,1069,unspecified,anger,0,satisfaction,4,0.0086,0.4937,0.4534,0.0443
1069_TSI_HAP_XX,1069,unspecified,satisfaction,4,satisfaction,4,0.0618,0.8681,0.0119,0.0582
1069_TSI_NEU_XX,1069,unspecified,neutral,3,satisfaction,4,0.1283,0.4759,0.0066,0.3891
1069_TSI_SAD_XX,1069,unspecified,sadness,2,satisfaction,4,0.0799,0.6312,0.2213,0.0676
1069_WSI_ANG_XX,1069,unspecified,anger,0,anger,0,0.9688,0.0303,0.0002,0.0008
1069_WSI_DIS_XX,1069,unspecified,anger,0,sadness,2,0.0472,0.1428,0.6847,0.1253
1069_WSI_HAP_XX,1069,unspecified,satisfaction,4,anger,0,0.8289,0.1319,0.0027,0.0364
1069_WSI_NEU_XX,1069,unspecified,neutral,3,satisfaction,4,0.2308,0.4036,0.2133,0.1523
1069_WSI_SAD_XX,1069,unspecified,sadness,2,sadness,2,0.0035,0.1951,0.6997,0.1017
1070_DFA_ANG_XX,1070,unspecified,anger,0,satisfaction,4,0.4653,0.5235,0.0039,0.0073
1070_DFA_DIS_XX,1070,unspecified,anger,0,satisfaction,4,0.077,0.6956,0.0558,0.1716
1070_DFA_HAP_XX,1070,unspecified,satisfaction,4,satisfaction,4,0.2754,0.6102,0.0074,0.1069
1070_DFA_NEU_XX,1070,unspecified,neutral,3,neutral,3,0.0627,0.3669,0.0956,0.4748
1070_DFA_SAD_XX,1070,unspecified,sadness,2,neutral,3,0.0097,0.3571,0.1123,0.5209
1070_IEO_ANG_HI,1070,high,anger,0,anger,0,0.958,0.0418,0.0001,0.0001
1070_IEO_ANG_LO,1070,low,anger,0,satisfaction,4,0.1811,0.7689,0.0126,0.0374
1070_IEO_ANG_MD,1070,medium,anger,0,anger,0,0.8337,0.1318,0.007,0.0274
1070_IEO_DIS_HI,1070,high,anger,0,satisfaction,4,0.1077,0.6066,0.245,0.0408
1070_IEO_DIS_LO,1070,low,anger,0,satisfaction,4,0.0423,0.6706,0.2076,0.0795
1070_IEO_DIS_MD,1070,medium,anger,0,sadness,2,0.0391,0.4106,0.4932,0.0572
1070_IEO_HAP_HI,1070,high,satisfaction,4,anger,0,0.4449,0.3528,0.0379,0.1644
1070_IEO_HAP_LO,1070,low,satisfaction,4,satisfaction,4,0.1815,0.5502,0.0648,0.2036
1070_IEO_HAP_MD,1070,medium,satisfaction,4,satisfaction,4,0.1007,0.458,0.1801,0.2612
1070_IEO_NEU_XX,1070,unspecified,neutral,3,neutral,3,0.008,0.2398,0.111,0.6413
1070_IEO_SAD_HI,1070,high,sadness,2,sadness,2,0.0034,0.2733,0.4799,0.2434
1070_IEO_SAD_LO,1070,low,sadness,2,satisfaction,4,0.0784,0.4522,0.121,0.3484
1070_IEO_SAD_MD,1070,medium,sadness,2,sadness,2,0.0018,0.2532,0.5573,0.1877
1070_IOM_ANG_XX,1070,unspecified,anger,0,anger,0,0.4766,0.415,0.06,0.0484
1070_IOM_DIS_XX,1070,unspecified,anger,0,satisfaction,4,0.0958,0.756,0.0566,0.0916
1070_IOM_HAP_XX,1070,unspecified,satisfaction,4,satisfaction,4,0.246,0.3989,0.0527,0.3023
1070_IOM_NEU_XX,1070,unspecified,neutral,3,satisfaction,4,0.014,0.5123,0.2873,0.1864
1070_IOM_SAD_XX,1070,unspecified,sadness,2,satisfaction,4,0.0098,0.4169,0.3937,0.1796
1070_ITH_ANG_XX,1070,unspecified,anger,0,anger,0,0.9582,0.0398,0.0002,0.0018
1070_ITH_DIS_XX,1070,unspecified,anger,0,satisfaction,4,0.0747,0.5273,0.3554,0.0426
1070_ITH_HAP_XX,1070,unspecified,satisfaction,4,satisfaction,4,0.2225,0.6825,0.0473,0.0477
1070_ITH_NEU_XX,1070,unspecified,neutral,3,neutral,3,0.0207,0.3643,0.2039,0.4112
1070_ITH_SAD_XX,1070,unspecified,sadness,2,neutral,3,0.182,0.3005,0.081,0.4364
1070_ITS_ANG_XX,1070,unspecified,anger,0,anger,0,0.7609,0.1966,0.0143,0.0283
1070_ITS_DIS_XX,1070,unspecified,anger,0,satisfaction,4,0.0319,0.6172,0.2943,0.0566
1070_ITS_HAP_XX,1070,unspecified,satisfaction,4,satisfaction,4,0.2254,0.7105,0.012,0.0521
1070_ITS_NEU_XX,1070,unspecified,neutral,3,satisfaction,4,0.1015,0.5403,0.2157,0.1426
1070_ITS_SAD_XX,1070,unspecified,sadness,2,sadness,2,0.0076,0.2835,0.6184,0.0905
1070_IWL_ANG_XX,1070,unspecified,anger,0,anger,0,0.7954,0.203,0.0002,0.0014
1070_IWL_DIS_XX,1070,unspecified,anger,0,satisfaction,4,0.1116,0.6534,0.169,0.0659
1070_IWL_HAP_XX,1070,unspecified,satisfaction,4,satisfaction,4,0.1306,0.8458,0.0125,0.0112
1070_IWL_NEU_XX,1070,unspecified,neutral,3,satisfaction,4,0.0208,0.5828,0.2256,0.1708
1070_IWL_SAD_XX,1070,unspecified,sadness,2,satisfaction,4,0.0187,0.6508,0.1338,0.1968
1070_IWW_ANG_XX,1070,unspecified,anger,0,anger,0,0.6322,0.3494,0.0054,0.013
1070_IWW_DIS_XX,1070,unspecified,anger,0,anger,0,0.8405,0.1101,0.0185,0.0309
1070_IWW_HAP_XX,1070,unspecified,satisfaction,4,satisfaction,4,0.1205,0.5193,0.1633,0.1969
1070_IWW_NEU_XX,1070,unspecified,neutral,3,satisfaction,4,0.0739,0.5878,0.1887,0.1495
1070_IWW_SAD_XX,1070,unspecified,sadness,2,sadness,2,0.0019,0.2989,0.5666,0.1326
1070_MTI_ANG_XX,1070,unspecified,anger,0,anger,0,0.6149,0.3319,0.0455,0.0077
1070_MTI_DIS_XX,1070,unspecified,anger,0,satisfaction,4,0.0933,0.4767,0.3796,0.0504
1070_MTI_HAP_XX,1070,unspecified,satisfaction,4,satisfaction,4,0.3808,0.4678,0.1024,0.0489
1070_MTI_NEU_XX,1070,unspecified,neutral,3,neutral,3,0.0159,0.0914,0.239,0.6537
1070_MTI_SAD_XX,1070,unspecified,sadness,2,sadness,2,0.0028,0.3019,0.4198,0.2754
1070_TAI_ANG_XX,1070,unspecified,anger,0,anger,0,0.8938,0.1022,0.0016,0.0024
1070_TAI_DIS_XX,1070,unspecified,anger,0,satisfaction,4,0.1707,0.7555,0.0489,0.025
1070_TAI_HAP_XX,1070,unspecified,satisfaction,4,satisfaction,4,0.0874,0.8684,0.0269,0.0173
1070_TAI_NEU_XX,1070,unspecified,neutral,3,satisfaction,4,0.0425,0.6203,0.1182,0.219
1070_TAI_SAD_XX,1070,unspecified,sadness,2,satisfaction,4,0.0165,0.6276,0.1894,0.1665
1070_TIE_ANG_XX,1070,unspecified,anger,0,anger,0,0.9875,0.0122,0.0,0.0003
1070_TIE_DIS_XX,1070,unspecified,anger,0,satisfaction,4,0.1773,0.6271,0.1362,0.0594
1070_TIE_HAP_XX,1070,unspecified,satisfaction,4,satisfaction,4,0.1511,0.6839,0.0094,0.1555
1070_TIE_NEU_XX,1070,unspecified,neutral,3,satisfaction,4,0.0419,0.585,0.1013,0.2718
1070_TIE_SAD_XX,1070,unspecified,sadness,2,sadness,2,0.0103,0.157,0.705,0.1276
1070_TSI_ANG_XX,1070,unspecified,anger,0,anger,0,0.692,0.2815,0.0014,0.0251
1070_TSI_DIS_XX,1070,unspecified,anger,0,satisfaction,4,0.0632,0.8952,0.0251,0.0165
1070_TSI_HAP_XX,1070,unspecified,satisfaction,4,satisfaction,4,0.1176,0.8399,0.0181,0.0244
1070_TSI_NEU_XX,1070,unspecified,neutral,3,satisfaction,4,0.0134,0.6774,0.0938,0.2154
1070_TSI_SAD_XX,1070,unspecified,sadness,2,satisfaction,4,0.0078,0.8696,0.0428,0.0798
1070_WSI_ANG_XX,1070,unspecified,anger,0,anger,0,0.9366,0.0544,0.0034,0.0056
1070_WSI_DIS_XX,1070,unspecified,anger,0,satisfaction,4,0.035,0.4785,0.3264,0.1601
1070_WSI_HAP_XX,1070,unspecified,satisfaction,4,anger,0,0.5759,0.309,0.0052,0.1099
1070_WSI_NEU_XX,1070,unspecified,neutral,3,satisfaction,4,0.1441,0.377,0.3575,0.1214
1070_WSI_SAD_XX,1070,unspecified,sadness,2,anger,0,0.4865,0.3993,0.0503,0.0639
1071_DFA_ANG_XX,1071,unspecified,anger,0,anger,0,0.6532,0.1654,0.0273,0.1541
1071_DFA_DIS_XX,1071,unspecified,anger,0,neutral,3,0.0204,0.3498,0.129,0.5008
1071_DFA_HAP_XX,1071,unspecified,satisfaction,4,neutral,3,0.3373,0.2773,0.0142,0.3711
1071_DFA_NEU_XX,1071,unspecified,neutral,3,neutral,3,0.0391,0.2036,0.2211,0.5362
1071_DFA_SAD_XX,1071,unspecified,sadness,2,sadness,2,0.0022,0.1368,0.4318,0.4292
1071_IEO_ANG_HI,1071,high,anger,0,anger,0,0.9775,0.0208,0.0004,0.0013
1071_IEO_ANG_LO,1071,low,anger,0,satisfaction,4,0.0594,0.3691,0.3266,0.245
1071_IEO_ANG_MD,1071,medium,anger,0,anger,0,0.5747,0.302,0.0256,0.0976
1071_IEO_DIS_HI,1071,high,anger,0,satisfaction,4,0.2832,0.3791,0.0963,0.2414
1071_IEO_DIS_LO,1071,low,anger,0,sadness,2,0.0036,0.1675,0.6527,0.1762
1071_IEO_DIS_MD,1071,medium,anger,0,sadness,2,0.1009,0.3028,0.4199,0.1764
1071_IEO_HAP_HI,1071,high,satisfaction,4,anger,0,0.8359,0.1504,0.0011,0.0127
1071_IEO_HAP_LO,1071,low,satisfaction,4,neutral,3,0.0224,0.192,0.3309,0.4547
1071_IEO_HAP_MD,1071,medium,satisfaction,4,sadness,2,0.014,0.2516,0.5209,0.2135
1071_IEO_NEU_XX,1071,unspecified,neutral,3,neutral,3,0.0018,0.235,0.2898,0.4734
1071_IEO_SAD_HI,1071,high,sadness,2,sadness,2,0.0032,0.3584,0.4704,0.168
1071_IEO_SAD_LO,1071,low,sadness,2,sadness,2,0.0027,0.208,0.3997,0.3897
1071_IEO_SAD_MD,1071,medium,sadness,2,sadness,2,0.0002,0.2516,0.5095,0.2388
1071_IOM_ANG_XX,1071,unspecified,anger,0,anger,0,0.8392,0.0541,0.0891,0.0176
1071_IOM_DIS_XX,1071,unspecified,anger,0,sadness,2,0.0017,0.0762,0.5612,0.3609
1071_IOM_HAP_XX,1071,unspecified,satisfaction,4,neutral,3,0.0231,0.2503,0.3111,0.4154
1071_IOM_NEU_XX,1071,unspecified,neutral,3,sadness,2,0.001,0.0983,0.451,0.4497
1071_IOM_SAD_XX,1071,unspecified,sadness,2,sadness,2,0.0012,0.0415,0.5289,0.4284
1071_ITH_ANG_XX,1071,unspecified,anger,0,anger,0,0.4005,0.1409,0.1905,0.2681
1071_ITH_DIS_XX,1071,unspecified,anger,0,sadness,2,0.0008,0.0282,0.865,0.106
1071_ITH_HAP_XX,1071,unspecified,satisfaction,4,neutral,3,0.2413,0.2598,0.0297,0.4692
1071_ITH_NEU_XX,1071,unspecified,neutral,3,neutral,3,0.0261,0.0768,0.2504,0.6467
1071_ITH_SAD_XX,1071,unspecified,sadness,2,sadness,2,0.0001,0.0281,0.8175,0.1544
1071_ITS_ANG_XX,1071,unspecified,anger,0,anger,0,0.5255,0.1049,0.0186,0.351
1071_ITS_DIS_XX,1071,unspecified,anger,0,neutral,3,0.0004,0.0893,0.4433,0.4671
1071_ITS_HAP_XX,1071,unspecified,satisfaction,4,anger,0,0.3878,0.2899,0.0231,0.2992
1071_ITS_NEU_XX,1071,unspecified,neutral,3,sadness,2,0.0107,0.0434,0.7857,0.1602
1071_ITS_SAD_XX,1071,unspecified,sadness,2,sadness,2,0.0012,0.0857,0.6459,0.2672
1071_IWL_ANG_XX,1071,unspecified,anger,0,anger,0,0.57,0.3723,0.018,0.0396
1071_IWL_DIS_XX,1071,unspecified,anger,0,satisfaction,4,0.007,0.5984,0.3096,0.085
1071_IWL_HAP_XX,1071,unspecified,satisfaction,4,satisfaction,4,0.2799,0.424,0.0546,0.2414
1071_IWL_NEU_XX,1071,unspecified,neutral,3,sadness,2,0.0038,0.2375,0.6253,0.1334
1071_IWL_SAD_XX,1071,unspecified,sadness,2,sadness,2,0.0004,0.1272,0.7502,0.1223
1071_IWW_ANG_XX,1071,unspecified,anger,0,sadness,2,0.1914,0.0912,0.4031,0.3143
1071_IWW_DIS_XX,1071,unspecified,anger,0,sadness,2,0.0002,0.0515,0.8543,0.094
1071_IWW_HAP_XX,1071,unspecified,satisfaction,4,neutral,3,0.0522,0.1364,0.0572,0.7542
1071_IWW_NEU_XX,1071,unspecified,neutral,3,sadness,2,0.001,0.0273,0.5471,0.4245
1071_IWW_SAD_XX,1071,unspecified,sadness,2,sadness,2,0.0,0.0091,0.8941,0.0967
1071_MTI_ANG_XX,1071,unspecified,anger,0,anger,0,0.5713,0.1764,0.1268,0.1255
1071_MTI_DIS_XX,1071,unspecified,anger,0,sadness,2,0.0039,0.1563,0.6584,0.1814
1071_MTI_HAP_XX,1071,unspecified,satisfaction,4,neutral,3,0.0118,0.1893,0.3388,0.4602
1071_MTI_NEU_XX,1071,unspecified,neutral,3,sadness,2,0.0112,0.2372,0.5255,0.2261
1071_MTI_SAD_XX,1071,unspecified,sadness,2,neutral,3,0.0007,0.0523,0.3815,0.5655
1071_TAI_ANG_XX,1071,unspecified,anger,0,sadness,2,0.0177,0.1649,0.7692,0.0482
1071_TAI_DIS_XX,1071,unspecified,anger,0,sadness,2,0.0031,0.0531,0.8308,0.113
1071_TAI_HAP_XX,1071,unspecified,satisfaction,4,satisfaction,4,0.112,0.5767,0.1959,0.1154
1071_TAI_NEU_XX,1071,unspecified,neutral,3,sadness,2,0.0009,0.2011,0.6581,0.1399
1071_TAI_SAD_XX,1071,unspecified,sadness,2,sadness,2,0.0001,0.0202,0.9632,0.0166
1071_TIE_ANG_XX,1071,unspecified,anger,0,anger,0,0.9813,0.0136,0.0014,0.0036
1071_TIE_DIS_XX,1071,unspecified,anger,0,sadness,2,0.0026,0.1825,0.7402,0.0747
1071_TIE_HAP_XX,1071,unspecified,satisfaction,4,anger,0,0.4243,0.3007,0.0528,0.2222
1071_TIE_NEU_XX,1071,unspecified,neutral,3,sadness,2,0.071,0.1921,0.4075,0.3293
1071_TIE_SAD_XX,1071,unspecified,sadness,2,sadness,2,0.0007,0.1147,0.5585,0.326
1071_TSI_ANG_XX,1071,unspecified,anger,0,anger,0,0.9604,0.0306,0.0003,0.0087
1071_TSI_DIS_XX,1071,unspecified,anger,0,satisfaction,4,0.1169,0.459,0.1595,0.2646
1071_TSI_HAP_XX,1071,unspecified,satisfaction,4,anger,0,0.9113,0.0508,0.0026,0.0352
1071_TSI_NEU_XX,1071,unspecified,neutral,3,satisfaction,4,0.0054,0.4628,0.2319,0.2999
1071_TSI_SAD_XX,1071,unspecified,sadness,2,neutral,3,0.016,0.3302,0.2114,0.4423
1071_WSI_ANG_XX,1071,unspecified,anger,0,anger,0,0.8985,0.0357,0.0385,0.0273
1071_WSI_DIS_XX,1071,unspecified,anger,0,sadness,2,0.0007,0.0193,0.8306,0.1494
1071_WSI_HAP_XX,1071,unspecified,satisfaction,4,neutral,3,0.0635,0.1487,0.067,0.7208
1071_WSI_NEU_XX,1071,unspecified,neutral,3,sadness,2,0.0377,0.0818,0.5726,0.3079
1071_WSI_SAD_XX,1071,unspecified,sadness,2,sadness,2,0.0013,0.0242,0.4934,0.481
1072_DFA_ANG_XX,1072,unspecified,anger,0,anger,0,0.8067,0.1781,0.0042,0.0111
1072_DFA_DIS_XX,1072,unspecified,anger,0,satisfaction,4,0.2608,0.451,0.0649,0.2233
1072_DFA_HAP_XX,1072,unspecified,satisfaction,4,anger,0,0.9485,0.049,0.0001,0.0024
1072_DFA_NEU_XX,1072,unspecified,neutral,3,anger,0,0.8842,0.0494,0.0045,0.062
1072_DFA_SAD_XX,1072,unspecified,sadness,2,satisfaction,4,0.1824,0.3878,0.0967,0.3331
1072_IEO_ANG_HI,1072,high,anger,0,anger,0,0.9943,0.0057,0.0,0.0
1072_IEO_ANG_LO,1072,low,anger,0,anger,0,0.8006,0.1575,0.0083,0.0335
1072_IEO_ANG_MD,1072,medium,anger,0,anger,0,0.9785,0.0203,0.0003,0.0008
1072_IEO_DIS_HI,1072,high,anger,0,satisfaction,4,0.0768,0.7036,0.1737,0.046
1072_IEO_DIS_LO,1072,low,anger,0,satisfaction,4,0.0094,0.5478,0.243,0.1997
1072_IEO_DIS_MD,1072,medium,anger,0,anger,0,0.94,0.0574,0.0014,0.0013
1072_IEO_HAP_HI,1072,high,satisfaction,4,anger,0,0.5802,0.4118,0.0027,0.0053
1072_IEO_HAP_LO,1072,low,satisfaction,4,satisfaction,4,0.2186,0.5873,0.0424,0.1517
1072_IEO_HAP_MD,1072,medium,satisfaction,4,satisfaction,4,0.1005,0.7198,0.0535,0.1263
1072_IEO_NEU_XX,1072,unspecified,neutral,3,neutral,3,0.2389,0.0837,0.0222,0.6553
1072_IEO_SAD_HI,1072,high,sadness,2,satisfaction,4,0.0501,0.646,0.1971,0.1067
1072_IEO_SAD_LO,1072,low,sadness,2,sadness,2,0.0253,0.3568,0.499,0.1188
1072_IEO_SAD_MD,1072,medium,sadness,2,satisfaction,4,0.1148,0.4172,0.3054,0.1626
1072_IOM_ANG_XX,1072,unspecified,anger,0,anger,0,0.997,0.0024,0.0004,0.0001
1072_IOM_DIS_XX,1072,unspecified,anger,0,satisfaction,4,0.0102,0.7942,0.1582,0.0374
1072_IOM_HAP_XX,1072,unspecified,satisfaction,4,satisfaction,4,0.2682,0.6076,0.0859,0.0384
1072_IOM_NEU_XX,1072,unspecified,neutral,3,neutral,3,0.4061,0.1192,0.0406,0.4341
1072_IOM_SAD_XX,1072,unspecified,sadness,2,satisfaction,4,0.0334,0.6464,0.1612,0.159
1072_ITH_ANG_XX,1072,unspecified,anger,0,anger,0,0.8339,0.1248,0.0116,0.0297
1072_ITH_DIS_XX,1072,unspecified,anger,0,satisfaction,4,0.1662,0.7362,0.0748,0.0229
1072_ITH_HAP_XX,1072,unspecified,satisfaction,4,satisfaction,4,0.1888,0.7256,0.0542,0.0314
1072_ITH_NEU_XX,1072,unspecified,neutral,3,neutral,3,0.3673,0.151,0.075,0.4067
1072_ITH_SAD_XX,1072,unspecified,sadness,2,anger,0,0.3146,0.2694,0.147,0.269
1072_ITS_ANG_XX,1072,unspecified,anger,0,anger,0,0.8832,0.0608,0.0026,0.0534
1072_ITS_DIS_XX,1072,unspecified,anger,0,satisfaction,4,0.0982,0.7345,0.0599,0.1073
1072_ITS_HAP_XX,1072,unspecified,satisfaction,4,satisfaction,4,0.2236,0.7667,0.0024,0.0074
1072_ITS_NEU_XX,1072,unspecified,neutral,3,anger,0,0.7668,0.1447,0.0174,0.0712
1072_ITS_SAD_XX,1072,unspecified,sadness,2,satisfaction,4,0.1308,0.7303,0.0809,0.0579
1072_IWL_ANG_XX,1072,unspecified,anger,0,anger,0,0.9679,0.0314,0.0002,0.0005
1072_IWL_DIS_XX,1072,unspecified,anger,0,satisfaction,4,0.088,0.5277,0.1436,0.2406
1072_IWL_HAP_XX,1072,unspecified,satisfaction,4,anger,0,0.5235,0.4221,0.006,0.0483
1072_IWL_NEU_XX,1072,unspecified,neutral,3,neutral,3,0.176,0.3368,0.0432,0.4439
1072_IWL_SAD_XX,1072,unspecified,sadness,2,satisfaction,4,0.0135,0.6195,0.2086,0.1584
1072_IWW_ANG_XX,1072,unspecified,anger,0,anger,0,0.9987,0.0012,0.0,0.0001
1072_IWW_DIS_XX,1072,unspecified,anger,0,satisfaction,4,0.1342,0.6885,0.0762,0.1011
1072_IWW_HAP_XX,1072,unspecified,satisfaction,4,anger,0,0.5693,0.382,0.0186,0.0302
1072_IWW_NEU_XX,1072,unspecified,neutral,3,anger,0,0.5681,0.1513,0.0098,0.2708
1072_IWW_SAD_XX,1072,unspecified,sadness,2,satisfaction,4,0.2757,0.4074,0.1252,0.1916
1072_MTI_ANG_XX,1072,unspecified,anger,0,anger,0,0.91,0.0828,0.0052,0.002
1072_MTI_DIS_XX,1072,unspecified,anger,0,sadness,2,0.1119,0.0921,0.7074,0.0886
1072_MTI_HAP_XX,1072,unspecified,satisfaction,4,anger,0,0.5381,0.3312,0.0786,0.0521
1072_MTI_NEU_XX,1072,unspecified,neutral,3,anger,0,0.4385,0.1076,0.1072,0.3466
1072_MTI_SAD_XX,1072,unspecified,sadness,2,sadness,2,0.0547,0.0916,0.6804,0.1734
1072_TAI_ANG_XX,1072,unspecified,anger,0,anger,0,0.9734,0.0235,0.0028,0.0003
1072_TAI_DIS_XX,1072,unspecified,anger,0,satisfaction,4,0.0663,0.4283,0.1837,0.3217
1072_TAI_HAP_XX,1072,unspecified,satisfaction,4,satisfaction,4,0.0217,0.953,0.0163,0.0091
1072_TAI_NEU_XX,1072,unspecified,neutral,3,satisfaction,4,0.2694,0.458,0.071,0.2015
1072_TAI_SAD_XX,1072,unspecified,sadness,2,satisfaction,4,0.016,0.5269,0.3688,0.0882
1072_TIE_ANG_XX,1072,unspecified,anger,0,anger,0,0.9949,0.0044,0.0001,0.0006
1072_TIE_DIS_XX,1072,unspecified,anger,0,anger,0,0.7931,0.0965,0.0156,0.0949
1072_TIE_HAP_XX,1072,unspecified,satisfaction,4,anger,0,0.6475,0.3455,0.0023,0.0047
1072_TIE_NEU_XX,1072,unspecified,neutral,3,neutral,3,0.1967,0.2958,0.182,0.3256
1072_TIE_SAD_XX,1072,unspecified,sadness,2,satisfaction,4,0.0798,0.4598,0.2208,0.2396
1072_TSI_ANG_XX,1072,unspecified,anger,0,anger,0,0.99,0.0096,0.0,0.0004
1072_TSI_DIS_XX,1072,unspecified,anger,0,satisfaction,4,0.0571,0.7441,0.1446,0.0542
1072_TSI_HAP_XX,1072,unspecified,satisfaction,4,satisfaction,4,0.1843,0.7937,0.0171,0.0049
1072_TSI_NEU_XX,1072,unspecified,neutral,3,anger,0,0.4674,0.3234,0.0018,0.2074
1072_TSI_SAD_XX,1072,unspecified,sadness,2,satisfaction,4,0.0229,0.8217,0.0247,0.1307
1072_WSI_ANG_XX,1072,unspecified,anger,0,anger,0,0.9784,0.0188,0.0003,0.0025
1072_WSI_DIS_XX,1072,unspecified,anger,0,sadness,2,0.1378,0.3415,0.3695,0.1512
1072_WSI_HAP_XX,1072,unspecified,satisfaction,4,satisfaction,4,0.4184,0.5661,0.012,0.0034
1072_WSI_NEU_XX,1072,unspecified,neutral,3,anger,0,0.6276,0.1497,0.0506,0.1721
1072_WSI_SAD_XX,1072,unspecified,sadness,2,satisfaction,4,0.0716,0.556,0.2187,0.1537
1073_DFA_ANG_XX,1073,unspecified,anger,0,anger,0,0.9202,0.0681,0.0034,0.0082
1073_DFA_DIS_XX,1073,unspecified,anger,0,anger,0,0.4754,0.342,0.0361,0.1466
1073_DFA_HAP_XX,1073,unspecified,satisfaction,4,anger,0,0.8069,0.1596,0.0114,0.0222
1073_DFA_NEU_XX,1073,unspecified,neutral,3,satisfaction,4,0.3477,0.369,0.0317,0.2516
1073_DFA_SAD_XX,1073,unspecified,sadness,2,neutral,3,0.1198,0.3689,0.1233,0.3879
1073_IEO_ANG_HI,1073,high,anger,0,anger,0,0.977,0.0225,0.0003,0.0003
1073_IEO_ANG_LO,1073,low,anger,0,anger,0,0.8648,0.0854,0.0034,0.0464
1073_IEO_ANG_MD,1073,medium,anger,0,anger,0,0.887,0.0806,0.0116,0.0208
1073_IEO_DIS_HI,1073,high,anger,0,anger,0,0.7358,0.182,0.0544,0.0278
1073_IEO_DIS_LO,1073,low,anger,0,satisfaction,4,0.1104,0.4009,0.2391,0.2497
1073_IEO_DIS_MD,1073,medium,anger,0,satisfaction,4,0.2706,0.3718,0.2503,0.1074
1073_IEO_HAP_HI,1073,high,satisfaction,4,anger,0,0.3951,0.2879,0.1076,0.2093
1073_IEO_HAP_LO,1073,low,satisfaction,4,satisfaction,4,0.0929,0.4821,0.0367,0.3882
1073_IEO_HAP_MD,1073,medium,satisfaction,4,satisfaction,4,0.1786,0.5533,0.1102,0.1578
1073_IEO_NEU_XX,1073,unspecified,neutral,3,neutral,3,0.0402,0.2871,0.2399,0.4328
1073_IEO_SAD_HI,1073,high,sadness,2,satisfaction,4,0.0906,0.3999,0.3143,0.1952
1073_IEO_SAD_LO,1073,low,sadness,2,neutral,3,0.012,0.3203,0.2055,0.4622
1073_IEO_SAD_MD,1073,medium,sadness,2,sadness,2,0.0028,0.2797,0.4745,0.2431
1073_IOM_ANG_XX,1073,unspecified,anger,0,anger,0,0.4845,0.178,0.1423,0.1951
1073_IOM_DIS_XX,1073,unspecified,anger,0,sadness,2,0.0374,0.36,0.3912,0.2114
1073_IOM_HAP_XX,1073,unspecified,satisfaction,4,satisfaction,4,0.1267,0.5288,0.1563,0.1882
1073_IOM_NEU_XX,1073,unspecified,neutral,3,satisfaction,4,0.0209,0.5137,0.0845,0.3809
1073_IOM_SAD_XX,1073,unspecified,sadness,2,sadness,2,0.0437,0.3006,0.3376,0.3181
1073_ITH_ANG_XX,1073,unspecified,anger,0,anger,0,0.9805,0.0104,0.001,0.0081
1073_ITH_DIS_XX,1073,unspecified,anger,0,satisfaction,4,0.1409,0.5008,0.138,0.2204
1073_ITH_HAP_XX,1073,unspecified,satisfaction,4,satisfaction,4,0.2322,0.5001,0.094,0.1737
1073_ITH_NEU_XX,1073,unspecified,neutral,3,anger,0,0.3122,0.2426,0.1522,0.2931
1073_ITH_SAD_XX,1073,unspecified,sadness,2,neutral,3,0.0438,0.2886,0.2643,0.4032
1073_ITS_ANG_XX,1073,unspecified,anger,0,anger,0,0.769,0.1445,0.0259,0.0606
1073_ITS_DIS_XX,1073,unspecified,anger,0,satisfaction,4,0.0193,0.4306,0.1415,0.4086
1073_ITS_HAP_XX,1073,unspecified,satisfaction,4,satisfaction,4,0.1363,0.6905,0.1103,0.0629
1073_ITS_NEU_XX,1073,unspecified,neutral,3,satisfaction,4,0.2133,0.3949,0.1415,0.2503
1073_ITS_SAD_XX,1073,unspecified,sadness,2,sadness,2,0.1826,0.2688,0.335,0.2136
1073_IWL_ANG_XX,1073,unspecified,anger,0,anger,0,0.9699,0.0234,0.0017,0.005
1073_IWL_DIS_XX,1073,unspecified,anger,0,satisfaction,4,0.0319,0.5412,0.1651,0.2618
1073_IWL_HAP_XX,1073,unspecified,satisfaction,4,anger,0,0.3332,0.2678,0.0777,0.3213
1073_IWL_NEU_XX,1073,unspecified,neutral,3,neutral,3,0.094,0.2928,0.0342,0.5789
1073_IWL_SAD_XX,1073,unspecified,sadness,2,neutral,3,0.0521,0.045,0.1333,0.7696
1073_IWW_ANG_XX,1073,unspecified,anger,0,anger,0,0.9508,0.024,0.0081,0.0171
1073_IWW_DIS_XX,1073,unspecified,anger,0,satisfaction,4,0.2192,0.3771,0.1612,0.2426
1073_IWW_HAP_XX,1073,unspecified,satisfaction,4,neutral,3,0.2001,0.253,0.1812,0.3656
1073_IWW_NEU_XX,1073,unspecified,neutral,3,neutral,3,0.0806,0.1607,0.2148,0.544
1073_IWW_SAD_XX,1073,unspecified,sadness,2,sadness,2,0.0165,0.2338,0.6093,0.1404
1073_MTI_ANG_XX,1073,unspecified,anger,0,anger,0,0.9548,0.0183,0.0126,0.0143
1073_MTI_DIS_XX,1073,unspecified,anger,0,sadness,2,0.3509,0.1256,0.4273,0.0963
1073_MTI_HAP_XX,1073,unspecified,satisfaction,4,anger,0,0.6402,0.1847,0.0948,0.0803
1073_MTI_NEU_XX,1073,unspecified,neutral,3,sadness,2,0.1752,0.0468,0.4056,0.3724
1073_MTI_SAD_XX,1073,unspecified,sadness,2,sadness,2,0.0605,0.0692,0.6278,0.2425
1073_TAI_ANG_XX,1073,unspecified,anger,0,anger,0,0.7956,0.156,0.0341,0.0144
1073_TAI_DIS_XX,1073,unspecified,anger,0,sadness,2,0.0701,0.4,0.4519,0.078
1073_TAI_HAP_XX,1073,unspecified,satisfaction,4,satisfaction,4,0.0442,0.6864,0.1886,0.0809
1073_TAI_NEU_XX,1073,unspecified,neutral,3,satisfaction,4,0.2369,0.5378,0.101,0.1244
1073_TAI_SAD_XX,1073,unspecified,sadness,2,sadness,2,0.0027,0.2946,0.6589,0.0437
1073_TIE_ANG_XX,1073,unspecified,anger,0,anger,0,0.8662,0.1214,0.0009,0.0115
1073_TIE_DIS_XX,1073,unspecified,anger,0,satisfaction,4,0.1024,0.7365,0.0961,0.0649
1073_TIE_HAP_XX,1073,unspecified,satisfaction,4,anger,0,0.8311,0.0818,0.0061,0.081
1073_TIE_NEU_XX,1073,unspecified,neutral,3,neutral,3,0.2864,0.2349,0.0314,0.4473
1073_TIE_SAD_XX,1073,unspecified,sadness,2,neutral,3,0.0279,0.0396,0.1336,0.799
1073_TSI_ANG_XX,1073,unspecified,anger,0,anger,0,0.7637,0.224,0.002,0.0103
1073_TSI_DIS_XX,1073,unspecified,anger,0,satisfaction,4,0.0993,0.6604,0.0766,0.1637
1073_TSI_HAP_XX,1073,unspecified,satisfaction,4,anger,0,0.5005,0.3874,0.0268,0.0853
1073_TSI_NEU_XX,1073,unspecified,neutral,3,satisfaction,4,0.1031,0.7851,0.032,0.0798
1073_TSI_SAD_XX,1073,unspecified,sadness,2,satisfaction,4,0.0155,0.8506,0.0998,0.0341
1073_WSI_ANG_XX,1073,unspecified,anger,0,anger,0,0.9388,0.0494,0.0056,0.0061
1073_WSI_DIS_XX,1073,unspecified,anger,0,sadness,2,0.049,0.2427,0.3567,0.3516
1073_WSI_HAP_XX,1073,unspecified,satisfaction,4,sadness,2,0.1053,0.2657,0.4661,0.1629
1073_WSI_NEU_XX,1073,unspecified,neutral,3,neutral,3,0.3132,0.2479,0.1225,0.3164
1073_WSI_SAD_XX,1073,unspecified,sadness,2,sadness,2,0.0287,0.0744,0.6351,0.2618
1074_DFA_ANG_XX,1074,unspecified,anger,0,anger,0,0.9772,0.0216,0.0002,0.001
1074_DFA_DIS_XX,1074,unspecified,anger,0,anger,0,0.6521,0.2233,0.0737,0.0509
1074_DFA_HAP_XX,1074,unspecified,satisfaction,4,anger,0,0.8513,0.1004,0.0037,0.0447
1074_DFA_NEU_XX,1074,unspecified,neutral,3,anger,0,0.3772,0.3245,0.0149,0.2834
1074_DFA_SAD_XX,1074,unspecified,sadness,2,anger,0,0.5435,0.3398,0.0774,0.0394
1074_IEO_ANG_HI,1074,high,anger,0,anger,0,0.8075,0.1909,0.0002,0.0014
1074_IEO_ANG_LO,1074,low,anger,0,anger,0,0.5139,0.3859,0.0241,0.076
1074_IEO_ANG_MD,1074,medium,anger,0,anger,0,0.9372,0.0576,0.001,0.0042
1074_IEO_DIS_HI,1074,high,anger,0,anger,0,0.9062,0.0904,0.002,0.0014
1074_IEO_DIS_LO,1074,low,anger,0,anger,0,0.7402,0.2043,0.0214,0.0341
1074_IEO_DIS_MD,1074,medium,anger,0,satisfaction,4,0.1668,0.8102,0.0201,0.0029
1074_IEO_HAP_HI,1074,high,satisfaction,4,satisfaction,4,0.1355,0.8575,0.0017,0.0052
1074_IEO_HAP_LO,1074,low,satisfaction,4,anger,0,0.8982,0.0759,0.0013,0.0246
1074_IEO_HAP_MD,1074,medium,satisfaction,4,satisfaction,4,0.0234,0.9744,0.0017,0.0005
1074_IEO_NEU_XX,1074,unspecified,neutral,3,satisfaction,4,0.1714,0.5307,0.0438,0.2541
1074_IEO_SAD_HI,1074,high,sadness,2,sadness,2,0.011,0.4077,0.4122,0.1691
1074_IEO_SAD_LO,1074,low,sadness,2,satisfaction,4,0.0095,0.4362,0.358,0.1962
1074_IEO_SAD_MD,1074,medium,sadness,2,sadness,2,0.0069,0.2131,0.6684,0.1116
1074_IOM_ANG_XX,1074,unspecified,anger,0,anger,0,0.9347,0.0428,0.0205,0.0021
1074_IOM_DIS_XX,1074,unspecified,anger,0,satisfaction,4,0.0542,0.5748,0.3215,0.0495
1074_IOM_HAP_XX,1074,unspecified,satisfaction,4,satisfaction,4,0.1774,0.6404,0.158,0.0242
1074_IOM_NEU_XX,1074,unspecified,neutral,3,neutral,3,0.2655,0.2268,0.1505,0.3572
1074_IOM_SAD_XX,1074,unspecified,sadness,2,satisfaction,4,0.1693,0.3445,0.1797,0.3066
1074_ITH_ANG_XX,1074,unspecified,anger,0,anger,0,0.9634,0.0303,0.004,0.0023
1074_ITH_DIS_XX,1074,unspecified,anger,0,satisfaction,4,0.2051,0.5528,0.097,0.1451
1074_ITH_HAP_XX,1074,unspecified,satisfaction,4,anger,0,0.6038,0.3636,0.0245,0.0081
1074_ITH_NEU_XX,1074,unspecified,neutral,3,neutral,3,0.1318,0.0524,0.0403,0.7756
1074_ITH_SAD_XX,1074,unspecified,sadness,2,neutral,3,0.0114,0.3898,0.0855,0.5133
1074_ITS_ANG_XX,1074,unspecified,anger,0,anger,0,0.9957,0.003,0.0009,0.0003
1074_ITS_DIS_XX,1074,unspecified,anger,0,satisfaction,4,0.0798,0.7114,0.1915,0.0174
1074_ITS_HAP_XX,1074,unspecified,satisfaction,4,anger,0,0.5878,0.3892,0.0178,0.0052
1074_ITS_NEU_XX,1074,unspecified,neutral,3,satisfaction,4,0.2233,0.3805,0.1146,0.2817
1074_ITS_SAD_XX,1074,unspecified,sadness,2,sadness,2,0.0503,0.3867,0.5332,0.0298
1074_IWL_ANG_XX,1074,unspecified,anger,0,anger,0,0.9943,0.0056,0.0,0.0001
1074_IWL_DIS_XX,1074,unspecified,anger,0,satisfaction,4,0.1038,0.8095,0.035,0.0517
1074_IWL_HAP_XX,1074,unspecified,satisfaction,4,anger,0,0.8992,0.0931,0.0006,0.0071
1074_IWL_NEU_XX,1074,unspecified,neutral,3,neutral,3,0.1943,0.2563,0.074,0.4754
1074_IWL_SAD_XX,1074,unspecified,sadness,2,neutral,3,0.0345,0.3239,0.1751,0.4665
1074_IWW_ANG_XX,1074,unspecified,anger,0,anger,0,0.9995,0.0004,0.0,0.0001
1074_IWW_DIS_XX,1074,unspecified,anger,0,anger,0,0.916,0.0491,0.03,0.0049
1074_IWW_HAP_XX,1074,unspecified,satisfaction,4,anger,0,0.493,0.2381,0.2232,0.0457
1074_IWW_NEU_XX,1074,unspecified,neutral,3,anger,0,0.4679,0.1404,0.0404,0.3513
1074_IWW_SAD_XX,1074,unspecified,sadness,2,sadness,2,0.0166,0.0865,0.806,0.0909
1074_MTI_ANG_XX,1074,unspecified,anger,0,anger,0,0.9672,0.0257,0.0067,0.0004
1074_MTI_DIS_XX,1074,unspecified,anger,0,anger,0,0.8203,0.0606,0.1136,0.0055
1074_MTI_HAP_XX,1074,unspecified,satisfaction,4,anger,0,0.53,0.3742,0.0828,0.013
1074_MTI_NEU_XX,1074,unspecified,neutral,3,neutral,3,0.1693,0.133,0.1704,0.5273
1074_MTI_SAD_XX,1074,unspecified,sadness,2,sadness,2,0.0241,0.2897,0.599,0.0872
1074_TAI_ANG_XX,1074,unspecified,anger,0,anger,0,0.9197,0.0764,0.0035,0.0004
1074_TAI_DIS_XX,1074,unspecified,anger,0,anger,0,0.8756,0.0445,0.0785,0.0014
1074_TAI_HAP_XX,1074,unspecified,satisfaction,4,satisfaction,4,0.055,0.6909,0.2519,0.0022
1074_TAI_NEU_XX,1074,unspecified,neutral,3,satisfaction,4,0.103,0.5855,0.2858,0.0257
1074_TAI_SAD_XX,1074,unspecified,sadness,2,satisfaction,4,0.0955,0.4411,0.3591,0.1043
1074_TIE_ANG_XX,1074,unspecified,anger,0,anger,0,0.9994,0.0006,0.0,0.0
1074_TIE_DIS_XX,1074,unspecified,anger,0,anger,0,0.9163,0.0725,0.009,0.0022
1074_TIE_HAP_XX,1074,unspecified,satisfaction,4,satisfaction,4,0.1587,0.8142,0.026,0.0011
1074_TIE_NEU_XX,1074,unspecified,neutral,3,satisfaction,4,0.109,0.6039,0.0602,0.2269
1074_TIE_SAD_XX,1074,unspecified,sadness,2,sadness,2,0.0202,0.255,0.5861,0.1386
1074_TSI_ANG_XX,1074,unspecified,anger,0,anger,0,0.9952,0.0047,0.0,0.0001
1074_TSI_DIS_XX,1074,unspecified,anger,0,anger,0,0.5197,0.4487,0.0133,0.0183
1074_TSI_HAP_XX,1074,unspecified,satisfaction,4,anger,0,0.9022,0.0958,0.0002,0.0018
1074_TSI_NEU_XX,1074,unspecified,neutral,3,satisfaction,4,0.1321,0.6359,0.0348,0.1972
1074_TSI_SAD_XX,1074,unspecified,sadness,2,satisfaction,4,0.1492,0.7591,0.0469,0.0448
1074_WSI_ANG_XX,1074,unspecified,anger,0,anger,0,0.9983,0.0016,0.0001,0.0
1074_WSI_DIS_XX,1074,unspecified,anger,0,anger,0,0.9471,0.0445,0.0073,0.0012
1074_WSI_HAP_XX,1074,unspecified,satisfaction,4,anger,0,0.8361,0.1463,0.0119,0.0057
1074_WSI_NEU_XX,1074,unspecified,neutral,3,anger,0,0.9009,0.0407,0.0306,0.0278
1074_WSI_SAD_XX,1074,unspecified,sadness,2,anger,0,0.5864,0.1168,0.218,0.0787
1075_DFA_ANG_XX,1075,unspecified,anger,0,anger,0,0.9964,0.0021,0.0002,0.0012
1075_DFA_DIS_XX,1075,unspecified,anger,0,satisfaction,4,0.0221,0.4373,0.1344,0.4062
1075_DFA_HAP_XX,1075,unspecified,satisfaction,4,satisfaction,4,0.102,0.494,0.011,0.393
1075_DFA_NEU_XX,1075,unspecified,neutral,3,neutral,3,0.2758,0.0926,0.0618,0.5698
1075_DFA_SAD_XX,1075,unspecified,sadness,2,neutral,3,0.0064,0.0913,0.4124,0.4899
1075_IEO_ANG_HI,1075,high,anger,0,anger,0,0.9899,0.01,0.0,0.0
1075_IEO_ANG_LO,1075,low,anger,0,anger,0,0.4569,0.3092,0.0421,0.1917
1075_IEO_ANG_MD,1075,medium,anger,0,anger,0,0.9049,0.0838,0.0029,0.0083
1075_IEO_DIS_HI,1075,high,anger,0,satisfaction,4,0.0016,0.7988,0.092,0.1076
1075_IEO_DIS_LO,1075,low,anger,0,satisfaction,4,0.0047,0.4874,0.2797,0.2283
1075_IEO_DIS_MD,1075,medium,anger,0,satisfaction,4,0.0003,0.5048,0.371,0.124
1075_IEO_HAP_HI,1075,high,satisfaction,4,satisfaction,4,0.0403,0.956,0.0007,0.003
1075_IEO_HAP_LO,1075,low,satisfaction,4,neutral,3,0.051,0.1833,0.0097,0.756
1075_IEO_HAP_MD,1075,medium,satisfaction,4,satisfaction,4,0.0012,0.5964,0.1675,0.2349
1075_IEO_NEU_XX,1075,unspecified,neutral,3,neutral,3,0.0556,0.1658,0.0268,0.7519
1075_IEO_SAD_HI,1075,high,sadness,2,neutral,3,0.009,0.2111,0.1359,0.644
1075_IEO_SAD_LO,1075,low,sadness,2,neutral,3,0.0,0.0509,0.4311,0.518
1075_IEO_SAD_MD,1075,medium,sadness,2,sadness,2,0.0038,0.225,0.4049,0.3663
1075_IOM_ANG_XX,1075,unspecified,anger,0,anger,0,0.9041,0.042,0.0102,0.0437
1075_IOM_DIS_XX,1075,unspecified,anger,0,sadness,2,0.0004,0.0644,0.683,0.2522
1075_IOM_HAP_XX,1075,unspecified,satisfaction,4,neutral,3,0.0652,0.3477,0.0146,0.5726
1075_IOM_NEU_XX,1075,unspecified,neutral,3,neutral,3,0.0647,0.0572,0.0186,0.8596
1075_IOM_SAD_XX,1075,unspecified,sadness,2,neutral,3,0.0045,0.06,0.0287,0.9068
1075_ITH_ANG_XX,1075,unspecified,anger,0,anger,0,0.8457,0.066,0.0208,0.0675
1075_ITH_DIS_XX,1075,unspecified,anger,0,sadness,2,0.0004,0.165,0.7697,0.065
1075_ITH_HAP_XX,1075,unspecified,satisfaction,4,satisfaction,4,0.151,0.487,0.0411,0.3209
1075_ITH_NEU_XX,1075,unspecified,neutral,3,neutral,3,0.0297,0.0418,0.0719,0.8566
1075_ITH_SAD_XX,1075,unspecified,sadness,2,sadness,2,0.0004,0.1259,0.6034,0.2703
1075_ITS_ANG_XX,1075,unspecified,anger,0,anger,0,0.9887,0.0099,0.0009,0.0005
1075_ITS_DIS_XX,1075,unspecified,anger,0,sadness,2,0.0114,0.2807,0.3789,0.329
1075_ITS_HAP_XX,1075,unspecified,satisfaction,4,satisfaction,4,0.2557,0.6288,0.0435,0.0721
1075_ITS_NEU_XX,1075,unspecified,neutral,3,neutral,3,0.2,0.1695,0.0631,0.5674
1075_ITS_SAD_XX,1075,unspecified,sadness,2,sadness,2,0.0018,0.017,0.6605,0.3207
1075_IWL_ANG_XX,1075,unspecified,anger,0,anger,0,0.8052,0.109,0.0287,0.0571
1075_IWL_DIS_XX,1075,unspecified,anger,0,neutral,3,0.0011,0.0702,0.4042,0.5245
1075_IWL_HAP_XX,1075,unspecified,satisfaction,4,satisfaction,4,0.0406,0.6941,0.0445,0.2208
1075_IWL_NEU_XX,1075,unspecified,neutral,3,neutral,3,0.0056,0.3865,0.06,0.548
1075_IWL_SAD_XX,1075,unspecified,sadness,2,sadness,2,0.0012,0.0439,0.5865,0.3684
1075_IWW_ANG_XX,1075,unspecified,anger,0,anger,0,0.9911,0.0025,0.0006,0.0058
1075_IWW_DIS_XX,1075,unspecified,anger,0,sadness,2,0.0038,0.1361,0.5608,0.2992
1075_IWW_HAP_XX,1075,unspecified,satisfaction,4,satisfaction,4,0.0655,0.5462,0.0402,0.3481
1075_IWW_NEU_XX,1075,unspecified,neutral,3,neutral,3,0.0942,0.1344,0.0507,0.7207
1075_IWW_SAD_XX,1075,unspecified,sadness,2,sadness,2,0.0049,0.185,0.6665,0.1436
1075_MTI_ANG_XX,1075,unspecified,anger,0,anger,0,0.4035,0.0717,0.1452,0.3796
1075_MTI_DIS_XX,1075,unspecified,anger,0,sadness,2,0.006,0.0698,0.702,0.2222
1075_MTI_HAP_XX,1075,unspecified,satisfaction,4,neutral,3,0.2832,0.253,0.1137,0.35
1075_MTI_NEU_XX,1075,unspecified,neutral,3,neutral,3,0.1604,0.0783,0.1229,0.6384
1075_MTI_SAD_XX,1075,unspecified,sadness,2,sadness,2,0.001,0.0144,0.8505,0.1341
1075_TAI_ANG_XX,1075,unspecified,anger,0,anger,0,0.8743,0.0634,0.053,0.0093
1075_TAI_DIS_XX,1075,unspecified,anger,0,sadness,2,0.0085,0.1465,0.5482,0.2968
1075_TAI_HAP_XX,1075,unspecified,satisfaction,4,satisfaction,4,0.0559,0.8656,0.0301,0.0484
1075_TAI_NEU_XX,1075,unspecified,neutral,3,neutral,3,0.0086,0.2654,0.0203,0.7057
1075_TAI_SAD_XX,1075,unspecified,sadness,2,neutral,3,0.0015,0.1461,0.3371,0.5152
1075_TIE_ANG_XX,1075,unspecified,anger,0,anger,0,0.9955,0.0028,0.0002,0.0014
1075_TIE_DIS_XX,1075,unspecified,anger,0,sadness,2,0.0017,0.1412,0.7198,0.1374
1075_TIE_HAP_XX,1075,unspecified,satisfaction,4,neutral,3,0.028,0.2039,0.0916,0.6766
1075_TIE_NEU_XX,1075,unspecified,neutral,3,neutral,3,0.055,0.0813,0.1378,0.7259
1075_TIE_SAD_XX,1075,unspecified,sadness,2,neutral,3,0.0103,0.1428,0.2975,0.5494
1075_TSI_ANG_XX,1075,unspecified,anger,0,anger,0,0.9786,0.0199,0.0001,0.0014
1075_TSI_DIS_XX,1075,unspecified,anger,0,satisfaction,4,0.0013,0.3952,0.3729,0.2305
1075_TSI_HAP_XX,1075,unspecified,satisfaction,4,satisfaction,4,0.0343,0.9337,0.0297,0.0024
1075_TSI_NEU_XX,1075,unspecified,neutral,3,neutral,3,0.1417,0.2358,0.0474,0.575
1075_TSI_SAD_XX,1075,unspecified,sadness,2,sadness,2,0.0003,0.2487,0.6206,0.1305
1075_WSI_ANG_XX,1075,unspecified,anger,0,anger,0,0.9935,0.0053,0.0008,0.0004
1075_WSI_DIS_XX,1075,unspecified,anger,0,sadness,2,0.0075,0.0824,0.463,0.447
1075_WSI_HAP_XX,1075,unspecified,satisfaction,4,neutral,3,0.078,0.285,0.067,0.5699
1075_WSI_NEU_XX,1075,unspecified,neutral,3,neutral,3,0.3558,0.1884,0.0424,0.4133
1075_WSI_SAD_XX,1075,unspecified,sadness,2,sadness,2,0.0047,0.0756,0.4599,0.4599
1076_DFA_ANG_XX,1076,unspecified,anger,0,anger,0,0.9963,0.001,0.0,0.0027
1076_DFA_DIS_XX,1076,unspecified,anger,0,anger,0,0.983,0.0062,0.0001,0.0107
1076_DFA_HAP_XX,1076,unspecified,satisfaction,4,anger,0,0.7912,0.0235,0.0004,0.1848
1076_DFA_NEU_XX,1076,unspecified,neutral,3,anger,0,0.9456,0.0201,0.0017,0.0326
1076_DFA_SAD_XX,1076,unspecified,sadness,2,neutral,3,0.2677,0.1377,0.0779,0.5167
1076_IEO_ANG_HI,1076,high,anger,0,anger,0,0.9938,0.006,0.0,0.0002
1076_IEO_ANG_LO,1076,low,anger,0,anger,0,0.9475,0.0237,0.001,0.0278
1076_IEO_ANG_MD,1076,medium,anger,0,anger,0,0.9987,0.0009,0.0,0.0004
1076_IEO_DIS_HI,1076,high,anger,0,satisfaction,4,0.3144,0.405,0.0823,0.1983
1076_IEO_DIS_LO,1076,low,anger,0,satisfaction,4,0.005,0.6466,0.1943,0.1542
1076_IEO_DIS_MD,1076,medium,anger,0,anger,0,0.6079,0.174,0.0041,0.214
1076_IEO_HAP_HI,1076,high,satisfaction,4,satisfaction,4,0.0953,0.8954,0.0019,0.0073
1076_IEO_HAP_LO,1076,low,satisfaction,4,satisfaction,4,0.0651,0.7095,0.0131,0.2123
1076_IEO_HAP_MD,1076,medium,satisfaction,4,satisfaction,4,0.1456,0.6492,0.0597,0.1455
1076_IEO_NEU_XX,1076,unspecified,neutral,3,satisfaction,4,0.0689,0.5353,0.0289,0.3669
1076_IEO_SAD_HI,1076,high,sadness,2,satisfaction,4,0.0171,0.6834,0.1349,0.1646
1076_IEO_SAD_LO,1076,low,sadness,2,neutral,3,0.0012,0.2666,0.3392,0.3931
1076_IEO_SAD_MD,1076,medium,sadness,2,neutral,3,0.01,0.3747,0.1612,0.4541
1076_IOM_ANG_XX,1076,unspecified,anger,0,anger,0,0.7946,0.1368,0.0175,0.0512
1076_IOM_DIS_XX,1076,unspecified,anger,0,satisfaction,4,0.0264,0.7694,0.0667,0.1375
1076_IOM_HAP_XX,1076,unspecified,satisfaction,4,satisfaction,4,0.0529,0.766,0.0653,0.1158
1076_IOM_NEU_XX,1076,unspecified,neutral,3,anger,0,0.8782,0.0263,0.003,0.0925
1076_IOM_SAD_XX,1076,unspecified,sadness,2,neutral,3,0.0366,0.0977,0.0376,0.8281
1076_ITH_ANG_XX,1076,unspecified,anger,0,anger,0,0.9812,0.0033,0.0005,0.0151
1076_ITH_DIS_XX,1076,unspecified,anger,0,neutral,3,0.1337,0.3441,0.1044,0.4178
1076_ITH_HAP_XX,1076,unspecified,satisfaction,4,anger,0,0.5428,0.253,0.0108,0.1934
1076_ITH_NEU_XX,1076,unspecified,neutral,3,neutral,3,0.381,0.1368,0.0183,0.464
1076_ITH_SAD_XX,1076,unspecified,sadness,2,neutral,3,0.0821,0.2227,0.08,0.6151
1076_ITS_ANG_XX,1076,unspecified,anger,0,anger,0,0.8927,0.0723,0.0075,0.0275
1076_ITS_DIS_XX,1076,unspecified,anger,0,neutral,3,0.2058,0.2003,0.045,0.5489
1076_ITS_HAP_XX,1076,unspecified,satisfaction,4,anger,0,0.8696,0.0822,0.006,0.0421
1076_ITS_SAD_XX,1076,unspecified,sadness,2,sadness,2,0.0605,0.0877,0.4579,0.3939
1076_IWL_ANG_XX,1076,unspecified,anger,0,anger,0,0.644,0.2189,0.0053,0.1319
1076_IWL_DIS_XX,1076,unspecified,anger,0,neutral,3,0.1528,0.1656,0.077,0.6046
1076_IWL_HAP_XX,1076,unspecified,satisfaction,4,satisfaction,4,0.1416,0.7855,0.0113,0.0615
1076_IWL_NEU_XX,1076,unspecified,neutral,3,satisfaction,4,0.084,0.6043,0.0828,0.229
1076_IWL_SAD_XX,1076,unspecified,sadness,2,neutral,3,0.0615,0.0921,0.0617,0.7846
1076_IWW_ANG_XX,1076,unspecified,anger,0,anger,0,0.9955,0.0009,0.0001,0.0034
1076_IWW_DIS_XX,1076,unspecified,anger,0,satisfaction,4,0.2605,0.3173,0.1138,0.3085
1076_IWW_HAP_XX,1076,unspecified,satisfaction,4,anger,0,0.9238,0.0393,0.002,0.0349
1076_IWW_NEU_XX,1076,unspecified,neutral,3,neutral,3,0.2407,0.1074,0.0355,0.6163
1076_IWW_SAD_XX,1076,unspecified,sadness,2,neutral,3,0.2007,0.2236,0.0954,0.4803
1076_MTI_ANG_XX,1076,unspecified,anger,0,anger,0,0.8898,0.014,0.0083,0.0879
1076_MTI_DIS_XX,1076,unspecified,anger,0,neutral,3,0.1271,0.1261,0.3311,0.4157
1076_MTI_HAP_XX,1076,unspecified,satisfaction,4,sadness,2,0.2295,0.1456,0.3855,0.2394
1076_MTI_NEU_XX,1076,unspecified,neutral,3,neutral,3,0.1636,0.0243,0.0408,0.7713
1076_MTI_SAD_XX,1076,unspecified,sadness,2,anger,0,0.6852,0.0019,0.0001,0.3128
1076_TAI_ANG_XX,1076,unspecified,anger,0,anger,0,0.9588,0.0168,0.0029,0.0214
1076_TAI_DIS_XX,1076,unspecified,anger,0,sadness,2,0.0436,0.1428,0.4372,0.3764
1076_TAI_HAP_XX,1076,unspecified,satisfaction,4,satisfaction,4,0.0197,0.8559,0.0914,0.0331
1076_TAI_NEU_XX,1076,unspecified,neutral,3,neutral,3,0.0826,0.1734,0.2628,0.4812
1076_TAI_SAD_XX,1076,unspecified,sadness,2,sadness,2,0.022,0.0253,0.702,0.2507
1076_TIE_ANG_XX,1076,unspecified,anger,0,anger,0,0.9982,0.0009,0.0002,0.0007
1076_TIE_DIS_XX,1076,unspecified,anger,0,anger,0,0.9096,0.0216,0.0039,0.065
1076_TIE_HAP_XX,1076,unspecified,satisfaction,4,anger,0,0.9139,0.0121,0.0016,0.0723
1076_TIE_NEU_XX,1076,unspecified,neutral,3,anger,0,0.4233,0.305,0.0383,0.2333
1076_TIE_SAD_XX,1076,unspecified,sadness,2,sadness,2,0.2063,0.1249,0.3546,0.3142
1076_TSI_ANG_XX,1076,unspecified,anger,0,anger,0,0.9847,0.0141,0.0001,0.0011
1076_TSI_DIS_XX,1076,unspecified,anger,0,satisfaction,4,0.2417,0.5876,0.018,0.1527
1076_TSI_HAP_XX,1076,unspecified,satisfaction,4,anger,0,0.6797,0.2658,0.0021,0.0524
1076_TSI_NEU_XX,1076,unspecified,neutral,3,satisfaction,4,0.2372,0.4491,0.0415,0.2722
1076_TSI_SAD_XX,1076,unspecified,sadness,2,anger,0,0.396,0.2221,0.1537,0.2282
1076_WSI_ANG_XX,1076,unspecified,anger,0,anger,0,0.9886,0.005,0.0004,0.006
1076_WSI_DIS_XX,1076,unspecified,anger,0,anger,0,0.7265,0.0237,0.0832,0.1667
1076_WSI_HAP_XX,1076,unspecified,satisfaction,4,anger,0,0.8229,0.0285,0.0031,0.1455
1076_WSI_NEU_XX,1076,unspecified,neutral,3,anger,0,0.8897,0.0111,0.015,0.0843
1076_WSI_SAD_XX,1076,unspecified,sadness,2,neutral,3,0.2082,0.0681,0.1677,0.556
1077_DFA_ANG_XX,1077,unspecified,anger,0,anger,0,0.9291,0.0554,0.001,0.0145
1077_DFA_DIS_XX,1077,unspecified,anger,0,satisfaction,4,0.3462,0.4637,0.0288,0.1613
1077_DFA_HAP_XX,1077,unspecified,satisfaction,4,satisfaction,4,0.0511,0.5482,0.0082,0.3926
1077_DFA_NEU_XX,1077,unspecified,neutral,3,anger,0,0.503,0.3234,0.0124,0.1612
1077_DFA_SAD_XX,1077,unspecified,sadness,2,neutral,3,0.0138,0.3403,0.0819,0.564
1077_IEO_ANG_HI,1077,high,anger,0,anger,0,0.9804,0.0195,0.0,0.0
1077_IEO_ANG_LO,1077,low,anger,0,satisfaction,4,0.4044,0.5762,0.0044,0.0149
1077_IEO_ANG_MD,1077,medium,anger,0,anger,0,0.8512,0.1432,0.0011,0.0044
1077_IEO_DIS_HI,1077,high,anger,0,satisfaction,4,0.0323,0.559,0.2172,0.1915
1077_IEO_DIS_LO,1077,low,anger,0,neutral,3,0.0005,0.2052,0.3948,0.3995
1077_IEO_DIS_MD,1077,medium,anger,0,satisfaction,4,0.0461,0.602,0.2073,0.1445
1077_IEO_HAP_HI,1077,high,satisfaction,4,anger,0,0.5184,0.3964,0.0073,0.0779
1077_IEO_HAP_LO,1077,low,satisfaction,4,satisfaction,4,0.001,0.7437,0.2066,0.0486
1077_IEO_HAP_MD,1077,medium,satisfaction,4,satisfaction,4,0.2067,0.6807,0.0144,0.0983
1077_IEO_NEU_XX,1077,unspecified,neutral,3,satisfaction,4,0.0019,0.4612,0.2097,0.3272
1077_IEO_SAD_HI,1077,high,sadness,2,neutral,3,0.0061,0.105,0.0742,0.8148
1077_IEO_SAD_LO,1077,low,sadness,2,neutral,3,0.004,0.3548,0.1617,0.4795
1077_IEO_SAD_MD,1077,medium,sadness,2,satisfaction,4,0.0038,0.3475,0.3177,0.3311
1077_IOM_ANG_XX,1077,unspecified,anger,0,anger,0,0.9564,0.036,0.0046,0.0029
1077_IOM_DIS_XX,1077,unspecified,anger,0,satisfaction,4,0.0147,0.5712,0.1954,0.2187
1077_IOM_HAP_XX,1077,unspecified,satisfaction,4,satisfaction,4,0.014,0.4913,0.3083,0.1864
1077_IOM_NEU_XX,1077,unspecified,neutral,3,satisfaction,4,0.0114,0.4607,0.1579,0.37
1077_IOM_SAD_XX,1077,unspecified,sadness,2,neutral,3,0.063,0.3707,0.15,0.4163
1077_ITH_ANG_XX,1077,unspecified,anger,0,anger,0,0.9496,0.0419,0.0054,0.0031
1077_ITH_DIS_XX,1077,unspecified,anger,0,satisfaction,4,0.1341,0.5974,0.209,0.0595
1077_ITH_HAP_XX,1077,unspecified,satisfaction,4,satisfaction,4,0.0102,0.7954,0.0676,0.1268
1077_ITH_NEU_XX,1077,unspecified,neutral,3,neutral,3,0.0369,0.2018,0.1915,0.5698
1077_ITH_SAD_XX,1077,unspecified,sadness,2,neutral,3,0.0014,0.1885,0.2717,0.5383
1077_ITS_ANG_XX,1077,unspecified,anger,0,anger,0,0.9931,0.0057,0.0001,0.0011
1077_ITS_DIS_XX,1077,unspecified,anger,0,neutral,3,0.0242,0.3771,0.1347,0.4639
1077_ITS_HAP_XX,1077,unspecified,satisfaction,4,satisfaction,4,0.3794,0.5024,0.0048,0.1134
1077_ITS_NEU_XX,1077,unspecified,neutral,3,satisfaction,4,0.1559,0.4788,0.0197,0.3457
1077_ITS_SAD_XX,1077,unspecified,sadness,2,satisfaction,4,0.0267,0.4472,0.133,0.3931
1077_IWL_ANG_XX,1077,unspecified,anger,0,anger,0,0.885,0.1004,0.0034,0.0112
1077_IWL_DIS_XX,1077,unspecified,anger,0,sadness,2,0.005,0.1681,0.5936,0.2334
1077_IWL_HAP_XX,1077,unspecified,satisfaction,4,satisfaction,4,0.1096,0.8299,0.0068,0.0536
1077_IWL_NEU_XX,1077,unspecified,neutral,3,satisfaction,4,0.0311,0.6395,0.2131,0.1163
1077_IWL_SAD_XX,1077,unspecified,sadness,2,neutral,3,0.004,0.2236,0.3231,0.4493
1077_IWW_ANG_XX,1077,unspecified,anger,0,anger,0,0.9857,0.0136,0.0001,0.0006
1077_IWW_DIS_XX,1077,unspecified,anger,0,satisfaction,4,0.0188,0.5164,0.2313,0.2335
1077_IWW_HAP_XX,1077,unspecified,satisfaction,4,satisfaction,4,0.0317,0.5679,0.0994,0.301
1077_IWW_NEU_XX,1077,unspecified,neutral,3,neutral,3,0.0126,0.1984,0.1535,0.6356
1077_IWW_SAD_XX,1077,unspecified,sadness,2,sadness,2,0.012,0.3317,0.3557,0.3006
1077_MTI_ANG_XX,1077,unspecified,anger,0,anger,0,0.6675,0.2593,0.0385,0.0347
1077_MTI_DIS_XX,1077,unspecified,anger,0,satisfaction,4,0.0619,0.5112,0.051,0.3758
1077_MTI_HAP_XX,1077,unspecified,satisfaction,4,satisfaction,4,0.2547,0.3417,0.2447,0.1589
1077_MTI_NEU_XX,1077,unspecified,neutral,3,neutral,3,0.3181,0.1585,0.0745,0.4489
1077_MTI_SAD_XX,1077,unspecified,sadness,2,anger,0,0.3114,0.2613,0.2124,0.2148
1077_TAI_ANG_XX,1077,unspecified,anger,0,anger,0,0.9731,0.0257,0.0003,0.0009
1077_TAI_DIS_XX,1077,unspecified,anger,0,satisfaction,4,0.0119,0.4869,0.4135,0.0878
1077_TAI_HAP_XX,1077,unspecified,satisfaction,4,satisfaction,4,0.0119,0.8462,0.0928,0.049
1077_TAI_NEU_XX,1077,unspecified,neutral,3,sadness,2,0.01,0.3491,0.3692,0.2717
1077_TAI_SAD_XX,1077,unspecified,sadness,2,sadness,2,0.0009,0.2236,0.6448,0.1307
1077_TIE_ANG_XX,1077,unspecified,anger,0,anger,0,0.9567,0.0401,0.0003,0.0029
1077_TIE_DIS_XX,1077,unspecified,anger,0,satisfaction,4,0.0157,0.7909,0.0939,0.0995
1077_TIE_HAP_XX,1077,unspecified,satisfaction,4,satisfaction,4,0.0881,0.8208,0.0502,0.0409
1077_TIE_NEU_XX,1077,unspecified,neutral,3,neutral,3,0.02,0.1942,0.3406,0.4452
1077_TIE_SAD_XX,1077,unspecified,sadness,2,neutral,3,0.0087,0.2259,0.2295,0.5359
1077_TSI_ANG_XX,1077,unspecified,anger,0,anger,0,0.9526,0.0405,0.0001,0.0068
1077_TSI_DIS_XX,1077,unspecified,anger,0,neutral,3,0.0319,0.2252,0.0593,0.6836
1077_TSI_HAP_XX,1077,unspecified,satisfaction,4,satisfaction,4,0.1529,0.6793,0.0227,0.145
1077_TSI_NEU_XX,1077,unspecified,neutral,3,satisfaction,4,0.0692,0.4827,0.0433,0.4047
1077_TSI_SAD_XX,1077,unspecified,sadness,2,neutral,3,0.0136,0.4071,0.1514,0.4279
1077_WSI_ANG_XX,1077,unspecified,anger,0,anger,0,0.9926,0.0066,0.0002,0.0006
1077_WSI_DIS_XX,1077,unspecified,anger,0,satisfaction,4,0.1516,0.3343,0.2992,0.2149
1077_WSI_HAP_XX,1077,unspecified,satisfaction,4,satisfaction,4,0.1262,0.6528,0.0334,0.1875
1077_WSI_NEU_XX,1077,unspecified,neutral,3,sadness,2,0.0358,0.3664,0.4749,0.1229
1077_WSI_SAD_XX,1077,unspecified,sadness,2,sadness,2,0.018,0.2947,0.4326,0.2546
1078_DFA_ANG_XX,1078,unspecified,anger,0,anger,0,0.9994,0.0005,0.0,0.0001
1078_DFA_DIS_XX,1078,unspecified,anger,0,anger,0,0.8667,0.0588,0.0114,0.0631
1078_DFA_HAP_XX,1078,unspecified,satisfaction,4,anger,0,0.518,0.2642,0.0022,0.2156
1078_DFA_NEU_XX,1078,unspecified,neutral,3,neutral,3,0.3369,0.2538,0.0233,0.386
1078_DFA_SAD_XX,1078,unspecified,sadness,2,sadness,2,0.013,0.1541,0.6102,0.2227
1078_IEO_ANG_HI,1078,high,anger,0,anger,0,0.8863,0.1135,0.0001,0.0002
1078_IEO_ANG_LO,1078,low,anger,0,anger,0,0.6152,0.3552,0.0142,0.0155
1078_IEO_ANG_MD,1078,medium,anger,0,anger,0,0.9763,0.0231,0.0002,0.0004
1078_IEO_DIS_HI,1078,high,anger,0,anger,0,0.6847,0.2251,0.0245,0.0657
1078_IEO_DIS_LO,1078,low,anger,0,satisfaction,4,0.0584,0.5156,0.276,0.15
1078_IEO_DIS_MD,1078,medium,anger,0,satisfaction,4,0.1841,0.7498,0.0583,0.0078
1078_IEO_HAP_HI,1078,high,satisfaction,4,satisfaction,4,0.0116,0.917,0.071,0.0005
1078_IEO_HAP_LO,1078,low,satisfaction,4,satisfaction,4,0.0121,0.4552,0.2202,0.3125
1078_IEO_HAP_MD,1078,medium,satisfaction,4,satisfaction,4,0.0099,0.9713,0.0094,0.0094
1078_IEO_NEU_XX,1078,unspecified,neutral,3,neutral,3,0.0525,0.1897,0.1575,0.6002
1078_IEO_SAD_HI,1078,high,sadness,2,satisfaction,4,0.0197,0.6033,0.3637,0.0133
1078_IEO_SAD_LO,1078,low,sadness,2,sadness,2,0.0012,0.159,0.5572,0.2826
1078_IEO_SAD_MD,1078,medium,sadness,2,satisfaction,4,0.0173,0.4572,0.4301,0.0954
1078_IOM_ANG_XX,1078,unspecified,anger,0,anger,0,0.9823,0.0165,0.0006,0.0006
1078_IOM_DIS_XX,1078,unspecified,anger,0,sadness,2,0.022,0.0725,0.8707,0.0348
1078_IOM_HAP_XX,1078,unspecified,satisfaction,4,satisfaction,4,0.1725,0.7156,0.0613,0.0505
1078_IOM_NEU_XX,1078,unspecified,neutral,3,neutral,3,0.0255,0.0909,0.278,0.6056
1078_IOM_SAD_XX,1078,unspecified,sadness,2,sadness,2,0.0003,0.1944,0.7741,0.0312
1078_ITH_ANG_XX,1078,unspecified,anger,0,anger,0,0.9939,0.0056,0.0001,0.0004
1078_ITH_DIS_XX,1078,unspecified,anger,0,anger,0,0.3375,0.3104,0.2075,0.1447
1078_ITH_HAP_XX,1078,unspecified,satisfaction,4,satisfaction,4,0.0406,0.729,0.1884,0.0419
1078_ITH_NEU_XX,1078,unspecified,neutral,3,neutral,3,0.2852,0.2881,0.112,0.3147
1078_ITH_SAD_XX,1078,unspecified,sadness,2,sadness,2,0.0007,0.1418,0.787,0.0705
1078_ITS_ANG_XX,1078,unspecified,anger,0,anger,0,0.9948,0.0048,0.0001,0.0003
1078_ITS_DIS_XX,1078,unspecified,anger,0,anger,0,0.9364,0.0499,0.0098,0.0038
1078_ITS_HAP_XX,1078,unspecified,satisfaction,4,satisfaction,4,0.1183,0.734,0.0996,0.0481
1078_ITS_NEU_XX,1078,unspecified,neutral,3,satisfaction,4,0.0854,0.4877,0.2195,0.2075
1078_ITS_SAD_XX,1078,unspecified,sadness,2,sadness,2,0.0012,0.1403,0.8402,0.0183
1078_IWL_ANG_XX,1078,unspecified,anger,0,anger,0,0.9344,0.0634,0.002,0.0001
1078_IWL_DIS_XX,1078,unspecified,anger,0,satisfaction,4,0.2603,0.4267,0.1268,0.1861
1078_IWL_HAP_XX,1078,unspecified,satisfaction,4,satisfaction,4,0.101,0.8711,0.0087,0.0191
1078_IWL_NEU_XX,1078,unspecified,neutral,3,satisfaction,4,0.043,0.7335,0.1211,0.1024
1078_IWL_SAD_XX,1078,unspecified,sadness,2,sadness,2,0.0016,0.2348,0.7341,0.0295
1078_IWW_ANG_XX,1078,unspecified,anger,0,anger,0,0.9913,0.0044,0.0009,0.0034
1078_IWW_DIS_XX,1078,unspecified,anger,0,satisfaction,4,0.0434,0.4719,0.4375,0.0472
1078_IWW_HAP_XX,1078,unspecified,satisfaction,4,satisfaction,4,0.0131,0.3778,0.3462,0.2628
1078_IWW_NEU_XX,1078,unspecified,neutral,3,neutral,3,0.0752,0.2075,0.19,0.5274
1078_IWW_SAD_XX,1078,unspecified,sadness,2,sadness,2,0.0004,0.0708,0.8474,0.0815
1078_MTI_ANG_XX,1078,unspecified,anger,0,anger,0,0.984,0.0059,0.0061,0.004
1078_MTI_DIS_XX,1078,unspecified,anger,0,sadness,2,0.0177,0.0939,0.8613,0.0272
1078_MTI_HAP_XX,1078,unspecified,satisfaction,4,sadness,2,0.0519,0.1725,0.5392,0.2364
1078_MTI_NEU_XX,1078,unspecified,neutral,3,sadness,2,0.1517,0.0935,0.4705,0.2844
1078_MTI_SAD_XX,1078,unspecified,sadness,2,sadness,2,0.0052,0.0644,0.8636,0.0668
1078_TAI_ANG_XX,1078,unspecified,anger,0,anger,0,0.9326,0.0656,0.0016,0.0002
1078_TAI_DIS_XX,1078,unspecified,anger,0,satisfaction,4,0.304,0.6418,0.0486,0.0056
1078_TAI_HAP_XX,1078,unspecified,satisfaction,4,satisfaction,4,0.3819,0.5228,0.0618,0.0335
1078_TAI_NEU_XX,1078,unspecified,neutral,3,sadness,2,0.0019,0.1835,0.7361,0.0786
1078_TAI_SAD_XX,1078,unspecified,sadness,2,sadness,2,0.0002,0.0908,0.9016,0.0074
1078_TIE_ANG_XX,1078,unspecified,anger,0,anger,0,0.9982,0.0015,0.0001,0.0002
1078_TIE_DIS_XX,1078,unspecified,anger,0,anger,0,0.738,0.1205,0.1142,0.0274
1078_TIE_HAP_XX,1078,unspecified,satisfaction,4,anger,0,0.9179,0.073,0.0033,0.0058
1078_TIE_NEU_XX,1078,unspecified,neutral,3,neutral,3,0.0711,0.1075,0.2061,0.6153
1078_TIE_SAD_XX,1078,unspecified,sadness,2,neutral,3,0.0231,0.1545,0.3952,0.4272
1078_TSI_ANG_XX,1078,unspecified,anger,0,anger,0,0.988,0.0117,0.0,0.0003
1078_TSI_DIS_XX,1078,unspecified,anger,0,satisfaction,4,0.2989,0.6579,0.0139,0.0292
1078_TSI_HAP_XX,1078,unspecified,satisfaction,4,satisfaction,4,0.2562,0.7333,0.0038,0.0067
1078_TSI_NEU_XX,1078,unspecified,neutral,3,satisfaction,4,0.1224,0.6681,0.0793,0.1302
1078_TSI_SAD_XX,1078,unspecified,sadness,2,satisfaction,4,0.0056,0.7465,0.2039,0.0439
1078_WSI_ANG_XX,1078,unspecified,anger,0,anger,0,0.9903,0.0092,0.0003,0.0001
1078_WSI_DIS_XX,1078,unspecified,anger,0,anger,0,0.8782,0.0623,0.0496,0.0099
1078_WSI_HAP_XX,1078,unspecified,satisfaction,4,anger,0,0.7661,0.1428,0.0595,0.0315
1078_WSI_NEU_XX,1078,unspecified,neutral,3,sadness,2,0.0474,0.0758,0.4635,0.4132
1078_WSI_SAD_XX,1078,unspecified,sadness,2,sadness,2,0.0117,0.017,0.9001,0.0712
1079_DFA_ANG_XX,1079,unspecified,anger,0,anger,0,0.9974,0.0024,0.0,0.0002
1079_DFA_DIS_XX,1079,unspecified,anger,0,anger,0,0.8047,0.1459,0.0042,0.0452
1079_DFA_HAP_XX,1079,unspecified,satisfaction,4,anger,0,0.9184,0.0694,0.0004,0.0118
1079_DFA_NEU_XX,1079,unspecified,neutral,3,anger,0,0.4578,0.1816,0.003,0.3576
1079_DFA_SAD_XX,1079,unspecified,sadness,2,neutral,3,0.1734,0.2645,0.0264,0.5356
1079_IEO_ANG_HI,1079,high,anger,0,anger,0,0.9798,0.0185,0.0,0.0017
1079_IEO_ANG_LO,1079,low,anger,0,anger,0,0.8941,0.102,0.0005,0.0034
1079_IEO_ANG_MD,1079,medium,anger,0,anger,0,0.9987,0.0012,0.0,0.0001
1079_IEO_DIS_HI,1079,high,anger,0,satisfaction,4,0.2047,0.7816,0.0018,0.0119
1079_IEO_DIS_LO,1079,low,anger,0,anger,0,0.6492,0.317,0.0085,0.0253
1079_IEO_DIS_MD,1079,medium,anger,0,satisfaction,4,0.2247,0.7266,0.002,0.0467
1079_IEO_HAP_HI,1079,high,satisfaction,4,anger,0,0.9527,0.047,0.0,0.0003
1079_IEO_HAP_LO,1079,low,satisfaction,4,satisfaction,4,0.0149,0.7091,0.0078,0.2682
1079_IEO_HAP_MD,1079,medium,satisfaction,4,satisfaction,4,0.2595,0.6009,0.0028,0.1368
1079_IEO_NEU_XX,1079,unspecified,neutral,3,neutral,3,0.0523,0.4595,0.0259,0.4622
1079_IEO_SAD_HI,1079,high,sadness,2,satisfaction,4,0.2241,0.5341,0.0185,0.2233
1079_IEO_SAD_LO,1079,low,sadness,2,neutral,3,0.0036,0.3512,0.0872,0.5581
1079_IEO_SAD_MD,1079,medium,sadness,2,satisfaction,4,0.0175,0.6305,0.1131,0.2389
1079_IOM_ANG_XX,1079,unspecified,anger,0,anger,0,0.9816,0.0152,0.0017,0.0014
1079_IOM_DIS_XX,1079,unspecified,anger,0,anger,0,0.7491,0.1426,0.0026,0.1058
1079_IOM_HAP_XX,1079,unspecified,satisfaction,4,satisfaction,4,0.1364,0.7394,0.0602,0.064
1079_IOM_NEU_XX,1079,unspecified,neutral,3,neutral,3,0.0612,0.1956,0.0425,0.7008
1079_IOM_SAD_XX,1079,unspecified,sadness,2,satisfaction,4,0.0018,0.6229,0.0538,0.3215
1079_ITH_ANG_XX,1079,unspecified,anger,0,anger,0,0.9664,0.0211,0.0011,0.0114
1079_ITH_DIS_XX,1079,unspecified,anger,0,satisfaction,4,0.1495,0.6722,0.1042,0.0742
1079_ITH_HAP_XX,1079,unspecified,satisfaction,4,satisfaction,4,0.3925,0.5848,0.016,0.0067
1079_ITH_NEU_XX,1079,unspecified,neutral,3,neutral,3,0.1139,0.0959,0.1812,0.6091
1079_ITH_SAD_XX,1079,unspecified,sadness,2,neutral,3,0.0099,0.2677,0.3512,0.3712
1079_ITS_ANG_XX,1079,unspecified,anger,0,anger,0,0.9641,0.0311,0.0016,0.0032
1079_ITS_DIS_XX,1079,unspecified,anger,0,anger,0,0.8675,0.1268,0.0008,0.0049
1079_ITS_HAP_XX,1079,unspecified,satisfaction,4,anger,0,0.6611,0.3301,0.0056,0.0032
1079_ITS_NEU_XX,1079,unspecified,neutral,3,satisfaction,4,0.1357,0.5556,0.1596,0.1491
1079_ITS_SAD_XX,1079,unspecified,sadness,2,neutral,3,0.0339,0.2895,0.2186,0.458
1079_IWL_ANG_XX,1079,unspecified,anger,0,anger,0,0.7082,0.2852,0.0052,0.0013
1079_IWL_DIS_XX,1079,unspecified,anger,0,anger,0,0.4314,0.3393,0.0366,0.1927
1079_IWL_HAP_XX,1079,unspecified,satisfaction,4,satisfaction,4,0.3676,0.5703,0.0014,0.0608
1079_IWL_NEU_XX,1079,unspecified,neutral,3,satisfaction,4,0.0769,0.5842,0.0352,0.3037
1079_IWL_SAD_XX,1079,unspecified,sadness,2,satisfaction,4,0.0107,0.6397,0.0353,0.3143
1079_IWW_ANG_XX,1079,unspecified,anger,0,anger,0,0.9693,0.0217,0.0001,0.0089
1079_IWW_DIS_XX,1079,unspecified,anger,0,anger,0,0.5034,0.3641,0.0093,0.1232
1079_IWW_HAP_XX,1079,unspecified,satisfaction,4,anger,0,0.8246,0.1643,0.0014,0.0098
1079_IWW_NEU_XX,1079,unspecified,neutral,3,neutral,3,0.2877,0.1614,0.0178,0.5331
1079_IWW_SAD_XX,1079,unspecified,sadness,2,sadness,2,0.1894,0.1525,0.3406,0.3175
1079_MTI_ANG_XX,1079,unspecified,anger,0,anger,0,0.9941,0.0034,0.0017,0.0008
1079_MTI_DIS_XX,1079,unspecified,anger,0,anger,0,0.814,0.1038,0.0275,0.0547
1079_MTI_HAP_XX,1079,unspecified,satisfaction,4,anger,0,0.6234,0.3444,0.0262,0.006
1079_MTI_NEU_XX,1079,unspecified,neutral,3,anger,0,0.3859,0.0831,0.3389,0.1922
1079_MTI_SAD_XX,1079,unspecified,sadness,2,anger,0,0.4877,0.1133,0.2907,0.1083
1079_TAI_ANG_XX,1079,unspecified,anger,0,anger,0,0.9295,0.0677,0.0017,0.0011
1079_TAI_DIS_XX,1079,unspecified,anger,0,anger,0,0.55,0.4024,0.0433,0.0043
1079_TAI_HAP_XX,1079,unspecified,satisfaction,4,satisfaction,4,0.1794,0.7602,0.0394,0.0211
1079_TAI_NEU_XX,1079,unspecified,neutral,3,satisfaction,4,0.2751,0.4496,0.0918,0.1836
1079_TAI_SAD_XX,1079,unspecified,sadness,2,satisfaction,4,0.0568,0.3954,0.3047,0.2431
1079_TIE_ANG_XX,1079,unspecified,anger,0,anger,0,0.9999,0.0001,0.0,0.0
1079_TIE_DIS_XX,1079,unspecified,anger,0,anger,0,0.9011,0.091,0.0012,0.0067
1079_TIE_HAP_XX,1079,unspecified,satisfaction,4,anger,0,0.9621,0.0375,0.0003,0.0001
1079_TIE_NEU_XX,1079,unspecified,neutral,3,neutral,3,0.0786,0.2758,0.2131,0.4325
1079_TIE_SAD_XX,1079,unspecified,sadness,2,sadness,2,0.0273,0.1037,0.5672,0.3018
1079_TSI_ANG_XX,1079,unspecified,anger,0,anger,0,0.9969,0.0029,0.0,0.0001
1079_TSI_DIS_XX,1079,unspecified,anger,0,anger,0,0.6615,0.3103,0.0183,0.01
1079_TSI_HAP_XX,1079,unspecified,satisfaction,4,satisfaction,4,0.1801,0.7866,0.0021,0.0313
1079_TSI_NEU_XX,1079,unspecified,neutral,3,satisfaction,4,0.1667,0.6532,0.0161,0.164
1079_TSI_SAD_XX,1079,unspecified,sadness,2,satisfaction,4,0.1015,0.6918,0.1166,0.0901
1079_WSI_ANG_XX,1079,unspecified,anger,0,anger,0,0.9872,0.0097,0.0009,0.0022
1079_WSI_DIS_XX,1079,unspecified,anger,0,anger,0,0.8594,0.0842,0.0064,0.05
1079_WSI_HAP_XX,1079,unspecified,satisfaction,4,anger,0,0.9642,0.0331,0.0008,0.0019
1079_WSI_NEU_XX,1079,unspecified,neutral,3,anger,0,0.4681,0.0524,0.1072,0.3724
1079_WSI_SAD_XX,1079,unspecified,sadness,2,sadness,2,0.1918,0.224,0.3836,0.2006
1080_DFA_ANG_XX,1080,unspecified,anger,0,anger,0,0.9974,0.0025,0.0,0.0001
1080_DFA_DIS_XX,1080,unspecified,anger,0,satisfaction,4,0.0158,0.6989,0.2677,0.0175
1080_DFA_HAP_XX,1080,unspecified,satisfaction,4,anger,0,0.6733,0.2307,0.0017,0.0943
1080_DFA_NEU_XX,1080,unspecified,neutral,3,neutral,3,0.3346,0.257,0.03,0.3784
1080_DFA_SAD_XX,1080,unspecified,sadness,2,sadness,2,0.0043,0.3775,0.519,0.0992
1080_IEO_ANG_HI,1080,high,anger,0,anger,0,0.9504,0.0494,0.0001,0.0001
1080_IEO_ANG_LO,1080,low,anger,0,satisfaction,4,0.0552,0.8842,0.0382,0.0225
1080_IEO_ANG_MD,1080,medium,anger,0,anger,0,0.9058,0.0925,0.0012,0.0006
1080_IEO_DIS_HI,1080,high,anger,0,satisfaction,4,0.0057,0.8846,0.0998,0.0099
1080_IEO_DIS_LO,1080,low,anger,0,satisfaction,4,0.004,0.5933,0.3762,0.0265
1080_IEO_DIS_MD,1080,medium,anger,0,satisfaction,4,0.0113,0.7034,0.2686,0.0167
1080_IEO_HAP_HI,1080,high,satisfaction,4,anger,0,0.9051,0.0934,0.0005,0.001
1080_IEO_HAP_LO,1080,low,satisfaction,4,neutral,3,0.117,0.3348,0.0173,0.5309
1080_IEO_HAP_MD,1080,medium,satisfaction,4,satisfaction,4,0.1622,0.7525,0.0269,0.0583
1080_IEO_NEU_XX,1080,unspecified,neutral,3,satisfaction,4,0.0138,0.4397,0.2746,0.2718
1080_IEO_SAD_HI,1080,high,sadness,2,anger,0,0.6239,0.2278,0.1348,0.0135
1080_IEO_SAD_LO,1080,low,sadness,2,satisfaction,4,0.0018,0.4644,0.3939,0.1399
1080_IEO_SAD_MD,1080,medium,sadness,2,sadness,2,0.0011,0.4636,0.5058,0.0296
1080_IOM_ANG_XX,1080,unspecified,anger,0,anger,0,0.9925,0.006,0.0007,0.0009
1080_IOM_DIS_XX,1080,unspecified,anger,0,sadness,2,0.0128,0.2171,0.7567,0.0134
1080_IOM_HAP_XX,1080,unspecified,satisfaction,4,anger,0,0.6468,0.2653,0.0265,0.0614
1080_IOM_NEU_XX,1080,unspecified,neutral,3,satisfaction,4,0.0708,0.4409,0.3957,0.0925
1080_IOM_SAD_XX,1080,unspecified,sadness,2,sadness,2,0.0101,0.4791,0.4935,0.0173
1080_ITH_ANG_XX,1080,unspecified,anger,0,anger,0,0.9863,0.013,0.0003,0.0003
1080_ITH_DIS_XX,1080,unspecified,anger,0,satisfaction,4,0.02,0.5663,0.3888,0.0249
1080_ITH_HAP_XX,1080,unspecified,satisfaction,4,satisfaction,4,0.1125,0.7892,0.0152,0.083
1080_ITH_NEU_XX,1080,unspecified,neutral,3,neutral,3,0.0028,0.2589,0.3455,0.3928
1080_ITH_SAD_XX,1080,unspecified,sadness,2,sadness,2,0.0013,0.2419,0.6295,0.1274
1080_ITS_ANG_XX,1080,unspecified,anger,0,anger,0,0.9837,0.016,0.0001,0.0003
1080_ITS_DIS_XX,1080,unspecified,anger,0,satisfaction,4,0.1813,0.7297,0.0617,0.0273
1080_ITS_HAP_XX,1080,unspecified,satisfaction,4,anger,0,0.4586,0.329,0.0257,0.1867
1080_ITS_NEU_XX,1080,unspecified,neutral,3,neutral,3,0.1031,0.3749,0.1221,0.3999
1080_ITS_SAD_XX,1080,unspecified,sadness,2,satisfaction,4,0.0197,0.5875,0.3513,0.0415
1080_IWL_ANG_XX,1080,unspecified,anger,0,anger,0,0.9893,0.0105,0.0,0.0002
1080_IWL_DIS_XX,1080,unspecified,anger,0,satisfaction,4,0.0648,0.7052,0.2031,0.0269
1080_IWL_HAP_XX,1080,unspecified,satisfaction,4,anger,0,0.4005,0.3617,0.0105,0.2274
1080_IWL_NEU_XX,1080,unspecified,neutral,3,neutral,3,0.0254,0.3084,0.1636,0.5027
1080_IWL_SAD_XX,1080,unspecified,sadness,2,sadness,2,0.0012,0.2914,0.5583,0.1492
1080_IWW_ANG_XX,1080,unspecified,anger,0,anger,0,0.9884,0.0107,0.0001,0.0008
1080_IWW_DIS_XX,1080,unspecified,anger,0,satisfaction,4,0.0304,0.5667,0.2881,0.1147
1080_IWW_HAP_XX,1080,unspecified,satisfaction,4,anger,0,0.6552,0.2576,0.0022,0.0851
1080_IWW_NEU_XX,1080,unspecified,neutral,3,neutral,3,0.1202,0.2505,0.0916,0.5377
1080_IWW_SAD_XX,1080,unspecified,sadness,2,sadness,2,0.0342,0.1971,0.7187,0.0499
1080_MTI_ANG_XX,1080,unspecified,anger,0,anger,0,0.9808,0.0152,0.0004,0.0036
1080_MTI_DIS_XX,1080,unspecified,anger,0,satisfaction,4,0.0378,0.5002,0.3614,0.1007
1080_MTI_HAP_XX,1080,unspecified,satisfaction,4,anger,0,0.5832,0.3166,0.0059,0.0943
1080_MTI_NEU_XX,1080,unspecified,neutral,3,satisfaction,4,0.0287,0.4348,0.3818,0.1548
1080_MTI_SAD_XX,1080,unspecified,sadness,2,sadness,2,0.0104,0.0636,0.8441,0.0819
1080_TAI_ANG_XX,1080,unspecified,anger,0,anger,0,0.9572,0.0423,0.0003,0.0002
1080_TAI_DIS_XX,1080,unspecified,anger,0,sadness,2,0.0199,0.3797,0.5871,0.0133
1080_TAI_HAP_XX,1080,unspecified,satisfaction,4,satisfaction,4,0.2988,0.6514,0.0169,0.0329
1080_TAI_NEU_XX,1080,unspecified,neutral,3,satisfaction,4,0.0242,0.6249,0.1413,0.2096
1080_TAI_SAD_XX,1080,unspecified,sadness,2,sadness,2,0.016,0.2289,0.7448,0.0104
1080_TIE_ANG_XX,1080,unspecified,anger,0,anger,0,0.9975,0.0018,0.0,0.0007
1080_TIE_DIS_XX,1080,unspecified,anger,0,satisfaction,4,0.0095,0.6553,0.2429,0.0922
1080_TIE_HAP_XX,1080,unspecified,satisfaction,4,anger,0,0.6994,0.2415,0.0132,0.0459
1080_TIE_NEU_XX,1080,unspecified,neutral,3,neutral,3,0.1348,0.1955,0.1417,0.5281
1080_TIE_SAD_XX,1080,unspecified,sadness,2,sadness,2,0.0006,0.1202,0.7954,0.0838
1080_TSI_ANG_XX,1080,unspecified,anger,0,anger,0,0.9938,0.0047,0.0,0.0015
1080_TSI_DIS_XX,1080,unspecified,anger,0,satisfaction,4,0.0176,0.6824,0.0473,0.2528
1080_TSI_HAP_XX,1080,unspecified,satisfaction,4,satisfaction,4,0.3199,0.5209,0.0026,0.1567
1080_TSI_NEU_XX,1080,unspecified,neutral,3,satisfaction,4,0.0691,0.7788,0.0409,0.1112
1080_TSI_SAD_XX,1080,unspecified,sadness,2,sadness,2,0.001,0.347,0.6142,0.0378
1080_WSI_ANG_XX,1080,unspecified,anger,0,anger,0,0.9978,0.0022,0.0,0.0
1080_WSI_DIS_XX,1080,unspecified,anger,0,sadness,2,0.0333,0.4236,0.4588,0.0843
1080_WSI_HAP_XX,1080,unspecified,satisfaction,4,anger,0,0.334,0.3315,0.0396,0.2949
1080_WSI_NEU_XX,1080,unspecified,neutral,3,satisfaction,4,0.1465,0.3086,0.2523,0.2926
1080_WSI_SAD_XX,1080,unspecified,sadness,2,sadness,2,0.0063,0.2743,0.5842,0.1352
1081_DFA_ANG_XX,1081,unspecified,anger,0,anger,0,0.996,0.0023,0.0,0.0017
1081_DFA_DIS_XX,1081,unspecified,anger,0,neutral,3,0.0076,0.2004,0.0581,0.7339
1081_DFA_HAP_XX,1081,unspecified,satisfaction,4,anger,0,0.977,0.0149,0.0003,0.0077
1081_DFA_NEU_XX,1081,unspecified,neutral,3,satisfaction,4,0.0884,0.5206,0.0352,0.3558
1081_DFA_SAD_XX,1081,unspecified,sadness,2,satisfaction,4,0.0042,0.3991,0.3766,0.2201
1081_IEO_ANG_HI,1081,high,anger,0,anger,0,0.8884,0.1102,0.0004,0.001
1081_IEO_ANG_LO,1081,low,anger,0,anger,0,0.6562,0.2573,0.0328,0.0537
1081_IEO_ANG_MD,1081,medium,anger,0,anger,0,0.9572,0.0373,0.0011,0.0044
1081_IEO_DIS_HI,1081,high,anger,0,satisfaction,4,0.0673,0.4677,0.2788,0.1862
1081_IEO_DIS_LO,1081,low,anger,0,sadness,2,0.0002,0.2457,0.7004,0.0536
1081_IEO_DIS_MD,1081,medium,anger,0,satisfaction,4,0.0142,0.6014,0.248,0.1363
1081_IEO_HAP_HI,1081,high,satisfaction,4,satisfaction,4,0.0203,0.9753,0.0029,0.0016
1081_IEO_HAP_LO,1081,low,satisfaction,4,satisfaction,4,0.0223,0.6473,0.0505,0.2799
1081_IEO_HAP_MD,1081,medium,satisfaction,4,satisfaction,4,0.0624,0.915,0.0036,0.0191
1081_IEO_NEU_XX,1081,unspecified,neutral,3,neutral,3,0.0781,0.3447,0.1658,0.4114
1081_IEO_SAD_HI,1081,high,sadness,2,neutral,3,0.0028,0.1155,0.143,0.7387
1081_IEO_SAD_LO,1081,low,sadness,2,satisfaction,4,0.0059,0.5171,0.2346,0.2424
1081_IEO_SAD_MD,1081,medium,sadness,2,neutral,3,0.0128,0.2666,0.2117,0.5089
1081_IOM_ANG_XX,1081,unspecified,anger,0,anger,0,0.9781,0.0143,0.0029,0.0047
1081_IOM_DIS_XX,1081,unspecified,anger,0,sadness,2,0.0204,0.2488,0.6856,0.0452
1081_IOM_HAP_XX,1081,unspecified,satisfaction,4,satisfaction,4,0.0701,0.7094,0.077,0.1436
1081_IOM_NEU_XX,1081,unspecified,neutral,3,sadness,2,0.0005,0.1633,0.5052,0.331
1081_IOM_SAD_XX,1081,unspecified,sadness,2,sadness,2,0.0008,0.1596,0.7689,0.0707
1081_ITH_ANG_XX,1081,unspecified,anger,0,anger,0,0.9905,0.009,0.0,0.0005
1081_ITH_DIS_XX,1081,unspecified,anger,0,sadness,2,0.0009,0.079,0.8156,0.1044
1081_ITH_HAP_XX,1081,unspecified,satisfaction,4,satisfaction,4,0.0645,0.9063,0.0066,0.0226
1081_ITH_NEU_XX,1081,unspecified,neutral,3,neutral,3,0.0071,0.2789,0.1069,0.6071
1081_ITH_SAD_XX,1081,unspecified,sadness,2,sadness,2,0.0001,0.0589,0.8884,0.0527
1081_ITS_ANG_XX,1081,unspecified,anger,0,anger,0,0.9662,0.0299,0.0011,0.0027
1081_ITS_DIS_XX,1081,unspecified,anger,0,sadness,2,0.0052,0.3051,0.4505,0.2392
1081_ITS_HAP_XX,1081,unspecified,satisfaction,4,anger,0,0.5797,0.4117,0.0041,0.0045
1081_ITS_NEU_XX,1081,unspecified,neutral,3,satisfaction,4,0.0253,0.6513,0.0968,0.2265
1081_ITS_SAD_XX,1081,unspecified,sadness,2,sadness,2,0.0017,0.1505,0.5523,0.2956
1081_IWL_ANG_XX,1081,unspecified,anger,0,anger,0,0.8105,0.1695,0.0043,0.0157
1081_IWL_DIS_XX,1081,unspecified,anger,0,satisfaction,4,0.0227,0.6576,0.2142,0.1055
1081_IWL_HAP_XX,1081,unspecified,satisfaction,4,satisfaction,4,0.1045,0.8461,0.013,0.0363
1081_IWL_NEU_XX,1081,unspecified,neutral,3,sadness,2,0.0088,0.3844,0.4537,0.1531
1081_IWL_SAD_XX,1081,unspecified,sadness,2,sadness,2,0.0003,0.2327,0.6455,0.1214
1081_IWW_ANG_XX,1081,unspecified,anger,0,anger,0,0.9724,0.0159,0.0008,0.0109
1081_IWW_DIS_XX,1081,unspecified,anger,0,sadness,2,0.003,0.3508,0.4866,0.1595
1081_IWW_HAP_XX,1081,unspecified,satisfaction,4,satisfaction,4,0.0474,0.8706,0.033,0.049
1081_IWW_NEU_XX,1081,unspecified,neutral,3,satisfaction,4,0.017,0.3653,0.2766,0.341
1081_IWW_SAD_XX,1081,unspecified,sadness,2,neutral,3,0.0003,0.1209,0.436,0.4427
1081_MTI_ANG_XX,1081,unspecified,anger,0,anger,0,0.9086,0.0785,0.0033,0.0095
1081_MTI_DIS_XX,1081,unspecified,anger,0,sadness,2,0.0739,0.2682,0.4974,0.1604
1081_MTI_HAP_XX,1081,unspecified,satisfaction,4,anger,0,0.552,0.2573,0.0705,0.1202
1081_MTI_NEU_XX,1081,unspecified,neutral,3,sadness,2,0.0103,0.1467,0.5125,0.3305
1081_MTI_SAD_XX,1081,unspecified,sadness,2,sadness,2,0.0012,0.121,0.7891,0.0887
1081_TAI_ANG_XX,1081,unspecified,anger,0,anger,0,0.9422,0.0518,0.0003,0.0056
1081_TAI_DIS_XX,1081,unspecified,anger,0,sadness,2,0.0007,0.1131,0.796,0.0902
1081_TAI_HAP_XX,1081,unspecified,satisfaction,4,satisfaction,4,0.2169,0.7725,0.0056,0.0051
1081_TAI_NEU_XX,1081,unspecified,neutral,3,neutral,3,0.0032,0.3501,0.1699,0.4768
1081_TAI_SAD_XX,1081,unspecified,sadness,2,sadness,2,0.0072,0.3515,0.5551,0.0862
1081_TIE_ANG_XX,1081,unspecified,anger,0,anger,0,0.9899,0.0073,0.0002,0.0025
1081_TIE_DIS_XX,1081,unspecified,anger,0,satisfaction,4,0.1495,0.5245,0.0373,0.2887
1081_TIE_HAP_XX,1081,unspecified,satisfaction,4,anger,0,0.4456,0.3078,0.064,0.1826
1081_TIE_NEU_XX,1081,unspecified,neutral,3,satisfaction,4,0.0711,0.4441,0.048,0.4369
1081_TIE_SAD_XX,1081,unspecified,sadness,2,sadness,2,0.0015,0.1056,0.6966,0.1963
1081_TSI_ANG_XX,1081,unspecified,anger,0,anger,0,0.9906,0.0075,0.0,0.0018
1081_TSI_DIS_XX,1081,unspecified,anger,0,satisfaction,4,0.009,0.452,0.1167,0.4223
1081_TSI_HAP_XX,1081,unspecified,satisfaction,4,satisfaction,4,0.1862,0.8016,0.0013,0.0108
1081_TSI_NEU_XX,1081,unspecified,neutral,3,satisfaction,4,0.0992,0.5252,0.0136,0.3621
1081_TSI_SAD_XX,1081,unspecified,sadness,2,sadness,2,0.0025,0.2956,0.4913,0.2106
1081_WSI_ANG_XX,1081,unspecified,anger,0,sadness,2,0.2431,0.0897,0.3854,0.2819
1081_WSI_DIS_XX,1081,unspecified,anger,0,sadness,2,0.0093,0.065,0.5267,0.399
1081_WSI_HAP_XX,1081,unspecified,satisfaction,4,anger,0,0.7414,0.2387,0.0073,0.0126
1081_WSI_NEU_XX,1081,unspecified,neutral,3,satisfaction,4,0.1048,0.3251,0.2857,0.2844
1081_WSI_SAD_XX,1081,unspecified,sadness,2,sadness,2,0.013,0.1783,0.4564,0.3523
1082_DFA_ANG_XX,1082,unspecified,anger,0,anger,0,0.9992,0.0005,0.0,0.0003
1082_DFA_DIS_XX,1082,unspecified,anger,0,anger,0,0.8702,0.0646,0.0001,0.0651
1082_DFA_HAP_XX,1082,unspecified,satisfaction,4,anger,0,0.9814,0.0157,0.0,0.003
1082_DFA_NEU_XX,1082,unspecified,neutral,3,anger,0,0.9227,0.0199,0.0001,0.0573
1082_DFA_SAD_XX,1082,unspecified,sadness,2,anger,0,0.9128,0.014,0.001,0.0722
1082_IEO_ANG_HI,1082,high,anger,0,anger,0,0.9886,0.0114,0.0,0.0
1082_IEO_ANG_LO,1082,low,anger,0,anger,0,0.9592,0.0215,0.0001,0.0191
1082_IEO_ANG_MD,1082,medium,anger,0,anger,0,0.9602,0.0295,0.0001,0.0102
1082_IEO_DIS_HI,1082,high,anger,0,anger,0,0.5868,0.3258,0.0069,0.0805
1082_IEO_DIS_LO,1082,low,anger,0,satisfaction,4,0.0419,0.6601,0.0897,0.2083
1082_IEO_DIS_MD,1082,medium,anger,0,satisfaction,4,0.1634,0.7522,0.0114,0.073
1082_IEO_HAP_HI,1082,high,satisfaction,4,anger,0,0.781,0.2116,0.0002,0.0072
1082_IEO_HAP_LO,1082,low,satisfaction,4,satisfaction,4,0.1145,0.5643,0.0149,0.3064
1082_IEO_HAP_MD,1082,medium,satisfaction,4,satisfaction,4,0.168,0.7625,0.0008,0.0686
1082_IEO_NEU_XX,1082,unspecified,neutral,3,anger,0,0.6003,0.1905,0.0084,0.2008
1082_IEO_SAD_HI,1082,high,sadness,2,satisfaction,4,0.0398,0.4882,0.158,0.314
1082_IEO_SAD_LO,1082,low,sadness,2,neutral,3,0.0166,0.3907,0.1077,0.485
1082_IEO_SAD_MD,1082,medium,sadness,2,satisfaction,4,0.0038,0.458,0.449,0.0892
1082_IOM_ANG_XX,1082,unspecified,anger,0,anger,0,0.9867,0.0117,0.0,0.0015
1082_IOM_DIS_XX,1082,unspecified,anger,0,satisfaction,4,0.1188,0.4401,0.0522,0.3888
1082_IOM_HAP_XX,1082,unspecified,satisfaction,4,anger,0,0.746,0.2007,0.0006,0.0527
1082_IOM_NEU_XX,1082,unspecified,neutral,3,anger,0,0.6644,0.0862,0.0025,0.2469
1082_IOM_SAD_XX,1082,unspecified,sadness,2,satisfaction,4,0.2238,0.4732,0.036,0.267
1082_ITH_ANG_XX,1082,unspecified,anger,0,anger,0,0.9621,0.0092,0.0001,0.0286
1082_ITH_DIS_XX,1082,unspecified,anger,0,neutral,3,0.3387,0.2766,0.031,0.3537
1082_ITH_HAP_XX,1082,unspecified,satisfaction,4,satisfaction,4,0.3117,0.5347,0.0003,0.1533
1082_ITH_NEU_XX,1082,unspecified,neutral,3,neutral,3,0.2208,0.1274,0.0043,0.6475
1082_ITH_SAD_XX,1082,unspecified,sadness,2,neutral,3,0.0621,0.0663,0.0165,0.8551
1082_ITS_ANG_XX,1082,unspecified,anger,0,anger,0,0.9666,0.0296,0.0,0.0038
1082_ITS_DIS_XX,1082,unspecified,anger,0,anger,0,0.5167,0.2633,0.0028,0.2172
1082_ITS_HAP_XX,1082,unspecified,satisfaction,4,satisfaction,4,0.3613,0.5981,0.0004,0.0402
1082_ITS_NEU_XX,1082,unspecified,neutral,3,anger,0,0.4482,0.3084,0.002,0.2413
1082_ITS_SAD_XX,1082,unspecified,sadness,2,satisfaction,4,0.2626,0.4245,0.0107,0.3022
1082_IWL_ANG_XX,1082,unspecified,anger,0,anger,0,0.9799,0.0165,0.0001,0.0035
1082_IWL_DIS_XX,1082,unspecified,anger,0,anger,0,0.6437,0.2659,0.0074,0.083
1082_IWL_HAP_XX,1082,unspecified,satisfaction,4,anger,0,0.4799,0.4434,0.0012,0.0754
1082_IWL_NEU_XX,1082,unspecified,neutral,3,satisfaction,4,0.047,0.6534,0.003,0.2966
1082_IWL_SAD_XX,1082,unspecified,sadness,2,satisfaction,4,0.2935,0.3733,0.0296,0.3036
1082_IWW_ANG_XX,1082,unspecified,anger,0,anger,0,0.9898,0.0066,0.0,0.0036
1082_IWW_DIS_XX,1082,unspecified,anger,0,anger,0,0.4899,0.2403,0.0081,0.2617
1082_IWW_HAP_XX,1082,unspecified,satisfaction,4,anger,0,0.5892,0.3725,0.0008,0.0375
1082_IWW_NEU_XX,1082,unspecified,neutral,3,anger,0,0.4366,0.185,0.0026,0.3757
1082_IWW_SAD_XX,1082,unspecified,sadness,2,neutral,3,0.0929,0.1067,0.0384,0.762
1082_MTI_ANG_XX,1082,unspecified,anger,0,anger,0,0.9829,0.0141,0.0002,0.0028
1082_MTI_DIS_XX,1082,unspecified,anger,0,neutral,3,0.3664,0.1443,0.0371,0.4522
1082_MTI_HAP_XX,1082,unspecified,satisfaction,4,anger,0,0.5619,0.2025,0.0009,0.2348
1082_MTI_NEU_XX,1082,unspecified,neutral,3,anger,0,0.7574,0.0989,0.0021,0.1416
1082_MTI_SAD_XX,1082,unspecified,sadness,2,anger,0,0.5987,0.111,0.0102,0.28
1082_TAI_ANG_XX,1082,unspecified,anger,0,anger,0,0.8237,0.1724,0.0008,0.0032
1082_TAI_DIS_XX,1082,unspecified,anger,0,satisfaction,4,0.2718,0.5061,0.033,0.1891
1082_TAI_HAP_XX,1082,unspecified,satisfaction,4,satisfaction,4,0.0682,0.9095,0.0011,0.0212
1082_TAI_NEU_XX,1082,unspecified,neutral,3,anger,0,0.465,0.36,0.0013,0.1738
1082_TAI_SAD_XX,1082,unspecified,sadness,2,satisfaction,4,0.2369,0.5224,0.0225,0.2181
1082_TIE_ANG_XX,1082,unspecified,anger,0,anger,0,0.9994,0.0005,0.0,0.0001
1082_TIE_DIS_XX,1082,unspecified,anger,0,anger,0,0.763,0.2058,0.0042,0.0269
1082_TIE_HAP_XX,1082,unspecified,satisfaction,4,anger,0,0.9471,0.0467,0.0001,0.0062
1082_TIE_NEU_XX,1082,unspecified,neutral,3,anger,0,0.6226,0.0944,0.0033,0.2797
1082_TIE_SAD_XX,1082,unspecified,sadness,2,anger,0,0.7607,0.1244,0.0307,0.0842
1082_TSI_ANG_XX,1082,unspecified,anger,0,anger,0,0.8242,0.1698,0.0,0.0059
1082_TSI_DIS_XX,1082,unspecified,anger,0,satisfaction,4,0.2881,0.5935,0.0035,0.1149
1082_TSI_HAP_XX,1082,unspecified,satisfaction,4,anger,0,0.681,0.2776,0.0001,0.0414
1082_TSI_NEU_XX,1082,unspecified,neutral,3,satisfaction,4,0.4649,0.4996,0.0003,0.0352
1082_TSI_SAD_XX,1082,unspecified,sadness,2,satisfaction,4,0.198,0.7183,0.0025,0.0811
1082_WSI_ANG_XX,1082,unspecified,anger,0,anger,0,0.9932,0.005,0.0,0.0018
1082_WSI_DIS_XX,1082,unspecified,anger,0,anger,0,0.7705,0.1404,0.0024,0.0866
1082_WSI_HAP_XX,1082,unspecified,satisfaction,4,anger,0,0.9541,0.0416,0.0001,0.0041
1082_WSI_NEU_XX,1082,unspecified,neutral,3,anger,0,0.9634,0.0186,0.0,0.018
1082_WSI_SAD_XX,1082,unspecified,sadness,2,satisfaction,4,0.3519,0.3637,0.0439,0.2405
1083_DFA_ANG_XX,1083,unspecified,anger,0,satisfaction,4,0.0956,0.8035,0.0206,0.0802
1083_DFA_DIS_XX,1083,unspecified,anger,0,satisfaction,4,0.024,0.8828,0.0851,0.0081
1083_DFA_HAP_XX,1083,unspecified,satisfaction,4,satisfaction,4,0.0017,0.5758,0.1364,0.286
1083_DFA_NEU_XX,1083,unspecified,neutral,3,satisfaction,4,0.0166,0.5243,0.0785,0.3806
1083_DFA_SAD_XX,1083,unspecified,sadness,2,satisfaction,4,0.0017,0.4778,0.2805,0.24
1083_IEO_ANG_HI,1083,high,anger,0,satisfaction,4,0.0829,0.8369,0.0242,0.0559
1083_IEO_ANG_LO,1083,low,anger,0,satisfaction,4,0.2629,0.395,0.0415,0.3006
1083_IEO_ANG_MD,1083,medium,anger,0,anger,0,0.6738,0.3145,0.0003,0.0114
1083_IEO_DIS_HI,1083,high,anger,0,satisfaction,4,0.0392,0.7977,0.0977,0.0654
1083_IEO_DIS_LO,1083,low,anger,0,satisfaction,4,0.0013,0.8092,0.1167,0.0728
1083_IEO_DIS_MD,1083,medium,anger,0,sadness,2,0.0023,0.2859,0.5925,0.1192
1083_IEO_HAP_HI,1083,high,satisfaction,4,satisfaction,4,0.1086,0.8854,0.0003,0.0057
1083_IEO_HAP_LO,1083,low,satisfaction,4,satisfaction,4,0.008,0.7814,0.1319,0.0788
1083_IEO_HAP_MD,1083,medium,satisfaction,4,satisfaction,4,0.002,0.9023,0.0562,0.0395
1083_IEO_NEU_XX,1083,unspecified,neutral,3,sadness,2,0.0001,0.1248,0.8344,0.0407
1083_IEO_SAD_HI,1083,high,sadness,2,sadness,2,0.0001,0.3114,0.6141,0.0744
1083_IEO_SAD_LO,1083,low,sadness,2,satisfaction,4,0.0003,0.6661,0.2752,0.0584
1083_IEO_SAD_MD,1083,medium,sadness,2,sadness,2,0.0001,0.3132,0.6546,0.0321
1083_IOM_ANG_XX,1083,unspecified,anger,0,neutral,3,0.2663,0.1611,0.2397,0.333
1083_IOM_DIS_XX,1083,unspecified,anger,0,sadness,2,0.0062,0.0825,0.8497,0.0616
1083_IOM_HAP_XX,1083,unspecified,satisfaction,4,satisfaction,4,0.1534,0.3386,0.2279,0.2801
1083_IOM_NEU_XX,1083,unspecified,neutral,3,neutral,3,0.0279,0.2353,0.3075,0.4293
1083_IOM_SAD_XX,1083,unspecified,sadness,2,sadness,2,0.0001,0.012,0.962,0.026
1083_ITH_ANG_XX,1083,unspecified,anger,0,satisfaction,4,0.2036,0.3354,0.1576,0.3034
1083_ITH_DIS_XX,1083,unspecified,anger,0,satisfaction,4,0.0042,0.7756,0.1799,0.0403
1083_ITH_HAP_XX,1083,unspecified,satisfaction,4,satisfaction,4,0.0375,0.5473,0.0093,0.4059
1083_ITH_NEU_XX,1083,unspecified,neutral,3,sadness,2,0.0068,0.2542,0.4839,0.2551
1083_ITH_SAD_XX,1083,unspecified,sadness,2,sadness,2,0.0001,0.1291,0.8356,0.0352
1083_ITS_ANG_XX,1083,unspecified,anger,0,anger,0,0.4923,0.3093,0.0054,0.1931
1083_ITS_DIS_XX,1083,unspecified,anger,0,satisfaction,4,0.0112,0.679,0.2683,0.0415
1083_ITS_HAP_XX,1083,unspecified,satisfaction,4,satisfaction,4,0.0962,0.8692,0.0031,0.0315
1083_ITS_NEU_XX,1083,unspecified,neutral,3,satisfaction,4,0.0202,0.7079,0.0892,0.1827
1083_ITS_SAD_XX,1083,unspecified,sadness,2,satisfaction,4,0.0163,0.5702,0.2559,0.1576
1083_IWL_ANG_XX,1083,unspecified,anger,0,anger,0,0.6415,0.2394,0.0114,0.1077
1083_IWL_DIS_XX,1083,unspecified,anger,0,sadness,2,0.0003,0.4114,0.5701,0.0182
1083_IWL_HAP_XX,1083,unspecified,satisfaction,4,satisfaction,4,0.0231,0.8592,0.0499,0.0677
1083_IWL_NEU_XX,1083,unspecified,neutral,3,satisfaction,4,0.0065,0.4827,0.1062,0.4046
1083_IWL_SAD_XX,1083,unspecified,sadness,2,satisfaction,4,0.001,0.5051,0.3604,0.1335
1083_IWW_ANG_XX,1083,unspecified,anger,0,sadness,2,0.0037,0.3007,0.6616,0.034
1083_IWW_DIS_XX,1083,unspecified,anger,0,sadness,2,0.0016,0.3034,0.6505,0.0445
1083_IWW_HAP_XX,1083,unspecified,satisfaction,4,satisfaction,4,0.3213,0.5559,0.0113,0.1116
1083_IWW_NEU_XX,1083,unspecified,neutral,3,neutral,3,0.0064,0.2555,0.3565,0.3817
1083_IWW_SAD_XX,1083,unspecified,sadness,2,sadness,2,0.0001,0.07,0.8808,0.0491
1083_MTI_ANG_XX,1083,unspecified,anger,0,neutral,3,0.2186,0.1416,0.2211,0.4188
1083_MTI_DIS_XX,1083,unspecified,anger,0,sadness,2,0.0031,0.3957,0.5717,0.0295
1083_MTI_HAP_XX,1083,unspecified,satisfaction,4,neutral,3,0.2933,0.2844,0.0534,0.369
1083_MTI_NEU_XX,1083,unspecified,neutral,3,sadness,2,0.0081,0.0827,0.4661,0.443
1083_MTI_SAD_XX,1083,unspecified,sadness,2,sadness,2,0.0008,0.0857,0.7407,0.1729
1083_TAI_ANG_XX,1083,unspecified,anger,0,satisfaction,4,0.2209,0.5072,0.028,0.2438
1083_TAI_DIS_XX,1083,unspecified,anger,0,satisfaction,4,0.005,0.8261,0.1456,0.0233
1083_TAI_HAP_XX,1083,unspecified,satisfaction,4,satisfaction,4,0.0009,0.9057,0.0373,0.056
1083_TAI_NEU_XX,1083,unspecified,neutral,3,neutral,3,0.0031,0.4097,0.1021,0.4851
1083_TAI_SAD_XX,1083,unspecified,sadness,2,sadness,2,0.0,0.0336,0.9299,0.0365
1083_TIE_ANG_XX,1083,unspecified,anger,0,sadness,2,0.0164,0.4194,0.4632,0.101
1083_TIE_DIS_XX,1083,unspecified,anger,0,satisfaction,4,0.0033,0.6417,0.3127,0.0422
1083_TIE_HAP_XX,1083,unspecified,satisfaction,4,satisfaction,4,0.0377,0.5399,0.057,0.3654
1083_TIE_NEU_XX,1083,unspecified,neutral,3,satisfaction,4,0.0701,0.8092,0.0661,0.0547
1083_TIE_SAD_XX,1083,unspecified,sadness,2,sadness,2,0.0002,0.1366,0.8406,0.0226
1083_TSI_ANG_XX,1083,unspecified,anger,0,satisfaction,4,0.1201,0.844,0.0009,0.035
1083_TSI_DIS_XX,1083,unspecified,anger,0,satisfaction,4,0.0016,0.941,0.0447,0.0126
1083_TSI_HAP_XX,1083,unspecified,satisfaction,4,satisfaction,4,0.0055,0.929,0.0155,0.0501
1083_TSI_NEU_XX,1083,unspecified,neutral,3,satisfaction,4,0.0233,0.7934,0.0236,0.1597
1083_TSI_SAD_XX,1083,unspecified,sadness,2,satisfaction,4,0.0017,0.6187,0.213,0.1665
1083_WSI_ANG_XX,1083,unspecified,anger,0,anger,0,0.7902,0.141,0.0022,0.0667
1083_WSI_DIS_XX,1083,unspecified,anger,0,satisfaction,4,0.0875,0.4701,0.3443,0.0981
1083_WSI_HAP_XX,1083,unspecified,satisfaction,4,satisfaction,4,0.1112,0.7357,0.0598,0.0933
1083_WSI_NEU_XX,1083,unspecified,neutral,3,satisfaction,4,0.0336,0.4791,0.3185,0.1688
1083_WSI_SAD_XX,1083,unspecified,sadness,2,sadness,2,0.0005,0.0249,0.9321,0.0425
1084_DFA_ANG_XX,1084,unspecified,anger,0,anger,0,0.9007,0.0254,0.0013,0.0726
1084_DFA_DIS_XX,1084,unspecified,anger,0,satisfaction,4,0.1396,0.4348,0.1623,0.2633
1084_DFA_HAP_XX,1084,unspecified,satisfaction,4,neutral,3,0.3376,0.1069,0.0013,0.5542
1084_DFA_NEU_XX,1084,unspecified,neutral,3,neutral,3,0.3006,0.0784,0.0157,0.6053
1084_DFA_SAD_XX,1084,unspecified,sadness,2,neutral,3,0.1582,0.1454,0.2355,0.4609
1084_IEO_ANG_HI,1084,high,anger,0,anger,0,0.998,0.002,0.0,0.0
1084_IEO_ANG_LO,1084,low,anger,0,anger,0,0.7569,0.155,0.0138,0.0743
1084_IEO_ANG_MD,1084,medium,anger,0,anger,0,0.7594,0.1825,0.024,0.0341
1084_IEO_DIS_HI,1084,high,anger,0,satisfaction,4,0.1819,0.6203,0.0468,0.151
1084_IEO_DIS_LO,1084,low,anger,0,satisfaction,4,0.0051,0.4558,0.24,0.2991
1084_IEO_DIS_MD,1084,medium,anger,0,satisfaction,4,0.3052,0.5852,0.0444,0.0652
1084_IEO_HAP_HI,1084,high,satisfaction,4,anger,0,0.6635,0.3274,0.0016,0.0074
1084_IEO_HAP_LO,1084,low,satisfaction,4,satisfaction,4,0.2684,0.6101,0.0261,0.0954
1084_IEO_HAP_MD,1084,medium,satisfaction,4,satisfaction,4,0.0098,0.7999,0.091,0.0994
1084_IEO_NEU_XX,1084,unspecified,neutral,3,satisfaction,4,0.1226,0.5581,0.0237,0.2956
1084_IEO_SAD_HI,1084,high,sadness,2,sadness,2,0.0076,0.1341,0.6908,0.1675
1084_IEO_SAD_LO,1084,low,sadness,2,satisfaction,4,0.0015,0.4236,0.343,0.232
1084_IEO_SAD_MD,1084,medium,sadness,2,sadness,2,0.006,0.3626,0.4832,0.1481
1084_IOM_ANG_XX,1084,unspecified,anger,0,anger,0,0.7789,0.1251,0.0243,0.0718
1084_IOM_DIS_XX,1084,unspecified,anger,0,neutral,3,0.0547,0.1981,0.1641,0.5832
1084_IOM_HAP_XX,1084,unspecified,satisfaction,4,satisfaction,4,0.0118,0.8075,0.0485,0.1321
1084_IOM_NEU_XX,1084,unspecified,neutral,3,satisfaction,4,0.247,0.4434,0.01,0.2997
1084_IOM_SAD_XX,1084,unspecified,sadness,2,neutral,3,0.0256,0.1044,0.2122,0.6578
1084_ITH_ANG_XX,1084,unspecified,anger,0,anger,0,0.7524,0.032,0.0195,0.1962
1084_ITH_DIS_XX,1084,unspecified,anger,0,neutral,3,0.0054,0.2588,0.3375,0.3982
1084_ITH_HAP_XX,1084,unspecified,satisfaction,4,satisfaction,4,0.2127,0.651,0.0633,0.0729
1084_ITH_NEU_XX,1084,unspecified,neutral,3,neutral,3,0.0971,0.2594,0.1122,0.5313
1084_ITH_SAD_XX,1084,unspecified,sadness,2,sadness,2,0.0009,0.0513,0.7447,0.2032
1084_ITS_ANG_XX,1084,unspecified,anger,0,anger,0,0.7604,0.0895,0.0265,0.1235
1084_ITS_DIS_XX,1084,unspecified,anger,0,neutral,3,0.0186,0.3904,0.0711,0.5199
1084_ITS_HAP_XX,1084,unspecified,satisfaction,4,satisfaction,4,0.0669,0.6177,0.0186,0.2968
1084_ITS_NEU_XX,1084,unspecified,neutral,3,satisfaction,4,0.2593,0.4288,0.0117,0.3002
1084_ITS_SAD_XX,1084,unspecified,sadness,2,sadness,2,0.012,0.3812,0.4416,0.1653
1084_IWL_ANG_XX,1084,unspecified,anger,0,anger,0,0.9555,0.036,0.0015,0.0071
1084_IWL_DIS_XX,1084,unspecified,anger,0,sadness,2,0.0318,0.3028,0.3363,0.329
1084_IWL_HAP_XX,1084,unspecified,satisfaction,4,anger,0,0.6911,0.2202,0.0026,0.086
1084_IWL_NEU_XX,1084,unspecified,neutral,3,satisfaction,4,0.0656,0.6318,0.025,0.2776
1084_IWL_SAD_XX,1084,unspecified,sadness,2,sadness,2,0.0055,0.3254,0.538,0.1311
1084_IWW_ANG_XX,1084,unspecified,anger,0,anger,0,0.9509,0.0235,0.001,0.0245
1084_IWW_DIS_XX,1084,unspecified,anger,0,neutral,3,0.1042,0.1099,0.2787,0.5072
1084_IWW_HAP_XX,1084,unspecified,satisfaction,4,satisfaction,4,0.03,0.7763,0.0576,0.1361
1084_IWW_NEU_XX,1084,unspecified,neutral,3,neutral,3,0.3462,0.0461,0.0321,0.5756
1084_IWW_SAD_XX,1084,unspecified,sadness,2,sadness,2,0.0188,0.0761,0.481,0.4241
1084_MTI_ANG_XX,1084,unspecified,anger,0,anger,0,0.9168,0.0108,0.025,0.0475
1084_MTI_DIS_XX,1084,unspecified,anger,0,sadness,2,0.0608,0.1743,0.4799,0.285
1084_MTI_HAP_XX,1084,unspecified,satisfaction,4,sadness,2,0.0959,0.2736,0.4185,0.2119
1084_MTI_NEU_XX,1084,unspecified,neutral,3,anger,0,0.36,0.2375,0.1107,0.2918
1084_MTI_SAD_XX,1084,unspecified,sadness,2,sadness,2,0.02,0.0397,0.6912,0.2491
1084_TAI_ANG_XX,1084,unspecified,anger,0,anger,0,0.8784,0.0973,0.0023,0.022
1084_TAI_DIS_XX,1084,unspecified,anger,0,sadness,2,0.0602,0.2426,0.5191,0.1782
1084_TAI_HAP_XX,1084,unspecified,satisfaction,4,satisfaction,4,0.0344,0.6011,0.2131,0.1514
1084_TAI_NEU_XX,1084,unspecified,neutral,3,satisfaction,4,0.0438,0.7031,0.0881,0.1649
1084_TAI_SAD_XX,1084,unspecified,sadness,2,neutral,3,0.0129,0.3555,0.2582,0.3734
1084_TIE_ANG_XX,1084,unspecified,anger,0,anger,0,0.9966,0.0012,0.0002,0.002
1084_TIE_DIS_XX,1084,unspecified,anger,0,sadness,2,0.0733,0.2616,0.4628,0.2023
1084_TIE_HAP_XX,1084,unspecified,satisfaction,4,satisfaction,4,0.1759,0.7819,0.0136,0.0285
1084_TIE_NEU_XX,1084,unspecified,neutral,3,satisfaction,4,0.1408,0.5089,0.1466,0.2036
1084_TIE_SAD_XX,1084,unspecified,sadness,2,neutral,3,0.2336,0.1953,0.2027,0.3685
1084_TSI_ANG_XX,1084,unspecified,anger,0,anger,0,0.8343,0.1049,0.0063,0.0545
1084_TSI_DIS_XX,1084,unspecified,anger,0,satisfaction,4,0.0087,0.534,0.0887,0.3686
1084_TSI_HAP_XX,1084,unspecified,satisfaction,4,satisfaction,4,0.0857,0.8243,0.0166,0.0733
1084_TSI_NEU_XX,1084,unspecified,neutral,3,satisfaction,4,0.1653,0.674,0.0305,0.1302
1084_TSI_SAD_XX,1084,unspecified,sadness,2,satisfaction,4,0.0392,0.7026,0.1081,0.1502
1084_WSI_ANG_XX,1084,unspecified,anger,0,anger,0,0.9646,0.0276,0.003,0.0048
1084_WSI_DIS_XX,1084,unspecified,anger,0,sadness,2,0.0259,0.3085,0.4114,0.2542
1084_WSI_HAP_XX,1084,unspecified,satisfaction,4,anger,0,0.5828,0.3786,0.0072,0.0314
1084_WSI_NEU_XX,1084,unspecified,neutral,3,anger,0,0.9288,0.0361,0.0054,0.0297
1084_WSI_SAD_XX,1084,unspecified,sadness,2,sadness,2,0.0467,0.0824,0.724,0.1469
1085_DFA_ANG_XX,1085,unspecified,anger,0,anger,0,0.9989,0.001,0.0,0.0001
1085_DFA_DIS_XX,1085,unspecified,anger,0,anger,0,0.6272,0.3402,0.0053,0.0273
1085_DFA_HAP_XX,1085,unspecified,satisfaction,4,satisfaction,4,0.3306,0.6197,0.0001,0.0495
1085_DFA_NEU_XX,1085,unspecified,neutral,3,anger,0,0.8871,0.0708,0.0069,0.0351
1085_DFA_SAD_XX,1085,unspecified,sadness,2,sadness,2,0.0085,0.3295,0.3922,0.2698
1085_IEO_ANG_HI,1085,high,anger,0,anger,0,0.9979,0.002,0.0,0.0
1085_IEO_ANG_LO,1085,low,anger,0,anger,0,0.8808,0.1089,0.0039,0.0064
1085_IEO_ANG_MD,1085,medium,anger,0,anger,0,0.9776,0.0215,0.0001,0.0008
1085_IEO_DIS_HI,1085,high,anger,0,anger,0,0.7969,0.1933,0.0012,0.0086
1085_IEO_DIS_LO,1085,low,anger,0,satisfaction,4,0.0148,0.5808,0.298,0.1063
1085_IEO_DIS_MD,1085,medium,anger,0,satisfaction,4,0.2691,0.6894,0.0338,0.0076
1085_IEO_HAP_HI,1085,high,satisfaction,4,satisfaction,4,0.1914,0.7996,0.0062,0.0028
1085_IEO_HAP_LO,1085,low,satisfaction,4,satisfaction,4,0.0898,0.8351,0.0292,0.0459
1085_IEO_HAP_MD,1085,medium,satisfaction,4,satisfaction,4,0.0197,0.9308,0.0064,0.0431
1085_IEO_NEU_XX,1085,unspecified,neutral,3,satisfaction,4,0.0402,0.6588,0.1339,0.167
1085_IEO_SAD_HI,1085,high,sadness,2,satisfaction,4,0.0307,0.5549,0.2374,0.177
1085_IEO_SAD_LO,1085,low,sadness,2,satisfaction,4,0.0529,0.5646,0.1002,0.2824
1085_IEO_SAD_MD,1085,medium,sadness,2,satisfaction,4,0.0134,0.7164,0.1285,0.1417
1085_IOM_ANG_XX,1085,unspecified,anger,0,anger,0,0.9492,0.0479,0.0007,0.0022
1085_IOM_DIS_XX,1085,unspecified,anger,0,satisfaction,4,0.0868,0.496,0.3443,0.0729
1085_IOM_HAP_XX,1085,unspecified,satisfaction,4,satisfaction,4,0.0086,0.8554,0.0237,0.1123
1085_IOM_NEU_XX,1085,unspecified,neutral,3,satisfaction,4,0.0028,0.8914,0.0051,0.1007
1085_IOM_SAD_XX,1085,unspecified,sadness,2,sadness,2,0.0123,0.2077,0.5859,0.1941
1085_ITH_ANG_XX,1085,unspecified,anger,0,anger,0,0.9804,0.0179,0.0,0.0017
1085_ITH_DIS_XX,1085,unspecified,anger,0,satisfaction,4,0.1107,0.6323,0.211,0.046
1085_ITH_HAP_XX,1085,unspecified,satisfaction,4,satisfaction,4,0.1315,0.5464,0.0024,0.3198
1085_ITH_NEU_XX,1085,unspecified,neutral,3,satisfaction,4,0.0156,0.7094,0.1298,0.1452
1085_ITH_SAD_XX,1085,unspecified,sadness,2,satisfaction,4,0.0204,0.5158,0.1433,0.3205
1085_ITS_ANG_XX,1085,unspecified,anger,0,anger,0,0.9808,0.0188,0.0,0.0004
1085_ITS_DIS_XX,1085,unspecified,anger,0,satisfaction,4,0.01,0.8019,0.1784,0.0097
1085_ITS_HAP_XX,1085,unspecified,satisfaction,4,satisfaction,4,0.0086,0.9463,0.0061,0.0389
1085_ITS_NEU_XX,1085,unspecified,neutral,3,satisfaction,4,0.1037,0.8231,0.0181,0.055
1085_ITS_SAD_XX,1085,unspecified,sadness,2,sadness,2,0.0057,0.2427,0.6788,0.0728
1085_IWL_ANG_XX,1085,unspecified,anger,0,anger,0,0.9801,0.0193,0.0001,0.0005
1085_IWL_DIS_XX,1085,unspecified,anger,0,neutral,3,0.2257,0.3168,0.0387,0.4187
1085_IWL_HAP_XX,1085,unspecified,satisfaction,4,anger,0,0.5901,0.4021,0.0002,0.0077
1085_IWL_NEU_XX,1085,unspecified,neutral,3,satisfaction,4,0.0405,0.8554,0.0355,0.0685
1085_IWL_SAD_XX,1085,unspecified,sadness,2,sadness,2,0.0132,0.4143,0.4518,0.1207
1085_IWW_ANG_XX,1085,unspecified,anger,0,anger,0,0.8102,0.1143,0.0055,0.0699
1085_IWW_DIS_XX,1085,unspecified,anger,0,satisfaction,4,0.0363,0.6589,0.1403,0.1645
1085_IWW_HAP_XX,1085,unspecified,satisfaction,4,satisfaction,4,0.0114,0.627,0.2068,0.1548
1085_IWW_NEU_XX,1085,unspecified,neutral,3,sadness,2,0.0672,0.3405,0.4061,0.1862
1085_IWW_SAD_XX,1085,unspecified,sadness,2,sadness,2,0.0099,0.1959,0.6797,0.1145
1085_MTI_ANG_XX,1085,unspecified,anger,0,anger,0,0.7392,0.2435,0.0105,0.0067
1085_MTI_DIS_XX,1085,unspecified,anger,0,anger,0,0.4562,0.1544,0.329,0.0604
1085_MTI_HAP_XX,1085,unspecified,satisfaction,4,satisfaction,4,0.3753,0.4645,0.0297,0.1305
1085_MTI_NEU_XX,1085,unspecified,neutral,3,anger,0,0.7501,0.0487,0.0689,0.1324
1085_MTI_SAD_XX,1085,unspecified,sadness,2,sadness,2,0.0158,0.0542,0.7485,0.1815
1085_TAI_ANG_XX,1085,unspecified,anger,0,anger,0,0.8243,0.1659,0.0043,0.0055
1085_TAI_DIS_XX,1085,unspecified,anger,0,satisfaction,4,0.1535,0.7108,0.1227,0.013
1085_TAI_HAP_XX,1085,unspecified,satisfaction,4,satisfaction,4,0.0994,0.6727,0.1794,0.0486
1085_TAI_NEU_XX,1085,unspecified,neutral,3,satisfaction,4,0.0172,0.5593,0.3745,0.049
1085_TAI_SAD_XX,1085,unspecified,sadness,2,sadness,2,0.003,0.2815,0.6914,0.0241
1085_TIE_ANG_XX,1085,unspecified,anger,0,anger,0,0.9927,0.007,0.0,0.0003
1085_TIE_DIS_XX,1085,unspecified,anger,0,anger,0,0.499,0.4504,0.0191,0.0314
1085_TIE_HAP_XX,1085,unspecified,satisfaction,4,satisfaction,4,0.0677,0.7591,0.0223,0.1508
1085_TIE_NEU_XX,1085,unspecified,neutral,3,anger,0,0.5466,0.1588,0.0131,0.2815
1085_TIE_SAD_XX,1085,unspecified,sadness,2,neutral,3,0.008,0.2284,0.2284,0.5352
1085_TSI_ANG_XX,1085,unspecified,anger,0,anger,0,0.9505,0.0477,0.0001,0.0018
1085_TSI_DIS_XX,1085,unspecified,anger,0,satisfaction,4,0.0612,0.8063,0.0475,0.085
1085_TSI_HAP_XX,1085,unspecified,satisfaction,4,satisfaction,4,0.0958,0.8553,0.0123,0.0365
1085_TSI_NEU_XX,1085,unspecified,neutral,3,satisfaction,4,0.2658,0.6156,0.0191,0.0995
1085_TSI_SAD_XX,1085,unspecified,sadness,2,satisfaction,4,0.009,0.6325,0.284,0.0745
1085_WSI_ANG_XX,1085,unspecified,anger,0,anger,0,0.9991,0.0008,0.0,0.0001
1085_WSI_DIS_XX,1085,unspecified,anger,0,satisfaction,4,0.1095,0.8523,0.0236,0.0146
1085_WSI_HAP_XX,1085,unspecified,satisfaction,4,satisfaction,4,0.1054,0.753,0.0246,0.117
1085_WSI_NEU_XX,1085,unspecified,neutral,3,anger,0,0.7882,0.0579,0.0434,0.1105
1085_WSI_SAD_XX,1085,unspecified,sadness,2,sadness,2,0.0313,0.2865,0.4865,0.1956
1086_DFA_ANG_XX,1086,unspecified,anger,0,anger,0,0.9989,0.0009,0.0,0.0002
1086_DFA_DIS_XX,1086,unspecified,anger,0,anger,0,0.6161,0.2629,0.0017,0.1192
1086_DFA_HAP_XX,1086,unspecified,satisfaction,4,anger,0,0.5158,0.3097,0.0052,0.1693
1086_DFA_NEU_XX,1086,unspecified,neutral,3,anger,0,0.6465,0.2267,0.0187,0.1081
1086_DFA_SAD_XX,1086,unspecified,sadness,2,satisfaction,4,0.048,0.4304,0.1844,0.3372
1086_IEO_ANG_HI,1086,high,anger,0,anger,0,0.9736,0.0263,0.0,0.0
1086_IEO_ANG_LO,1086,low,anger,0,anger,0,0.6622,0.2683,0.0058,0.0637
1086_IEO_ANG_MD,1086,medium,anger,0,anger,0,0.9954,0.0041,0.0,0.0005
1086_IEO_DIS_HI,1086,high,anger,0,satisfaction,4,0.1121,0.8331,0.0183,0.0365
1086_IEO_DIS_LO,1086,low,anger,0,satisfaction,4,0.0089,0.4768,0.06,0.4542
1086_IEO_DIS_MD,1086,medium,anger,0,satisfaction,4,0.1609,0.7266,0.0628,0.0497
1086_IEO_HAP_HI,1086,high,satisfaction,4,anger,0,0.8414,0.1572,0.0001,0.0012
1086_IEO_HAP_LO,1086,low,satisfaction,4,satisfaction,4,0.0943,0.7157,0.0254,0.1646
1086_IEO_HAP_MD,1086,medium,satisfaction,4,satisfaction,4,0.371,0.5961,0.0039,0.0289
1086_IEO_NEU_XX,1086,unspecified,neutral,3,satisfaction,4,0.0496,0.737,0.0811,0.1323
1086_IEO_SAD_HI,1086,high,sadness,2,sadness,2,0.0007,0.4264,0.4963,0.0765
1086_IEO_SAD_LO,1086,low,sadness,2,satisfaction,4,0.0017,0.6153,0.3391,0.0439
1086_IEO_SAD_MD,1086,medium,sadness,2,sadness,2,0.0067,0.4026,0.44,0.1506
1086_IOM_ANG_XX,1086,unspecified,anger,0,anger,0,0.99,0.0086,0.0003,0.0012
1086_IOM_DIS_XX,1086,unspecified,anger,0,satisfaction,4,0.2162,0.3892,0.282,0.1126
1086_IOM_HAP_XX,1086,unspecified,satisfaction,4,satisfaction,4,0.0607,0.5651,0.0158,0.3584
1086_IOM_NEU_XX,1086,unspecified,neutral,3,satisfaction,4,0.2486,0.4988,0.0169,0.2357
1086_IOM_SAD_XX,1086,unspecified,sadness,2,sadness,2,0.0029,0.2518,0.6126,0.1327
1086_ITH_ANG_XX,1086,unspecified,anger,0,anger,0,0.9688,0.028,0.0002,0.003
1086_ITH_DIS_XX,1086,unspecified,anger,0,satisfaction,4,0.0372,0.539,0.3653,0.0585
1086_ITH_HAP_XX,1086,unspecified,satisfaction,4,satisfaction,4,0.2885,0.6508,0.0203,0.0404
1086_ITH_NEU_XX,1086,unspecified,neutral,3,satisfaction,4,0.1444,0.5123,0.0809,0.2625
1086_ITH_SAD_XX,1086,unspecified,sadness,2,sadness,2,0.0021,0.2348,0.6344,0.1287
1086_ITS_ANG_XX,1086,unspecified,anger,0,anger,0,0.9797,0.0107,0.0,0.0096
1086_ITS_DIS_XX,1086,unspecified,anger,0,satisfaction,4,0.004,0.7494,0.1685,0.078
1086_ITS_HAP_XX,1086,unspecified,satisfaction,4,satisfaction,4,0.098,0.6389,0.0003,0.2628
1086_ITS_NEU_XX,1086,unspecified,neutral,3,neutral,3,0.0946,0.3928,0.0773,0.4353
1086_ITS_SAD_XX,1086,unspecified,sadness,2,neutral,3,0.0378,0.2223,0.1303,0.6096
1086_IWL_ANG_XX,1086,unspecified,anger,0,anger,0,0.9682,0.0297,0.0,0.002
1086_IWL_DIS_XX,1086,unspecified,anger,0,satisfaction,4,0.0208,0.5257,0.3048,0.1487
1086_IWL_HAP_XX,1086,unspecified,satisfaction,4,satisfaction,4,0.2917,0.6328,0.0028,0.0727
1086_IWL_NEU_XX,1086,unspecified,neutral,3,satisfaction,4,0.2627,0.4178,0.1155,0.2041
1086_IWL_SAD_XX,1086,unspecified,sadness,2,satisfaction,4,0.1857,0.4663,0.0746,0.2734
1086_IWW_ANG_XX,1086,unspecified,anger,0,anger,0,0.9716,0.02,0.0005,0.0079
1086_IWW_DIS_XX,1086,unspecified,anger,0,satisfaction,4,0.0647,0.5871,0.2136,0.1346
1086_IWW_HAP_XX,1086,unspecified,satisfaction,4,anger,0,0.4775,0.2077,0.0236,0.2911
1086_IWW_NEU_XX,1086,unspecified,neutral,3,anger,0,0.5464,0.1741,0.0228,0.2567
1086_IWW_SAD_XX,1086,unspecified,sadness,2,sadness,2,0.005,0.3596,0.55,0.0854
1086_MTI_ANG_XX,1086,unspecified,anger,0,anger,0,0.9375,0.0477,0.0032,0.0115
1086_MTI_DIS_XX,1086,unspecified,anger,0,sadness,2,0.1659,0.2012,0.4664,0.1665
1086_MTI_HAP_XX,1086,unspecified,satisfaction,4,anger,0,0.7517,0.1817,0.008,0.0585
1086_MTI_NEU_XX,1086,unspecified,neutral,3,neutral,3,0.0932,0.2089,0.141,0.5569
1086_MTI_SAD_XX,1086,unspecified,sadness,2,sadness,2,0.0039,0.1522,0.6839,0.1599
1086_TAI_ANG_XX,1086,unspecified,anger,0,anger,0,0.9371,0.0604,0.0,0.0024
1086_TAI_DIS_XX,1086,unspecified,anger,0,sadness,2,0.0174,0.3007,0.5748,0.1071
1086_TAI_HAP_XX,1086,unspecified,satisfaction,4,satisfaction,4,0.1117,0.8319,0.0023,0.0542
1086_TAI_NEU_XX,1086,unspecified,neutral,3,neutral,3,0.1432,0.3205,0.0991,0.4372
1086_TAI_SAD_XX,1086,unspecified,sadness,2,sadness,2,0.2323,0.2616,0.2645,0.2416
1086_TIE_ANG_XX,1086,unspecified,anger,0,anger,0,0.9994,0.0005,0.0,0.0001
1086_TIE_DIS_XX,1086,unspecified,anger,0,anger,0,0.5075,0.3887,0.0461,0.0577
1086_TIE_HAP_XX,1086,unspecified,satisfaction,4,anger,0,0.9411,0.041,0.0013,0.0166
1086_TIE_NEU_XX,1086,unspecified,neutral,3,neutral,3,0.2411,0.3023,0.0361,0.4205
1086_TIE_SAD_XX,1086,unspecified,sadness,2,satisfaction,4,0.1448,0.3904,0.2641,0.2007
1086_TSI_ANG_XX,1086,unspecified,anger,0,anger,0,0.9726,0.0254,0.0,0.002
1086_TSI_DIS_XX,1086,unspecified,anger,0,satisfaction,4,0.026,0.6658,0.2627,0.0455
1086_TSI_HAP_XX,1086,unspecified,satisfaction,4,satisfaction,4,0.2105,0.7565,0.0005,0.0324
1086_TSI_NEU_XX,1086,unspecified,neutral,3,satisfaction,4,0.3074,0.473,0.0087,0.2109
1086_TSI_SAD_XX,1086,unspecified,sadness,2,satisfaction,4,0.1468,0.6396,0.0673,0.1464
1086_WSI_ANG_XX,1086,unspecified,anger,0,anger,0,0.9979,0.002,0.0,0.0001
1086_WSI_DIS_XX,1086,unspecified,anger,0,satisfaction,4,0.2157,0.5176,0.201,0.0657
1086_WSI_HAP_XX,1086,unspecified,satisfaction,4,anger,0,0.7051,0.2441,0.0004,0.0504
1086_WSI_NEU_XX,1086,unspecified,neutral,3,anger,0,0.8091,0.1097,0.0092,0.072
1086_WSI_SAD_XX,1086,unspecified,sadness,2,anger,0,0.3944,0.2376,0.1931,0.175
1087_DFA_ANG_XX,1087,unspecified,anger,0,neutral,3,0.03,0.2897,0.0114,0.669
1087_DFA_DIS_XX,1087,unspecified,anger,0,satisfaction,4,0.0022,0.8052,0.1451,0.0476
1087_DFA_HAP_XX,1087,unspecified,satisfaction,4,satisfaction,4,0.0156,0.9465,0.0065,0.0313
1087_DFA_NEU_XX,1087,unspecified,neutral,3,sadness,2,0.0013,0.269,0.5088,0.2209
1087_DFA_SAD_XX,1087,unspecified,sadness,2,neutral,3,0.0002,0.2569,0.191,0.5519
1087_IEO_ANG_HI,1087,high,anger,0,anger,0,0.8419,0.1329,0.0001,0.025
1087_IEO_ANG_LO,1087,low,anger,0,sadness,2,0.0105,0.3538,0.504,0.1317
1087_IEO_ANG_MD,1087,medium,anger,0,satisfaction,4,0.05,0.9038,0.0223,0.0239
1087_IEO_DIS_HI,1087,high,anger,0,satisfaction,4,0.0016,0.6553,0.1371,0.206
1087_IEO_DIS_LO,1087,low,anger,0,sadness,2,0.0004,0.2509,0.695,0.0537
1087_IEO_DIS_MD,1087,medium,anger,0,satisfaction,4,0.0014,0.8181,0.0684,0.1121
1087_IEO_HAP_HI,1087,high,satisfaction,4,satisfaction,4,0.0117,0.9625,0.0209,0.0048
1087_IEO_HAP_LO,1087,low,satisfaction,4,satisfaction,4,0.0055,0.7108,0.2148,0.0689
1087_IEO_HAP_MD,1087,medium,satisfaction,4,satisfaction,4,0.0021,0.722,0.2114,0.0645
1087_IEO_NEU_XX,1087,unspecified,neutral,3,sadness,2,0.0005,0.2652,0.5222,0.212
1087_IEO_SAD_HI,1087,high,sadness,2,satisfaction,4,0.0107,0.7963,0.1899,0.0032
1087_IEO_SAD_LO,1087,low,sadness,2,sadness,2,0.0003,0.2829,0.6867,0.0301
1087_IEO_SAD_MD,1087,medium,sadness,2,sadness,2,0.0007,0.4322,0.5524,0.0146
1087_IOM_ANG_XX,1087,unspecified,anger,0,sadness,2,0.0076,0.2529,0.4308,0.3087
1087_IOM_DIS_XX,1087,unspecified,anger,0,sadness,2,0.0002,0.427,0.4627,0.1101
1087_IOM_HAP_XX,1087,unspecified,satisfaction,4,neutral,3,0.0272,0.2688,0.1256,0.5784
1087_IOM_NEU_XX,1087,unspecified,neutral,3,neutral,3,0.0011,0.1589,0.4005,0.4394
1087_IOM_SAD_XX,1087,unspecified,sadness,2,sadness,2,0.0006,0.1446,0.4287,0.4261
1087_ITH_ANG_XX,1087,unspecified,anger,0,sadness,2,0.0056,0.3083,0.3991,0.287
1087_ITH_DIS_XX,1087,unspecified,anger,0,sadness,2,0.0001,0.1632,0.8202,0.0165
1087_ITH_HAP_XX,1087,unspecified,satisfaction,4,neutral,3,0.0036,0.3221,0.0392,0.6351
1087_ITH_NEU_XX,1087,unspecified,neutral,3,sadness,2,0.0003,0.0477,0.7209,0.2311
1087_ITH_SAD_XX,1087,unspecified,sadness,2,sadness,2,0.0,0.1078,0.5903,0.3019
1087_ITS_ANG_XX,1087,unspecified,anger,0,satisfaction,4,0.3914,0.4012,0.0179,0.1895
1087_ITS_DIS_XX,1087,unspecified,anger,0,sadness,2,0.0004,0.0836,0.7835,0.1325
1087_ITS_HAP_XX,1087,unspecified,satisfaction,4,satisfaction,4,0.1692,0.596,0.035,0.1999
1087_ITS_NEU_XX,1087,unspecified,neutral,3,neutral,3,0.0029,0.218,0.1411,0.6379
1087_ITS_SAD_XX,1087,unspecified,sadness,2,sadness,2,0.0004,0.3026,0.4292,0.2678
1087_IWL_ANG_XX,1087,unspecified,anger,0,satisfaction,4,0.0039,0.3786,0.2541,0.3634
1087_IWL_DIS_XX,1087,unspecified,anger,0,sadness,2,0.0003,0.2587,0.5543,0.1866
1087_IWL_HAP_XX,1087,unspecified,satisfaction,4,satisfaction,4,0.0133,0.6632,0.0774,0.2461
1087_IWL_NEU_XX,1087,unspecified,neutral,3,satisfaction,4,0.0003,0.4243,0.2635,0.3119
1087_IWL_SAD_XX,1087,unspecified,sadness,2,neutral,3,0.0005,0.3316,0.1132,0.5547
1087_IWW_ANG_XX,1087,unspecified,anger,0,sadness,2,0.0382,0.1805,0.4664,0.3149
1087_IWW_DIS_XX,1087,unspecified,anger,0,satisfaction,4,0.0,0.4283,0.3873,0.1843
1087_IWW_HAP_XX,1087,unspecified,satisfaction,4,neutral,3,0.0146,0.1358,0.3241,0.5255
1087_IWW_NEU_XX,1087,unspecified,neutral,3,neutral,3,0.0015,0.136,0.3888,0.4737
1087_IWW_SAD_XX,1087,unspecified,sadness,2,sadness,2,0.0005,0.1233,0.694,0.1822
1087_MTI_ANG_XX,1087,unspecified,anger,0,neutral,3,0.0033,0.279,0.3075,0.4102
1087_MTI_DIS_XX,1087,unspecified,anger,0,sadness,2,0.0022,0.202,0.6465,0.1494
1087_MTI_HAP_XX,1087,unspecified,satisfaction,4,satisfaction,4,0.0032,0.5931,0.1312,0.2726
1087_MTI_NEU_XX,1087,unspecified,neutral,3,sadness,2,0.0002,0.07,0.7516,0.1781
1087_MTI_SAD_XX,1087,unspecified,sadness,2,sadness,2,0.0007,0.2141,0.5327,0.2525
1087_TAI_ANG_XX,1087,unspecified,anger,0,satisfaction,4,0.0066,0.6362,0.1741,0.1831
1087_TAI_DIS_XX,1087,unspecified,anger,0,satisfaction,4,0.0003,0.4666,0.3768,0.1562
1087_TAI_HAP_XX,1087,unspecified,satisfaction,4,satisfaction,4,0.0125,0.7616,0.0349,0.1911
1087_TAI_NEU_XX,1087,unspecified,neutral,3,satisfaction,4,0.0035,0.4178,0.3364,0.2424
1087_TAI_SAD_XX,1087,unspecified,sadness,2,sadness,2,0.0001,0.1578,0.7872,0.055
1087_TIE_ANG_XX,1087,unspecified,anger,0,anger,0,0.9537,0.0434,0.0001,0.0028
1087_TIE_DIS_XX,1087,unspecified,anger,0,sadness,2,0.0013,0.4329,0.4841,0.0817
1087_TIE_HAP_XX,1087,unspecified,satisfaction,4,satisfaction,4,0.0038,0.9121,0.0314,0.0527
1087_TIE_NEU_XX,1087,unspecified,neutral,3,sadness,2,0.0004,0.1084,0.592,0.2992
1087_TIE_SAD_XX,1087,unspecified,sadness,2,sadness,2,0.0001,0.2792,0.5622,0.1585
1087_TSI_ANG_XX,1087,unspecified,anger,0,satisfaction,4,0.0193,0.8981,0.002,0.0807
1087_TSI_DIS_XX,1087,unspecified,anger,0,satisfaction,4,0.0026,0.9499,0.0157,0.0318
1087_TSI_HAP_XX,1087,unspecified,satisfaction,4,satisfaction,4,0.0034,0.967,0.0039,0.0257
1087_TSI_NEU_XX,1087,unspecified,neutral,3,satisfaction,4,0.0013,0.5785,0.0478,0.3725
1087_TSI_SAD_XX,1087,unspecified,sadness,2,satisfaction,4,0.0004,0.8175,0.0889,0.0933
1087_WSI_ANG_XX,1087,unspecified,anger,0,satisfaction,4,0.4142,0.4457,0.0153,0.1249
1087_WSI_DIS_XX,1087,unspecified,anger,0,satisfaction,4,0.0111,0.4058,0.3904,0.1927
1087_WSI_HAP_XX,1087,unspecified,satisfaction,4,neutral,3,0.0505,0.4114,0.0318,0.5064
1087_WSI_NEU_XX,1087,unspecified,neutral,3,sadness,2,0.0003,0.0464,0.7241,0.2292
1087_WSI_SAD_XX,1087,unspecified,sadness,2,sadness,2,0.0002,0.0672,0.8239,0.1087
1088_DFA_ANG_XX,1088,unspecified,anger,0,anger,0,0.9182,0.0706,0.0003,0.0109
1088_DFA_DIS_XX,1088,unspecified,anger,0,satisfaction,4,0.0026,0.4841,0.1181,0.3952
1088_DFA_HAP_XX,1088,unspecified,satisfaction,4,neutral,3,0.0056,0.471,0.0164,0.5069
1088_DFA_NEU_XX,1088,unspecified,neutral,3,neutral,3,0.07,0.2034,0.3206,0.4061
1088_DFA_SAD_XX,1088,unspecified,sadness,2,sadness,2,0.0001,0.0947,0.6843,0.2209
1088_IEO_ANG_HI,1088,high,anger,0,anger,0,0.9496,0.05,0.0,0.0004
1088_IEO_ANG_LO,1088,low,anger,0,anger,0,0.8128,0.169,0.0011,0.0171
1088_IEO_ANG_MD,1088,medium,anger,0,anger,0,0.9881,0.0109,0.0,0.0009
1088_IEO_DIS_HI,1088,high,anger,0,neutral,3,0.057,0.283,0.1871,0.4729
1088_IEO_DIS_LO,1088,low,anger,0,sadness,2,0.0007,0.2365,0.5082,0.2545
1088_IEO_DIS_MD,1088,medium,anger,0,satisfaction,4,0.0182,0.4904,0.0566,0.4347
1088_IEO_HAP_HI,1088,high,satisfaction,4,satisfaction,4,0.2004,0.7759,0.0023,0.0215
1088_IEO_HAP_LO,1088,low,satisfaction,4,neutral,3,0.0031,0.3519,0.2531,0.3919
1088_IEO_HAP_MD,1088,medium,satisfaction,4,satisfaction,4,0.0025,0.5461,0.0289,0.4224
1088_IEO_NEU_XX,1088,unspecified,neutral,3,sadness,2,0.0006,0.3207,0.3681,0.3105
1088_IEO_SAD_HI,1088,high,sadness,2,sadness,2,0.0007,0.0575,0.9066,0.0352
1088_IEO_SAD_LO,1088,low,sadness,2,sadness,2,0.0001,0.0455,0.9049,0.0495
1088_IEO_SAD_MD,1088,medium,sadness,2,sadness,2,0.0006,0.2316,0.6454,0.1224
1088_IOM_ANG_XX,1088,unspecified,anger,0,anger,0,0.9331,0.0637,0.001,0.0022
1088_IOM_DIS_XX,1088,unspecified,anger,0,sadness,2,0.0007,0.2147,0.4366,0.348
1088_IOM_HAP_XX,1088,unspecified,satisfaction,4,neutral,3,0.0053,0.1841,0.0121,0.7986
1088_IOM_NEU_XX,1088,unspecified,neutral,3,satisfaction,4,0.0058,0.4871,0.3428,0.1644
1088_IOM_SAD_XX,1088,unspecified,sadness,2,sadness,2,0.0003,0.0861,0.7172,0.1964
1088_ITH_ANG_XX,1088,unspecified,anger,0,sadness,2,0.0131,0.3343,0.4324,0.2203
1088_ITH_DIS_XX,1088,unspecified,anger,0,sadness,2,0.0001,0.1783,0.6898,0.1318
1088_ITH_HAP_XX,1088,unspecified,satisfaction,4,neutral,3,0.0002,0.3311,0.3233,0.3455
1088_ITH_NEU_XX,1088,unspecified,neutral,3,neutral,3,0.0085,0.3504,0.1514,0.4897
1088_ITH_SAD_XX,1088,unspecified,sadness,2,sadness,2,0.0,0.0458,0.8977,0.0565
1088_ITS_ANG_XX,1088,unspecified,anger,0,anger,0,0.8794,0.0936,0.002,0.0249
1088_ITS_DIS_XX,1088,unspecified,anger,0,satisfaction,4,0.0005,0.7022,0.0879,0.2093
1088_ITS_HAP_XX,1088,unspecified,satisfaction,4,satisfaction,4,0.001,0.7007,0.2099,0.0884
1088_ITS_NEU_XX,1088,unspecified,neutral,3,satisfaction,4,0.0012,0.5775,0.2572,0.1641
1088_ITS_SAD_XX,1088,unspecified,sadness,2,sadness,2,0.0002,0.154,0.7146,0.1313
1088_IWL_ANG_XX,1088,unspecified,anger,0,anger,0,0.8798,0.1074,0.0003,0.0125
1088_IWL_DIS_XX,1088,unspecified,anger,0,sadness,2,0.0002,0.2988,0.5886,0.1125
1088_IWL_HAP_XX,1088,unspecified,satisfaction,4,satisfaction,4,0.0062,0.7651,0.009,0.2196
1088_IWL_NEU_XX,1088,unspecified,neutral,3,neutral,3,0.0252,0.3665,0.2315,0.3768
1088_IWL_SAD_XX,1088,unspecified,sadness,2,sadness,2,0.0016,0.2483,0.5519,0.1982
1088_IWW_ANG_XX,1088,unspecified,anger,0,anger,0,0.7716,0.2052,0.0011,0.0221
1088_IWW_DIS_XX,1088,unspecified,anger,0,satisfaction,4,0.0006,0.4809,0.3246,0.1939
1088_IWW_HAP_XX,1088,unspecified,satisfaction,4,sadness,2,0.0032,0.1935,0.5501,0.2532
1088_IWW_NEU_XX,1088,unspecified,neutral,3,satisfaction,4,0.0221,0.4218,0.2496,0.3065
1088_IWW_SAD_XX,1088,unspecified,sadness,2,sadness,2,0.0,0.0371,0.9207,0.0422
1088_MTI_ANG_XX,1088,unspecified,anger,0,satisfaction,4,0.3514,0.4915,0.0229,0.1342
1088_MTI_DIS_XX,1088,unspecified,anger,0,sadness,2,0.0017,0.3783,0.5119,0.1081
1088_MTI_HAP_XX,1088,unspecified,satisfaction,4,sadness,2,0.0007,0.1408,0.5087,0.3497
1088_MTI_NEU_XX,1088,unspecified,neutral,3,neutral,3,0.014,0.3511,0.2491,0.3859
1088_MTI_SAD_XX,1088,unspecified,sadness,2,sadness,2,0.0001,0.0369,0.628,0.335
1088_TAI_ANG_XX,1088,unspecified,anger,0,satisfaction,4,0.0649,0.7026,0.2092,0.0233
1088_TAI_DIS_XX,1088,unspecified,anger,0,satisfaction,4,0.0057,0.3509,0.3225,0.3209
1088_TAI_HAP_XX,1088,unspecified,satisfaction,4,sadness,2,0.0003,0.2975,0.6635,0.0387
1088_TAI_NEU_XX,1088,unspecified,neutral,3,satisfaction,4,0.0431,0.5099,0.166,0.281
1088_TAI_SAD_XX,1088,unspecified,sadness,2,neutral,3,0.0001,0.056,0.3584,0.5855
1088_TIE_ANG_XX,1088,unspecified,anger,0,anger,0,0.8987,0.0894,0.0016,0.0103
1088_TIE_DIS_XX,1088,unspecified,anger,0,sadness,2,0.0067,0.2839,0.5069,0.2025
1088_TIE_HAP_XX,1088,unspecified,satisfaction,4,neutral,3,0.0113,0.2178,0.3546,0.4164
1088_TIE_NEU_XX,1088,unspecified,neutral,3,neutral,3,0.0053,0.2891,0.2939,0.4117
1088_TIE_SAD_XX,1088,unspecified,sadness,2,sadness,2,0.0001,0.0778,0.8523,0.0698
1088_TSI_ANG_XX,1088,unspecified,anger,0,anger,0,0.9026,0.0844,0.0,0.013
1088_TSI_DIS_XX,1088,unspecified,anger,0,satisfaction,4,0.0009,0.7233,0.1452,0.1307
1088_TSI_HAP_XX,1088,unspecified,satisfaction,4,satisfaction,4,0.0022,0.9556,0.0325,0.0097
1088_TSI_NEU_XX,1088,unspecified,neutral,3,satisfaction,4,0.0108,0.6969,0.0649,0.2274
1088_TSI_SAD_XX,1088,unspecified,sadness,2,sadness,2,0.0,0.1155,0.7983,0.0862
1088_WSI_ANG_XX,1088,unspecified,anger,0,anger,0,0.99,0.0075,0.0001,0.0024
1088_WSI_DIS_XX,1088,unspecified,anger,0,satisfaction,4,0.1689,0.6782,0.0388,0.1141
1088_WSI_HAP_XX,1088,unspecified,satisfaction,4,satisfaction,4,0.028,0.474,0.4275,0.0705
1088_WSI_NEU_XX,1088,unspecified,neutral,3,sadness,2,0.0115,0.1555,0.5344,0.2987
1088_WSI_SAD_XX,1088,unspecified,sadness,2,sadness,2,0.0,0.0167,0.9597,0.0236
1089_DFA_ANG_XX,1089,unspecified,anger,0,anger,0,0.9994,0.0006,0.0,0.0
1089_DFA_DIS_XX,1089,unspecified,anger,0,anger,0,0.6708,0.2785,0.0279,0.0228
1089_DFA_HAP_XX,1089,unspecified,satisfaction,4,anger,0,0.5227,0.4318,0.0024,0.0432
1089_DFA_NEU_XX,1089,unspecified,neutral,3,anger,0,0.9823,0.0062,0.0001,0.0114
1089_DFA_SAD_XX,1089,unspecified,sadness,2,sadness,2,0.0349,0.293,0.3934,0.2788
1089_IEO_ANG_HI,1089,high,anger,0,anger,0,0.9987,0.0013,0.0,0.0
1089_IEO_ANG_LO,1089,low,anger,0,anger,0,0.9995,0.0004,0.0,0.0001
1089_IEO_ANG_MD,1089,medium,anger,0,anger,0,0.9982,0.0017,0.0,0.0001
1089_IEO_DIS_HI,1089,high,anger,0,satisfaction,4,0.1477,0.8267,0.0194,0.0062
1089_IEO_DIS_LO,1089,low,anger,0,satisfaction,4,0.0969,0.8384,0.0346,0.0301
1089_IEO_DIS_MD,1089,medium,anger,0,anger,0,0.8004,0.1797,0.0055,0.0144
1089_IEO_HAP_HI,1089,high,satisfaction,4,anger,0,0.969,0.0289,0.0001,0.002
1089_IEO_HAP_LO,1089,low,satisfaction,4,anger,0,0.8585,0.134,0.0009,0.0066
1089_IEO_HAP_MD,1089,medium,satisfaction,4,satisfaction,4,0.313,0.6453,0.0032,0.0385
1089_IEO_NEU_XX,1089,unspecified,neutral,3,anger,0,0.8058,0.1091,0.0043,0.0809
1089_IEO_SAD_HI,1089,high,sadness,2,satisfaction,4,0.0281,0.5354,0.2406,0.196
1089_IEO_SAD_LO,1089,low,sadness,2,satisfaction,4,0.0063,0.6913,0.1279,0.1745
1089_IEO_SAD_MD,1089,medium,sadness,2,satisfaction,4,0.0064,0.7228,0.1549,0.116
1089_IOM_ANG_XX,1089,unspecified,anger,0,anger,0,0.9994,0.0005,0.0,0.0001
1089_IOM_DIS_XX,1089,unspecified,anger,0,anger,0,0.3728,0.3111,0.2415,0.0746
1089_IOM_HAP_XX,1089,unspecified,satisfaction,4,satisfaction,4,0.2872,0.6474,0.0104,0.0551
1089_IOM_NEU_XX,1089,unspecified,neutral,3,neutral,3,0.2077,0.1709,0.036,0.5854
1089_IOM_SAD_XX,1089,unspecified,sadness,2,sadness,2,0.0133,0.3221,0.4327,0.2319
1089_ITH_ANG_XX,1089,unspecified,anger,0,anger,0,0.9897,0.0096,0.0001,0.0005
1089_ITH_DIS_XX,1089,unspecified,anger,0,satisfaction,4,0.0663,0.6842,0.2226,0.0269
1089_ITH_HAP_XX,1089,unspecified,satisfaction,4,satisfaction,4,0.2821,0.6247,0.004,0.0892
1089_ITH_NEU_XX,1089,unspecified,neutral,3,neutral,3,0.3592,0.1185,0.0137,0.5087
1089_ITH_SAD_XX,1089,unspecified,sadness,2,sadness,2,0.0005,0.0693,0.8936,0.0367
1089_ITS_ANG_XX,1089,unspecified,anger,0,anger,0,0.9976,0.0022,0.0,0.0001
1089_ITS_DIS_XX,1089,unspecified,anger,0,anger,0,0.71,0.2706,0.0125,0.0069
1089_ITS_HAP_XX,1089,unspecified,satisfaction,4,anger,0,0.7702,0.2068,0.0028,0.0203
1089_ITS_NEU_XX,1089,unspecified,neutral,3,satisfaction,4,0.3308,0.4894,0.0047,0.1751
1089_ITS_SAD_XX,1089,unspecified,sadness,2,satisfaction,4,0.0807,0.7478,0.0822,0.0893
1089_IWL_ANG_XX,1089,unspecified,anger,0,anger,0,0.9797,0.0201,0.0,0.0002
1089_IWL_DIS_XX,1089,unspecified,anger,0,satisfaction,4,0.245,0.6247,0.1152,0.015
1089_IWL_HAP_XX,1089,unspecified,satisfaction,4,anger,0,0.7443,0.1959,0.0016,0.0582
1089_IWL_NEU_XX,1089,unspecified,neutral,3,satisfaction,4,0.1118,0.5699,0.0112,0.3071
1089_IWL_SAD_XX,1089,unspecified,sadness,2,satisfaction,4,0.0043,0.3477,0.307,0.341
1089_IWW_ANG_XX,1089,unspecified,anger,0,anger,0,0.9989,0.0011,0.0,0.0
1089_IWW_DIS_XX,1089,unspecified,anger,0,satisfaction,4,0.2703,0.3918,0.1231,0.2148
1089_IWW_HAP_XX,1089,unspecified,satisfaction,4,satisfaction,4,0.4299,0.5392,0.0061,0.0248
1089_IWW_NEU_XX,1089,unspecified,neutral,3,neutral,3,0.4349,0.1009,0.02,0.4442
1089_IWW_SAD_XX,1089,unspecified,sadness,2,satisfaction,4,0.0248,0.4479,0.3388,0.1886
1089_MTI_ANG_XX,1089,unspecified,anger,0,anger,0,0.9993,0.0006,0.0,0.0001
1089_MTI_DIS_XX,1089,unspecified,anger,0,anger,0,0.8459,0.0306,0.1062,0.0173
1089_MTI_HAP_XX,1089,unspecified,satisfaction,4,anger,0,0.9192,0.0754,0.0003,0.0051
1089_MTI_NEU_XX,1089,unspecified,neutral,3,anger,0,0.718,0.0188,0.0121,0.2511
1089_MTI_SAD_XX,1089,unspecified,sadness,2,sadness,2,0.046,0.0624,0.6109,0.2807
1089_TAI_ANG_XX,1089,unspecified,anger,0,anger,0,0.9985,0.0015,0.0,0.0
1089_TAI_DIS_XX,1089,unspecified,anger,0,anger,0,0.9105,0.0774,0.0109,0.0012
1089_TAI_HAP_XX,1089,unspecified,satisfaction,4,satisfaction,4,0.0709,0.9243,0.0042,0.0006
1089_TAI_NEU_XX,1089,unspecified,neutral,3,satisfaction,4,0.3333,0.3671,0.056,0.2436
1089_TAI_SAD_XX,1089,unspecified,sadness,2,satisfaction,4,0.0229,0.5497,0.411,0.0164
1089_TIE_ANG_XX,1089,unspecified,anger,0,anger,0,0.9992,0.0008,0.0,0.0
1089_TIE_DIS_XX,1089,unspecified,anger,0,anger,0,0.8838,0.1097,0.0035,0.0031
1089_TIE_HAP_XX,1089,unspecified,satisfaction,4,anger,0,0.9844,0.0154,0.0001,0.0001
1089_TIE_NEU_XX,1089,unspecified,neutral,3,anger,0,0.427,0.3785,0.0628,0.1318
1089_TIE_SAD_XX,1089,unspecified,sadness,2,sadness,2,0.0428,0.2769,0.6194,0.061
1089_TSI_ANG_XX,1089,unspecified,anger,0,anger,0,0.9934,0.0066,0.0,0.0
1089_TSI_DIS_XX,1089,unspecified,anger,0,satisfaction,4,0.424,0.5646,0.0011,0.0104
1089_TSI_HAP_XX,1089,unspecified,satisfaction,4,satisfaction,4,0.3741,0.611,0.0018,0.0131
1089_TSI_NEU_XX,1089,unspecified,neutral,3,anger,0,0.4666,0.3658,0.0248,0.1428
1089_TSI_SAD_XX,1089,unspecified,sadness,2,satisfaction,4,0.0198,0.71,0.1633,0.1068
1089_WSI_ANG_XX,1089,unspecified,anger,0,anger,0,0.997,0.0029,0.0,0.0001
1089_WSI_DIS_XX,1089,unspecified,anger,0,anger,0,0.45,0.4079,0.1325,0.0096
1089_WSI_HAP_XX,1089,unspecified,satisfaction,4,anger,0,0.9429,0.0541,0.0003,0.0027
1089_WSI_NEU_XX,1089,unspecified,neutral,3,satisfaction,4,0.3532,0.5435,0.0513,0.052
1089_WSI_SAD_XX,1089,unspecified,sadness,2,sadness,2,0.0045,0.2461,0.7051,0.0443
1090_DFA_ANG_XX,1090,unspecified,anger,0,anger,0,0.9815,0.0172,0.0,0.0013
1090_DFA_DIS_XX,1090,unspecified,anger,0,anger,0,0.5695,0.4189,0.0012,0.0105
1090_DFA_HAP_XX,1090,unspecified,satisfaction,4,neutral,3,0.1669,0.3569,0.0008,0.4754
1090_DFA_NEU_XX,1090,unspecified,neutral,3,neutral,3,0.2009,0.104,0.0008,0.6942
1090_DFA_SAD_XX,1090,unspecified,sadness,2,neutral,3,0.0095,0.2005,0.2607,0.5293
1090_IEO_ANG_HI,1090,high,anger,0,anger,0,0.9718,0.028,0.0,0.0002
1090_IEO_ANG_LO,1090,low,anger,0,anger,0,0.7195,0.2654,0.0003,0.0148
1090_IEO_ANG_MD,1090,medium,anger,0,anger,0,0.9799,0.0196,0.0,0.0005
1090_IEO_DIS_HI,1090,high,anger,0,satisfaction,4,0.0019,0.8381,0.0583,0.1017
1090_IEO_DIS_LO,1090,low,anger,0,satisfaction,4,0.0057,0.4149,0.3936,0.1857
1090_IEO_DIS_MD,1090,medium,anger,0,satisfaction,4,0.0045,0.6406,0.137,0.2179
1090_IEO_HAP_HI,1090,high,satisfaction,4,satisfaction,4,0.3861,0.5361,0.0089,0.0689
1090_IEO_HAP_LO,1090,low,satisfaction,4,satisfaction,4,0.0232,0.5646,0.0117,0.4005
1090_IEO_HAP_MD,1090,medium,satisfaction,4,satisfaction,4,0.0354,0.6979,0.0146,0.2521
1090_IEO_NEU_XX,1090,unspecified,neutral,3,neutral,3,0.0003,0.2471,0.3412,0.4115
1090_IEO_SAD_HI,1090,high,sadness,2,sadness,2,0.0,0.1247,0.6615,0.2137
1090_IEO_SAD_LO,1090,low,sadness,2,satisfaction,4,0.0002,0.3946,0.2974,0.3078
1090_IEO_SAD_MD,1090,medium,sadness,2,sadness,2,0.0,0.4039,0.5305,0.0655
1090_IOM_ANG_XX,1090,unspecified,anger,0,anger,0,0.9589,0.0369,0.0002,0.004
1090_IOM_DIS_XX,1090,unspecified,anger,0,anger,0,0.6035,0.2495,0.0803,0.0667
1090_IOM_HAP_XX,1090,unspecified,satisfaction,4,neutral,3,0.0343,0.3822,0.047,0.5364
1090_IOM_NEU_XX,1090,unspecified,neutral,3,sadness,2,0.0049,0.1734,0.434,0.3877
1090_IOM_SAD_XX,1090,unspecified,sadness,2,sadness,2,0.0003,0.0263,0.7863,0.1871
1090_ITH_ANG_XX,1090,unspecified,anger,0,anger,0,0.989,0.0036,0.0005,0.0069
1090_ITH_DIS_XX,1090,unspecified,anger,0,neutral,3,0.033,0.0929,0.1526,0.7215
1090_ITH_HAP_XX,1090,unspecified,satisfaction,4,satisfaction,4,0.0822,0.4781,0.0298,0.4099
1090_ITH_NEU_XX,1090,unspecified,neutral,3,neutral,3,0.213,0.1759,0.0822,0.529
1090_ITH_SAD_XX,1090,unspecified,sadness,2,sadness,2,0.0004,0.0199,0.8471,0.1325
1090_ITS_ANG_XX,1090,unspecified,anger,0,anger,0,0.6793,0.261,0.003,0.0567
1090_ITS_DIS_XX,1090,unspecified,anger,0,satisfaction,4,0.0292,0.8367,0.0396,0.0945
1090_ITS_HAP_XX,1090,unspecified,satisfaction,4,satisfaction,4,0.0015,0.7419,0.1414,0.1151
1090_ITS_NEU_XX,1090,unspecified,neutral,3,neutral,3,0.016,0.3388,0.0523,0.5929
1090_ITS_SAD_XX,1090,unspecified,sadness,2,sadness,2,0.0002,0.0873,0.7893,0.1233
1090_IWL_ANG_XX,1090,unspecified,anger,0,anger,0,0.8666,0.1191,0.0012,0.0131
1090_IWL_DIS_XX,1090,unspecified,anger,0,satisfaction,4,0.2177,0.7149,0.0281,0.0394
1090_IWL_HAP_XX,1090,unspecified,satisfaction,4,satisfaction,4,0.031,0.5222,0.1514,0.2954
1090_IWL_NEU_XX,1090,unspecified,neutral,3,satisfaction,4,0.1083,0.4383,0.2402,0.2132
1090_IWL_SAD_XX,1090,unspecified,sadness,2,satisfaction,4,0.0074,0.4376,0.1815,0.3735
1090_IWW_ANG_XX,1090,unspecified,anger,0,anger,0,0.9955,0.0023,0.0001,0.0021
1090_IWW_DIS_XX,1090,unspecified,anger,0,anger,0,0.9896,0.0046,0.0004,0.0054
1090_IWW_HAP_XX,1090,unspecified,satisfaction,4,neutral,3,0.1835,0.2757,0.0489,0.4919
1090_IWW_NEU_XX,1090,unspecified,neutral,3,neutral,3,0.2276,0.188,0.1626,0.4218
1090_IWW_SAD_XX,1090,unspecified,sadness,2,neutral,3,0.0035,0.0524,0.3551,0.589
1090_MTI_ANG_XX,1090,unspecified,anger,0,anger,0,0.9721,0.0067,0.0013,0.0198
1090_MTI_DIS_XX,1090,unspecified,anger,0,sadness,2,0.0706,0.1212,0.7276,0.0806
1090_MTI_HAP_XX,1090,unspecified,satisfaction,4,neutral,3,0.1306,0.1543,0.065,0.6501
1090_MTI_NEU_XX,1090,unspecified,neutral,3,neutral,3,0.0237,0.0673,0.0852,0.8239
1090_MTI_SAD_XX,1090,unspecified,sadness,2,sadness,2,0.009,0.1195,0.5848,0.2867
1090_TAI_ANG_XX,1090,unspecified,anger,0,anger,0,0.9656,0.0309,0.0004,0.0032
1090_TAI_DIS_XX,1090,unspecified,anger,0,satisfaction,4,0.3384,0.6245,0.0163,0.0208
1090_TAI_HAP_XX,1090,unspecified,satisfaction,4,satisfaction,4,0.1513,0.7395,0.0388,0.0704
1090_TAI_NEU_XX,1090,unspecified,neutral,3,satisfaction,4,0.0784,0.5839,0.1499,0.1879
1090_TAI_SAD_XX,1090,unspecified,sadness,2,sadness,2,0.0082,0.3961,0.4154,0.1803
1090_TIE_ANG_XX,1090,unspecified,anger,0,anger,0,0.9992,0.0007,0.0,0.0001
1090_TIE_DIS_XX,1090,unspecified,anger,0,satisfaction,4,0.099,0.5417,0.1973,0.1619
1090_TIE_HAP_XX,1090,unspecified,satisfaction,4,satisfaction,4,0.328,0.555,0.0025,0.1145
1090_TIE_NEU_XX,1090,unspecified,neutral,3,sadness,2,0.0106,0.1377,0.704,0.1476
1090_TIE_SAD_XX,1090,unspecified,sadness,2,sadness,2,0.0003,0.1327,0.7767,0.0902
1090_TSI_ANG_XX,1090,unspecified,anger,0,anger,0,0.9297,0.0678,0.0,0.0025
1090_TSI_DIS_XX,1090,unspecified,anger,0,satisfaction,4,0.0102,0.8127,0.0828,0.0943
1090_TSI_HAP_XX,1090,unspecified,satisfaction,4,satisfaction,4,0.0558,0.9246,0.0059,0.0137
1090_TSI_NEU_XX,1090,unspecified,neutral,3,neutral,3,0.1073,0.4106,0.0301,0.4521
1090_TSI_SAD_XX,1090,unspecified,sadness,2,satisfaction,4,0.0016,0.627,0.3205,0.0509
1090_WSI_ANG_XX,1090,unspecified,anger,0,anger,0,0.8848,0.1023,0.0008,0.0121
1090_WSI_DIS_XX,1090,unspecified,anger,0,anger,0,0.3831,0.1813,0.0564,0.3792
1090_WSI_HAP_XX,1090,unspecified,satisfaction,4,neutral,3,0.2219,0.2263,0.012,0.5399
1090_WSI_NEU_XX,1090,unspecified,neutral,3,neutral,3,0.1327,0.0849,0.3183,0.4641
1090_WSI_SAD_XX,1090,unspecified,sadness,2,sadness,2,0.0003,0.039,0.8855,0.0752
1091_DFA_ANG_XX,1091,unspecified,anger,0,anger,0,0.9995,0.0005,0.0,0.0
1091_DFA_DIS_XX,1091,unspecified,anger,0,neutral,3,0.2541,0.1795,0.0377,0.5287
1091_DFA_HAP_XX,1091,unspecified,satisfaction,4,satisfaction,4,0.387,0.4458,0.0009,0.1664
1091_DFA_NEU_XX,1091,unspecified,neutral,3,anger,0,0.4989,0.0762,0.0247,0.4002
1091_DFA_SAD_XX,1091,unspecified,sadness,2,sadness,2,0.0328,0.3352,0.4069,0.2252
1091_IEO_ANG_HI,1091,high,anger,0,anger,0,0.9894,0.0106,0.0,0.0001
1091_IEO_ANG_LO,1091,low,anger,0,anger,0,0.9046,0.0686,0.0014,0.0255
1091_IEO_ANG_MD,1091,medium,anger,0,anger,0,0.6999,0.2702,0.0138,0.0161
1091_IEO_DIS_HI,1091,high,anger,0,anger,0,0.9642,0.035,0.0002,0.0006
1091_IEO_DIS_LO,1091,low,anger,0,sadness,2,0.011,0.4073,0.4948,0.0869
1091_IEO_DIS_MD,1091,medium,anger,0,anger,0,0.5381,0.4248,0.025,0.0122
1091_IEO_HAP_HI,1091,high,satisfaction,4,anger,0,0.9357,0.0592,0.0001,0.005
1091_IEO_HAP_LO,1091,low,satisfaction,4,satisfaction,4,0.0079,0.7569,0.0087,0.2265
1091_IEO_HAP_MD,1091,medium,satisfaction,4,satisfaction,4,0.0914,0.7552,0.0328,0.1205
1091_IEO_NEU_XX,1091,unspecified,neutral,3,satisfaction,4,0.0336,0.5777,0.0221,0.3666
1091_IEO_SAD_HI,1091,high,sadness,2,satisfaction,4,0.0112,0.4382,0.1449,0.4058
1091_IEO_SAD_LO,1091,low,sadness,2,sadness,2,0.0107,0.303,0.3731,0.3132
1091_IEO_SAD_MD,1091,medium,sadness,2,neutral,3,0.0358,0.3562,0.2253,0.3826
1091_IOM_ANG_XX,1091,unspecified,anger,0,anger,0,0.9962,0.0022,0.0001,0.0016
1091_IOM_DIS_XX,1091,unspecified,anger,0,neutral,3,0.1005,0.3745,0.1349,0.39
1091_IOM_HAP_XX,1091,unspecified,satisfaction,4,neutral,3,0.1616,0.3708,0.0734,0.3942
1091_IOM_NEU_XX,1091,unspecified,neutral,3,neutral,3,0.209,0.0866,0.0106,0.6937
1091_IOM_SAD_XX,1091,unspecified,sadness,2,neutral,3,0.0322,0.2299,0.1738,0.564
1091_ITH_ANG_XX,1091,unspecified,anger,0,anger,0,0.8968,0.0289,0.0042,0.0701
1091_ITH_DIS_XX,1091,unspecified,anger,0,satisfaction,4,0.0045,0.5342,0.2596,0.2017
1091_ITH_HAP_XX,1091,unspecified,satisfaction,4,satisfaction,4,0.0384,0.3932,0.35,0.2185
1091_ITH_NEU_XX,1091,unspecified,neutral,3,neutral,3,0.0217,0.3715,0.0491,0.5578
1091_ITH_SAD_XX,1091,unspecified,sadness,2,sadness,2,0.0016,0.2754,0.6265,0.0965
1091_ITS_ANG_XX,1091,unspecified,anger,0,anger,0,0.9222,0.0669,0.0016,0.0094
1091_ITS_DIS_XX,1091,unspecified,anger,0,satisfaction,4,0.0227,0.4003,0.3556,0.2213
1091_ITS_HAP_XX,1091,unspecified,satisfaction,4,satisfaction,4,0.0601,0.7532,0.0425,0.1442
1091_ITS_NEU_XX,1091,unspecified,neutral,3,neutral,3,0.0839,0.3319,0.0844,0.4998
1091_ITS_SAD_XX,1091,unspecified,sadness,2,sadness,2,0.0009,0.1988,0.6724,0.1279
1091_IWL_ANG_XX,1091,unspecified,anger,0,anger,0,0.5866,0.1563,0.0159,0.2412
1091_IWL_DIS_XX,1091,unspecified,anger,0,neutral,3,0.0327,0.3751,0.2153,0.3769
1091_IWL_HAP_XX,1091,unspecified,satisfaction,4,satisfaction,4,0.1264,0.6981,0.0055,0.1699
1091_IWL_NEU_XX,1091,unspecified,neutral,3,neutral,3,0.0082,0.4649,0.0173,0.5095
1091_IWL_SAD_XX,1091,unspecified,sadness,2,neutral,3,0.007,0.2008,0.3406,0.4516
1091_IWW_ANG_XX,1091,unspecified,anger,0,anger,0,0.9945,0.0028,0.0003,0.0024
1091_IWW_DIS_XX,1091,unspecified,anger,0,satisfaction,4,0.3854,0.4737,0.0431,0.0978
1091_IWW_HAP_XX,1091,unspecified,satisfaction,4,neutral,3,0.0698,0.4054,0.1135,0.4114
1091_IWW_NEU_XX,1091,unspecified,neutral,3,neutral,3,0.0518,0.3647,0.0938,0.4897
1091_IWW_SAD_XX,1091,unspecified,sadness,2,sadness,2,0.0664,0.0658,0.5816,0.2862
1091_MTI_ANG_XX,1091,unspecified,anger,0,anger,0,0.9154,0.0613,0.0034,0.02
1091_MTI_DIS_XX,1091,unspecified,anger,0,sadness,2,0.0802,0.2068,0.4381,0.2749
1091_MTI_HAP_XX,1091,unspecified,satisfaction,4,sadness,2,0.0954,0.2578,0.3617,0.2852
1091_MTI_NEU_XX,1091,unspecified,neutral,3,neutral,3,0.2633,0.1262,0.041,0.5696
1091_MTI_SAD_XX,1091,unspecified,sadness,2,sadness,2,0.0072,0.0157,0.7904,0.1867
1091_TAI_ANG_XX,1091,unspecified,anger,0,anger,0,0.9932,0.0048,0.0001,0.0019
1091_TAI_DIS_XX,1091,unspecified,anger,0,satisfaction,4,0.082,0.6798,0.1889,0.0494
1091_TAI_HAP_XX,1091,unspecified,satisfaction,4,sadness,2,0.2167,0.2961,0.3671,0.1202
1091_TAI_NEU_XX,1091,unspecified,neutral,3,neutral,3,0.2605,0.3149,0.0126,0.412
1091_TAI_SAD_XX,1091,unspecified,sadness,2,satisfaction,4,0.0625,0.3669,0.2982,0.2724
1091_TIE_ANG_XX,1091,unspecified,anger,0,anger,0,0.9996,0.0003,0.0,0.0001
1091_TIE_DIS_XX,1091,unspecified,anger,0,satisfaction,4,0.3994,0.4801,0.059,0.0615
1091_TIE_HAP_XX,1091,unspecified,satisfaction,4,anger,0,0.5436,0.2618,0.0307,0.1639
1091_TIE_NEU_XX,1091,unspecified,neutral,3,neutral,3,0.2917,0.1673,0.0322,0.5088
1091_TIE_SAD_XX,1091,unspecified,sadness,2,neutral,3,0.0191,0.1454,0.2682,0.5673
1091_TSI_ANG_XX,1091,unspecified,anger,0,anger,0,0.9808,0.0186,0.0,0.0005
1091_TSI_DIS_XX,1091,unspecified,anger,0,satisfaction,4,0.0824,0.7905,0.032,0.0951
1091_TSI_HAP_XX,1091,unspecified,satisfaction,4,satisfaction,4,0.2815,0.6545,0.021,0.0431
1091_TSI_NEU_XX,1091,unspecified,neutral,3,satisfaction,4,0.0548,0.7959,0.0213,0.128
1091_TSI_SAD_XX,1091,unspecified,sadness,2,satisfaction,4,0.0264,0.7495,0.0647,0.1595
1091_WSI_ANG_XX,1091,unspecified,anger,0,anger,0,0.9652,0.0217,0.0028,0.0103
1091_WSI_DIS_XX,1091,unspecified,anger,0,sadness,2,0.0843,0.1492,0.6149,0.1516
1091_WSI_HAP_XX,1091,unspecified,satisfaction,4,anger,0,0.6296,0.2132,0.0192,0.138
1091_WSI_NEU_XX,1091,unspecified,neutral,3,anger,0,0.3584,0.2166,0.0867,0.3383
1091_WSI_SAD_XX,1091,unspecified,sadness,2,neutral,3,0.0416,0.1326,0.4115,0.4143
