condition,dataset,n,weighted_f1,macro_f1,frust_recall,anger_recall,sad_recall,neut_recall,satis_recall
meld_only,meld_test,2329,0.6062106190340866,0.4584365121577008,0.26,0.5205811138014528,0.3269230769230769,0.6409235668789809,0.7014925373134329
meld_only,synth_test,1928,0.46555827022837637,0.5014331670273678,0.0035587188612099642,0.7572383073496659,0.5504087193460491,0.6854838709677419,0.9929577464788732
synth_only,meld_test,2329,0.39344307315436944,0.2969763831417479,0.44,0.4358353510895884,0.27403846153846156,0.32245222929936307,0.19651741293532338
synth_only,synth_test,1928,0.8371229461923257,0.8723426520410197,0.6530249110320284,0.7616926503340757,0.9727520435967303,1.0,1.0
combined,meld_test,2329,0.6536668905499038,0.4873183688094871,0.18,0.5544794188861986,0.3269230769230769,0.8081210191082803,0.527363184079602
combined,synth_test,1928,0.823640107353063,0.8624567939428947,0.5587188612099644,0.8507795100222717,0.9482288828337875,0.9919354838709677,1.0
combined_cw,meld_test,2329,0.6634765923978003,0.463387061061631,0.0,0.4552058111380145,0.375,0.8144904458598726,0.6791044776119403
combined_cw,synth_test,1928,0.791794249305078,0.8260120888946272,0.7758007117437722,0.46993318485523383,0.9618528610354223,0.9032258064516129,1.0
