strategy,accuracy,weighted_f1,macro_f1,frust_recall,frust_f1
score_fusion (MLP),0.6573636753971661,0.6474279804772783,0.4729731123332801,0.14,0.14736842105263157
late_fusion (avg),0.669815371404036,0.659804829757669,0.48215461388780956,0.14,0.14893617021276595
decision_fusion (vote),0.6380420781451267,0.6311200353477909,0.4532562440028033,0.12,0.13636363636363635
